skin,replicate,hr,co_lmin,channel,CT,APG b/a,Ts/Td,RI,FWHM,IPA,AI,AGI,AUC,AUCsys,AUCdia,Tpw25/Tpi,Tpw75/Tpi,Tpw25/Tsp,Tpw50/Tsp,Tpw75/Tsp,Tdw10/Tsw10,Tdw25/Tsw25,Tdw33/Tsw33,Tdw50/Tsw50,Tdw66/Tsw66,Tdw75/Tsw75,Tdw90/Tsw90,Tsp/Tpi,Asp/Aoff,Tsp/Asp,Asp/deltaT,Asp/(Tpi-Tsp),Tu/Tpi,Tv/Tpi,Tw/Tpi,Ta/Tpi,Tb/Tpi,Tc/Tpi,Td/Tpi,Te/Tpi,Tf/Tpi,(Tu-Ta)/Tpi,(Tv-Tb)/Tpi,Au/Asp,Av/Au,Aw/Au,Ac/Aa,Ad/Aa,Ae/Aa,Af/Aa,Ap2/Ap1,(Ac-Ab)/Aa,(Ad-Ab)/Aa,AGImod,AGIinf,RIp1,RIp2,SC,IPAD,Tb-c/Tpi,Tb-d/Tpi,Tp1-dp/Tpi,Tp2-dp/Tpi
D,1,60,5,Reflectance GREEN,0.21000000000000796,-1.555364936605399,0.75,0.4166632281119674,0.20655042891224906,1.1255106698754969,-0.4141803202606604,-1.2311106263797993,4.981507214156174,2.499148727398336,2.48264575405383,0.5879396984924646,0.12999999999999545,2.785714285714663,0.9999999999998647,0.6190476190475739,4.258064516128979,3.67999999999995,3.521739130434514,1.210526315789946,1.133333333333207,1.0833333333332544,1.0000000000007105,0.21000000000000796,9.215625628453786,49.43697600566514,0.015779247950249615,0.0053855865704951315,0.125,0.27638190954773745,0.42,0.055,0.19597989949748654,0.2613065326633154,0.2613065326633154,0.33165829145730386,0.4623115577889492,0.07035175879396952,0.08000000000000002,0.03706313195649448,-0.70861591050975,0.06615234555010271,-0.5592221926914063,-0.5592221926914063,0.799554659749494,-0.1490038569259874,0.5186443122818003,0.9949444001604437,0.9949444001604437,-0.4344300942881386,-2.3562526537420716,0.8423176388105386,0.8423176388105386,-4.3780373984079075e-05,0.5627134160648146,0.065,0.065,0.22,0.09547738693467293
D,1,60,5,Reflectance IR,0.21000000000000796,-1.5395339022623489,0.7499999999999934,0.4189224263149558,0.21000000000000796,1.0182115220850751,-0.3485967781989744,-1.2073441996465166,5.134444022885068,2.5509257873973814,2.5891825254448086,0.5900000000000034,0.129999999999999,2.809523809523719,1.0,0.6190476190475739,4.258064516129943,3.7199999999998,3.5217391304347316,1.210526315789946,1.1333333333333018,1.0833333333336244,1.000000000000533,0.21000000000000796,3.1913732167358235,1.6336048727360377,0.4768749699131606,0.16287459834727266,0.12060301507537718,0.27638190954773745,0.42,0.05025125628140713,0.19597989949748654,0.2613065326633154,0.2613065326633154,0.3316582914572944,0.4623115577889426,0.07035175879396952,0.08040201005025091,0.031294606157385274,-0.7021115778750775,0.0652699145238387,-0.5562125195783487,-0.5562125195783487,0.7880540164638989,-0.1440960665249878,0.6051552337879192,0.9781376235427186,0.9781376235427186,-0.4239537233368664,-2.3271089219033643,0.5965995153265873,0.5965995153265873,-0.003229653948034357,0.45556238956720935,0.065,0.065,0.22,0.09547738693467293
D,1,60,5,Reflectance RED,0.21000000000000796,-1.5371762606984418,0.7499999999999934,0.4209932897835937,0.21000000000000796,1.0927445359540833,-0.31220728689995325,-1.191736035872556,5.624417892935663,2.689414190990049,2.9300541484253246,0.5900000000000318,0.13000000000000966,2.8095238095239092,1.0,0.6190476190476215,4.290322580645078,3.719999999999999,3.5217391304348404,1.210526315789946,1.133333333333409,1.1666666666665089,1.0000000000007105,0.21000000000000796,2.1620343043689494,4.748760206460497,0.1643877372273267,0.05602393687690836,0.1206030150753769,0.27638190954773745,0.42,0.050251256281407045,0.19597989949748654,0.2613065326633154,0.2613065326633154,0.3316582914572873,0.4623115577889426,0.07035175879396952,0.08040201005025091,0.02807664902999716,-0.698780173583918,0.06284991999261749,-0.5598091944692312,-0.5598091944692312,0.7822483218747727,-0.14184366438624757,0.6519339812768832,0.9708342784167974,0.9708342784167974,-0.41153191665666944,-2.3187024576682855,0.49244989126130434,0.49244989126130434,0.0075850506990609015,0.5386499962392257,0.065,0.065,0.21804020100503074,0.095
D,1,60,5,Transmittance IR,0.20999999999999375,-1.461382667553436,0.75,0.43492145586248976,0.2150000000000034,0.27236773450357177,-0.6489535541799698,-1.1734798666408874,1.0793940903766268,1.4358828646528439,-0.3650896820899392,0.6030150753768759,0.13065326633165716,2.857142857143244,1.0238095238095706,0.6341463414634324,4.322580645161361,3.7600000000001614,3.6086956521739144,1.263157894736905,1.1333333333334028,1.1666666666665089,1.0000000000003553,0.20999999999999375,-3.2068287336551013,4.290947230149065,0.18103039460720355,0.061924871901459455,0.12060301507537632,0.27638190954773745,0.42211055276381715,0.05,0.19597989949748654,0.2613065326633154,0.2613065326633154,0.3366834170854256,0.465,0.07035175879396952,0.08040201005025091,0.05940050977884011,-0.682516348294224,0.06852036425172772,-0.5203246783702282,-0.5203246783702282,0.7511238206707618,-0.14886092022103425,0.16852417974876055,0.9409571349268897,0.9409571349268897,-0.41941081938101865,-2.2132727289199705,4.799773846132118,4.799773846132118,-0.00021271533309505418,-0.2701652714752369,0.06532663316582885,0.06532663316582885,0.22,0.095
D,1,60,5,Transmittance RED,0.20999999999997954,-1.4133488352000039,0.7500000000000548,0.4472690054076215,0.21999999999999886,1.3830905581831257,-0.6332278143914069,-1.1634374948266681,6.7241780819914965,2.9714333157360224,3.740828349116316,0.6091370558375653,0.1349999999999909,2.904761904762253,1.047619047619038,0.6428571428571308,4.3548387096769705,3.759999999999991,3.652173913043328,1.3157894736842262,1.1333333333339901,1.076923076923447,1.0000000000003553,0.20999999999997954,-3.2063376186625256,101.46755332644139,0.007609362985297528,0.0026051307613381867,0.12,0.27638190954773745,0.42211055276381715,0.045226130653266125,0.195,0.2613065326633154,0.2613065326633154,0.3366834170854256,0.465,0.07035175879397054,0.08500000000000002,0.05915408041640745,-0.6685862141961869,0.07151870516496715,-0.49372563519214663,-0.49372563519214663,0.728842875870968,-0.16490154292668321,0.19034409025980265,0.9227025022558618,0.9227025022558618,-0.4294884117911641,-2.1409520219099702,4.427646131330066,4.427646131330066,-8.707181958314701e-06,0.8839922114311639,0.0694793359933003,0.0694793359933003,0.2194527363184084,0.09
D,1,60,6,Reflectance GREEN,0.2160804020100485,-1.3400361408486752,0.771739130434775,0.3963945405342093,0.2814070351758792,1.1730200479860824,-0.47256217417786395,-0.3916237784725043,4.494720581751599,2.2690081075300474,2.129737556904767,0.6331658291457212,0.15000000000000568,2.9302325581394673,1.3023255813953334,0.6976744186046495,4.093750000000094,3.807692307692476,3.6249999999998814,1.850000000000128,1.375000000000444,1.3076923076922573,1.1250000000000666,0.2160804020100485,-5.347972211430861,39.32998241688814,0.016835193060312375,0.006999705940366048,0.12060301507537675,0.28,0.42,0.05025125628140701,0.19095477386934587,0.25125628140703404,0.25125628140703404,0.3266331658291466,0.42,0.07035175879396952,0.09000000000000002,0.04942724071773645,-0.5054822026682066,-0.15717353793920452,-0.658448823845273,-0.658448823845273,0.37019412642471944,0.0817714324500731,0.49075896800521235,0.6801627684737612,0.6801627684737612,-0.021484661894083244,-1.711157309520524,1.0675682397077928,1.0675682397077928,-2.3976036865652067e-05,0.5384594329468672,0.06,0.06,0.29145728643215946,0.1758793969849238
D,1,60,6,Reflectance IR,0.21608040201003745,-1.3509062040346174,0.7692307692308096,0.38894135954497366,0.2750000000000341,1.0495765096653942,-0.34419656044070146,-0.4008571301649194,4.611834887880908,2.2622125919513283,2.348833347732735,0.6281407035175851,0.14999999999999858,2.9069767441860006,1.2790697674418665,0.6976744186046004,4.062500000000123,3.807692307692476,3.5833333333332544,1.8421052631577433,1.3999999999995452,1.3076923076920386,1.1250000000000666,0.21608040201003745,7.310376537621145,1.4275003795974457,0.46332991124765943,0.19243821188878002,0.12060301507537804,0.28,0.42,0.05025125628140752,0.19095477386934653,0.25125628140703404,0.25125628140703404,0.3266331658291466,0.42,0.07035175879396952,0.08542713567839402,0.03539281561925703,-0.5139293383906487,-0.1538686589804511,-0.6622455098656191,-0.6622455098656191,0.37923812674476476,0.0861179599100087,0.6359811315152009,0.6874799930366277,0.6874799930366277,-0.02491546758829309,-1.7295366221997435,0.5679487618333317,0.5679487618333317,-0.0013287820657321018,0.3866715068501645,0.06030150753768816,0.06030150753768816,0.29,0.1758793969849238
D,1,60,6,Reflectance RED,0.21608040201004988,-1.3397414178554508,0.7692307692307856,0.395893353794239,0.2814070351758792,1.1095215401325744,-0.31901068186817305,-0.3841634459322413,4.925579258777649,2.3347042239801703,2.590061100885017,0.6331658291457212,0.15075376884419756,2.9302325581394673,1.3023255813953334,0.6976744186046565,4.0937499999999964,3.8461538461537703,3.6249999999998814,1.850000000000128,1.375000000000444,1.3076923076922573,1.1250000000000666,0.21608040201004988,4.838866484963753,4.241426964816067,0.15611282657386377,0.06486678376890778,0.1206030150753769,0.28,0.42,0.05025125628140681,0.19095477386934587,0.25125628140703404,0.25125628140703404,0.3266331658291489,0.42,0.07035175879396952,0.09000000000000002,0.03327318673962655,-0.5052823772463203,-0.15633365817529093,-0.6618498199525005,-0.6618498199525005,0.3674566270764106,0.08651603751059042,0.664580200903983,0.6799551205161414,0.6799551205161414,-0.021508933487983918,-1.707520390346759,0.5185262319966923,0.5185262319966923,-0.0005532936133730408,0.45564787886257774,0.06030150753768816,0.06030150753768816,0.29145728643215946,0.1758793969849238
D,1,60,6,Transmittance IR,0.21500000000003183,-1.275356538499903,0.7802197802197725,0.4044920530611173,0.28643216080404393,0.017044535830162365,-0.5989344249923264,-0.34020032525136473,0.8423905237035243,1.3796849498025399,-0.5341354977110238,0.6400000000000432,0.15500000000000114,2.976744186046467,1.3488372093022671,0.7209302325581288,4.125000000000067,3.8846153846151807,3.708333333333136,1.9000000000000692,1.375000000000444,1.3076923076923666,1.2499999999982236,0.21500000000003183,-2.841435812229126,3.342377402260797,0.19630373776524107,0.08212801900099445,0.12,0.2814070351758781,0.42211055276381715,0.05,0.19,0.25,0.25,0.33,0.42211055276381715,0.07035175879396952,0.09045226130653228,0.06187522673542099,-0.49106279351627014,-0.1529456215933936,-0.6349605269807961,-0.6349605269807961,0.33870704230726967,0.09018688489893074,0.3498536760057175,0.6388790577971373,0.6388790577971373,-0.004024411411350077,-1.614710739307899,1.9463888275029901,1.9463888275029901,-0.00021223516699486462,-0.6191196912234824,0.06030150753768816,0.06030150753768816,0.2914572864321615,0.1758793969849238
D,1,60,6,Transmittance RED,0.21500000000003183,-1.2188928534922612,0.8620507399577166,0.426906982372457,0.30348258706466846,1.0964696015365796,-0.5696507970419906,-0.3369767063258059,8.17905281978248,3.489335027199507,4.117408850568669,0.6550000000000296,0.15920398009949982,3.0465116279069338,1.4090909090909267,0.7380952380952155,4.156250000000128,3.8888888888889825,3.7499999999998224,2.0000000000004263,1.499999999999467,1.3076923076924758,1.1250000000006217,0.21500000000003183,-2.7980101707717413,88.69636731803794,0.007267185128494469,0.0031004339794988,0.12,0.2814070351758781,0.42929292929292534,0.045226130653266125,0.18592964824120717,0.25125628140703404,0.25125628140703404,0.335,0.43216080402009854,0.07035175879396953,0.09499999999999997,0.06226363686849344,-0.466530286424935,-0.13203533291449654,-0.6104578868964712,-0.6104578868964712,0.3158874594592964,0.010910350242316149,0.37668743533126575,0.6262807449301185,0.6262807449301185,-0.014642630414262794,-1.534314064092816,1.9386699949581234,1.9386699949581234,-7.689275863171916e-06,0.6506386798378079,0.06045378407187583,0.06045378407187583,0.3,0.1809045226130645
D,1,60,7,Reflectance GREEN,0.22999999999998977,-1.0321911586438568,1.0666666666666667,0.44684798887885213,0.37688442211055107,0.5800065439914679,-0.19054331162852928,-1.1017552229884018,4.082867508067573,2.9146192195268834,1.1562769695594861,0.6834170854271394,0.2211055276381888,2.97826086956536,1.6521739130433277,0.9565217391304778,3.8285714285712706,3.6896551724135094,3.37037037036977,2.3636363636363455,1.9999999999998421,1.8125000000001332,1.4999999999994316,0.22999999999998977,-5.312402222174178,30.652945563468524,0.023193444016579,0.009687278039135244,0.11557788944723565,0.39,0.545,0.045,0.1809045226130645,0.31,0.35,0.46,0.5778894472361782,0.07035175879397054,0.21000000000000002,0.04738503898818771,-0.3202279552637749,-0.10384126601038138,-0.05000969037795304,-0.07994293241942883,0.20232921422526273,-0.03051560176423193,0.8093700541154518,0.9812221998665045,0.9511194201542483,-0.9014901244583233,-1.233983147586366,0.6808295889057729,0.6808295889057729,-1.797213980926927e-05,0.5030895411400061,0.1256281407035179,0.16999999999999998,0.32,0.22110552763818994
D,1,60,7,Reflectance IR,0.22613065326635348,-1.0202065242388692,1.0555555555555556,0.45008126351507494,0.37999999999999545,0.45678644140612346,-0.14854927412438526,-1.0809554392646028,4.420750196871888,3.042625131794328,1.3773551687675927,0.6884422110552542,0.22110552763819197,3.0222222222222177,1.6666666666666694,0.9777777777777974,3.8285714285715007,3.724137931034165,3.37037037037069,2.4090909090909265,2.0,1.8125000000004885,1.4999999999994316,0.22613065326635348,-296.7569726824416,1.2311093875061674,0.5718692033389388,0.23808397668115047,0.11557788944723565,0.39,0.545,0.045,0.18,0.3065326633165815,0.3467336683417218,0.4572864321608085,0.5778894472361782,0.07035175879396985,0.21000000000000002,0.03868573540781227,-0.3192133945448581,-0.10485517307556087,-0.05529696603321957,-0.08211402329124683,0.19900022453079075,-0.026006326683138497,0.8514414997974968,0.9647539959054696,0.9365355099003211,-0.8810548481606226,-1.2197558860668054,0.5304935726333521,0.5304935726333521,-0.0005957645540375592,0.38157498460169903,0.12562814070351747,0.16999999999999998,0.32,0.225
D,1,60,7,Reflectance RED,0.22999999999998977,-1.022428964355306,1.0555555555555782,0.451059757692321,0.3800000000000239,0.5237889606284684,-0.137980388675368,-1.0803297484133574,4.798762119805533,3.161630726600298,1.6359848032525783,0.6884422110552469,0.22110552763819197,2.9999999999997526,1.666666666666656,0.9777777777777974,3.828571428571408,3.6896551724142324,3.37037037037069,2.4090909090904864,2.0,1.8125000000004885,1.4999999999994316,0.22999999999998977,15.714442037444865,3.3958837565309117,0.21096433422591032,0.0877533092651093,0.11557788944723565,0.39,0.545,0.045,0.1809045226130645,0.3065326633165815,0.34673366834171065,0.4572864321608048,0.5778894472361782,0.07035175879396999,0.21000000000000002,0.036181580119201015,-0.3197740926144118,-0.10571589376604167,-0.05711899600245871,-0.08234469090670346,0.1986218485599057,-0.0257665122379059,0.862011954889191,0.9649261132534408,0.9378678150974239,-0.8802403105911656,-1.2209090992400096,0.492536515084687,0.492536515084687,-0.0002525450127234913,0.4487648298046472,0.1256281407035179,0.1658291457286519,0.32,0.225
D,1,60,7,Transmittance IR,0.22613065326632492,-0.9618897077984585,1.0666666666666667,0.4772104401293495,0.410000000000025,-0.226564162514445,-0.22533815068987045,-0.9908639615233114,1.0019142177281481,1.9846981750139288,-1.0064361735601528,0.7085427135678343,0.23499999999999943,3.133333333333405,1.8222222222221955,1.0444444444443994,3.914285714285473,3.7333333333339143,3.59259259259271,2.565217391304477,2.052631578947321,1.9374999999997113,1.599999999999318,0.22613065326632492,-2.3285665161388165,6.666449062449337,0.10446932246286816,0.04374658797777206,0.11055276381909497,0.3919597989949731,0.545,0.04,0.175,0.3,0.34673366834170694,0.46,0.58,0.07035175879396953,0.22000000000000003,0.06817184097015813,-0.30289024313138835,-0.10225262756611705,-0.05909015268754733,-0.09118870210382257,0.1795631826245194,-0.028250633986478303,0.7745987502327321,0.9027639275300026,0.8708430236042735,-0.8109061667907747,-1.1411261610944794,1.0799067079691707,1.0799067079691707,-5.51591028449921e-05,-0.31093481146361607,0.12562814070351702,0.175,0.32663316582914426,0.22613065326633708
D,1,60,7,Transmittance RED,0.22807458410815937,-0.9351322734125822,1.1348314606741587,0.48876324912443864,0.43283582089552664,0.9875115405662636,-0.20598014481656507,-1.0411280518178438,9.400986057179463,4.781792393960478,4.535945281021284,0.7220867208671742,0.24061085972851554,3.137949260042019,1.8976975405546486,1.04444444444446,3.861111111111023,3.7906250000000026,3.6428571428569625,2.7709790209790954,2.0999999999996857,1.937499999999753,1.4545454545459067,0.22807458410815937,-2.4792279563325175,226.4910261354666,0.0029665989867775563,0.0013056412075887385,0.10945273631840827,0.39,0.5323383084577139,0.03491293532338317,0.17085427135678316,0.29039791725158826,0.3526373235861485,0.46733668341708334,0.5714285714285661,0.0710659898477163,0.21608040201004927,0.06573196612499577,-0.3456389150385325,-0.03942768442364507,-0.0004430646031468084,-0.23483559881786525,0.29943181816035663,-0.21929837986047132,0.792668852375399,0.9160401238134842,0.7134323286239409,-0.7515890202968731,-1.2280293804269087,1.0799133090163147,1.0799133090163147,-1.652753696777753e-06,0.6720891586451601,0.11392551172215698,0.175,0.3435897435897406,0.22842639593908315
D,1,90,5,Reflectance GREEN,0.24626865671642661,-1.611000060723492,1.1960784313726076,0.3773642706531587,0.23134328358209066,1.0436435295608515,-0.37429902793198677,-1.473986262658825,7.470375747999558,3.6805702654410744,3.7667660793178595,0.39097744360901354,0.14925373134328307,1.5937500000000056,0.9393939393939107,0.6060606060605963,3.5833333333349517,1.600000000000796,3.210526315789584,1.0666666666668057,1.0,1.0,1.0,0.24626865671642661,2.3812445203512143,63.898359803355206,0.010407920153338811,0.005119847727530718,0.14285714285713846,0.3308270676691698,0.514925373134327,0.052631578947369057,0.2330827067669151,0.3157894736842008,0.3157894736842008,0.4060150375940072,0.5789473684210472,0.08955223880596992,0.09701492537313615,0.03604963281915887,-0.8326913350180082,0.1880080954217649,-0.5481091808536561,-0.5481091808536561,0.9738467079766244,-0.2721382931953068,0.5598825265124054,1.0590155383840758,1.0590155383840758,-0.5116643172398064,-2.5854982202332906,0.5586051538907607,0.5586051538907607,-0.0004023568850988262,0.4634175073705838,0.0820895522388075,0.0820895522388075,0.3007518796992517,0.14179104477611904
D,1,90,5,Reflectance IR,0.24626865671641862,-1.6054163588554178,1.1960784313727195,0.37672076451399433,0.23134328358209066,0.9279790431852882,-0.3044402374549293,-1.4735645652715845,6.450891552243286,3.363989238727348,3.093832749101743,0.3731343283582159,0.14925373134328532,1.5151515151518493,0.9393939393939107,0.6060606060606009,3.666666666666509,1.500000000000142,3.263157894737881,1.0666666666668057,1.0000000000000593,1.0000000000000089,1.0,0.24626865671641862,1.3329586192300311,2.1012042326371,0.31546814300928866,0.15563509178556523,0.14179104477612806,0.33082706766916276,0.514925373134327,0.052631578947369057,0.23308270676691012,0.31343283582091463,0.31343283582091463,0.4060150375939898,0.5789473684210348,0.08955223880597017,0.09701492537313615,0.029320171719281057,-0.8301920546280233,0.18516784445176823,-0.5459445589947989,-0.5459445589947989,0.9653321829776543,-0.2648500010058842,0.6533983014505667,1.0601313562806007,1.0601313562806007,-0.513208156666664,-2.5703767804357156,0.3749501788458525,0.3749501788458525,0.0015293096685861233,0.39558154157701675,0.0820895522388075,0.0820895522388075,0.3007518796992517,0.14179104477612206
D,1,90,5,Reflectance RED,0.24626865671642661,-1.6016717559812612,1.1960784313727195,0.3791074392651035,0.23134328358209558,0.9638894873295005,-0.2672098446808025,-1.4673573126795103,6.9003106508682714,3.520382277376574,3.391151477941053,0.6917293233082729,0.14925373134329592,2.7878787878789706,0.9393939393939403,0.6060606060606009,3.6249999999998814,3.600000000000199,3.2105263157905446,1.0666666666667992,1.0000000000000593,1.0,1.0,0.24626865671642661,1.0192282393842105,6.045430986262161,0.1098461232310644,0.05415724107419322,0.14285714285713846,0.3308270676691698,0.514925373134327,0.052631578947369057,0.23308270676691012,0.3157894736842008,0.3157894736842008,0.4060150375939898,0.5789473684210472,0.08955223880597017,0.09701492537313615,0.025837818905667526,-0.8263322777178648,0.18252335575872186,-0.5465619016146992,-0.5465619016146992,0.9607559784284327,-0.2636474861774513,0.7007728148018186,1.0580244576742799,1.0580244576742799,-0.5092057534586394,-2.562160745874187,0.3056951276750479,0.3056951276750479,0.00029699815861580694,0.41352940134533167,0.0820895522388075,0.0820895522388075,0.30075187969924855,0.14179104477612206
D,1,90,5,Transmittance IR,0.24626865671642661,-1.5902529398096215,1.2156862745097279,0.38500542331828636,0.23134328358209558,0.7315129734331233,-0.7319515819315823,-1.447650461573563,2.660402900090389,2.010721583898941,0.6496813161914479,0.6992481203007398,0.14925373134329592,2.8181818181819747,0.9393939393939511,0.6060606060606009,3.5599999999999454,3.6500000000002273,3.315789473683234,1.0666666666667992,1.0,1.0,1.0,0.24626865671642661,-3.5535756594686982,4.5955049183953625,0.14404017007036132,0.07128408745079645,0.14179104477612206,0.3308270676691729,0.514925373134327,0.05263157894736793,0.23308270676691012,0.3157894736842008,0.3157894736842008,0.41044776119402016,0.5789473684210595,0.08955223880597087,0.09701492537313615,0.0710892613559009,-0.8232068770022251,0.1860666443729716,-0.546371493884325,-0.546371493884325,0.9539107555236831,-0.26657740727028895,-0.03647053518769206,1.0446545264724338,1.0446545264724338,-0.4987607576158089,-2.543743577169151,-20.757545727819316,-20.757545727819316,-0.00027774322153329784,0.20027399985575545,0.0820895522388075,0.0820895522388075,0.30597014925372407,0.14179104477612206
D,1,90,5,Transmittance RED,0.2462686567164426,-1.5830336065355366,1.2156862745098043,0.3916522689748804,0.2330827067669168,1.1090189653338878,-0.7301635272937383,-1.4489697122756517,7.961795418902316,3.8801764359376905,4.073337623125136,0.7014925373134293,0.14925373134331396,2.8437500000004663,0.9393939393939916,0.6060606060606009,3.5600000000000023,3.6500000000002983,3.263157894736905,1.066666666666995,1.0000000000001183,1.000000000000142,1.0,0.2462686567164426,-3.5080460099482855,97.75069581638238,0.006769357156386642,0.0033520158837102264,0.14179104477612206,0.3308270676691769,0.514925373134338,0.05223880597015024,0.2330827067669151,0.31578947368420757,0.31578947368420757,0.41044776119402016,0.5820895522388045,0.08955223880597182,0.09774436090225264,0.07121379048007866,-0.8165717427587046,0.18671432060644239,-0.5395576853568598,-0.5395576853568598,0.9474616828501877,-0.2699438301506021,-0.03152037045835788,1.0429161928863908,1.0429161928863908,-0.49910527340186245,-2.5286672781380406,-23.1010046871616,-23.1010046871616,-1.2827457926014698e-05,0.5923764570808469,0.0820895522388075,0.0820895522388075,0.30597014925372407,0.14179104477612206
D,1,90,6,Reflectance GREEN,0.2556390977443133,-1.4438539966601254,1.240740740740712,0.3335000336482199,0.25563909774436105,0.8332578293268732,-0.44680380339209647,-1.0389259331847258,6.798985800093453,3.8238893394239786,2.976883384454956,0.6716417910447786,0.1641791044776111,2.6285714285714357,1.0,0.6470588235293724,3.3846153846153886,3.2380952380955863,2.1052631578949415,1.187500000000011,1.1666666666665089,1.0999999999998864,1.1666666666665089,0.2556390977443133,5.835920910308018,45.399995049932365,0.016540158706302453,0.007535997700827836,0.14179104477612206,0.3432835820895514,0.5338345864661718,0.05223880597014802,0.23880597014925312,0.32089552238805963,0.32089552238805963,0.4179104477612019,0.5895522388060062,0.09701492537313408,0.1044776119403049,0.04167534174460881,-0.7307646219941064,0.04659011964370731,-0.5642643203269183,-0.5642643203269183,0.7221386099005171,-0.14868678094264637,0.4817901889856809,0.8812188145894786,0.8812188145894786,-0.3172198666591762,-2.1653247121111767,0.6841979486081575,0.6841979486081575,-6.224159317360488e-05,0.26470823162248536,0.08270676691729067,0.08270676691729067,0.27611940298506804,0.10526315789473362
D,1,90,6,Reflectance IR,0.2537313432835998,-1.435283865884249,1.2407407407407332,0.33401122115071474,0.2556390977443571,0.6930411380989692,-0.3607049696845517,-1.036975950529869,5.721634961344249,3.41334691132773,2.3083093893556015,0.6716417910447786,0.16417910447761222,2.6470588235292642,1.0,0.6470588235293724,3.3846153846154206,3.2380952380967334,2.2499999999999822,1.1875000000000069,1.1666666666665089,1.0999999999998864,1.1666666666665089,0.2537313432835998,2.244108756415715,1.6302768781976942,0.46212595894682074,0.20986890377359269,0.14179104477612206,0.34328358208955206,0.5338345864661718,0.045112781954889686,0.23880597014925312,0.32089552238805974,0.32089552238805974,0.4179104477612019,0.5895522388059812,0.09701492537313408,0.10447761194030047,0.03376130288170394,-0.7298574906378367,0.04790357925349724,-0.5582880206573497,-0.5582880206573497,0.7187003864925103,-0.1502299881431521,0.5936012950151842,0.8807225731329701,0.8807225731329701,-0.3238866654621101,-2.154780696265042,0.4386742570817183,0.4386742570817183,-0.02024898583139196,0.13788046412848665,0.0820895522388075,0.0820895522388075,0.27611940298506804,0.10526315789473362
D,1,90,6,Reflectance RED,0.2556390977443133,-1.4310777680565347,1.2407407407406679,0.33603008469185297,0.2611940298507257,0.7327239591298965,-0.32457835564609216,-1.022737443686527,6.1580775300722586,3.5878492231785337,2.5809398890171833,0.6716417910448002,0.16417910447761416,2.647058823529381,1.0000000000003344,0.6470588235294019,3.3846153846153006,3.2857142857137056,2.1578947368421133,1.187500000000011,1.1666666666665089,1.0999999999998864,1.1666666666665089,0.2556390977443133,1.6615373116617513,4.60385105436352,0.16398249242724106,0.07428449081376376,0.14179104477612206,0.3432835820895514,0.5338345864661718,0.04511278195488776,0.23880597014924806,0.3208955223880589,0.3208955223880589,0.4179104477612019,0.5895522388059812,0.09701492537313408,0.10447761194030047,0.03043121823677506,-0.7259961211601563,0.04471978967211024,-0.5598661121055306,-0.5598661121055306,0.7132251265028978,-0.1482802274322487,0.6393317122875115,0.8737557308601123,0.8737557308601123,-0.31371800905451197,-2.1454140554754275,0.36458334757439115,0.36458334757439115,0.0012997490275819393,0.17540129117546543,0.0820895522388075,0.0820895522388075,0.2706766917293265,0.10447761194030047
D,1,90,6,Transmittance IR,0.2556390977443133,-1.395934602723583,1.2592592592591851,0.3458647959617703,0.261194029850757,0.518893364527542,-0.7641910135978521,-0.9995754491146663,2.0490062073262636,2.0118946960306463,0.024663332953394512,0.6865671641791292,0.1641791044776284,2.705882352941137,1.0294117647058554,0.6470588235294019,3.3846153846154854,3.333333333333875,1.8947368421052475,1.187500000000011,1.076923076923447,1.090909090908997,1.000000000001624,0.2556390977443133,-3.0888234115645337,4.292351372519579,0.1727262340049375,0.0796619771292353,0.14179104477612206,0.34328358208955867,0.5373134328358196,0.04477611940298591,0.23880597014924806,0.32089552238805974,0.32089552238805974,0.42105263157894346,0.5970149253731328,0.09701492537313434,0.1044776119403049,0.07187987373946479,-0.7150992751312184,0.04826949481820153,-0.5495165817024258,-0.5495165817024258,0.6918430853309254,-0.15145925614506364,0.006105702032240521,0.8588321798010976,0.8588321798010976,-0.3108259386702458,-2.088533576156454,89.85898320387072,89.85898320387072,-0.00023747840557729032,-0.04453089087973805,0.0820895522388075,0.0820895522388075,0.27611940298507465,0.10447761194030047
D,1,90,6,Transmittance RED,0.2556390977443452,-1.3686873315075727,1.254545454545382,0.3544819596191312,0.2631578947368511,0.9565223739593658,-0.7499675436479658,-0.9766861795976128,8.681378221376871,4.518620179513639,4.18222890948964,0.6992481203007355,0.16541353383458404,2.7352941176468226,1.0294117647058763,0.6470588235294314,3.3846153846154854,3.3333333333347768,2.649999999999261,1.1875000000005773,1.1538461538460194,1.090909090909138,1.000000000000812,0.2556390977443452,-3.1415597231364125,103.44915584896948,0.007191752828467401,0.0033108541016899804,0.14179104477611978,0.34328358208955867,0.5373134328358196,0.04477611940298591,0.23308270676692008,0.3208955223880595,0.3208955223880595,0.42105263157895245,0.5970149253731455,0.09701492537313615,0.1111111111111139,0.07122733287728189,-0.7079482167337872,0.05067416012844451,-0.5357851572021909,-0.5357851572021909,0.6799397752478973,-0.1601935779092281,0.029050871241499337,0.8349942150497826,0.8349942150497826,-0.30142935797953074,-2.045245169284774,19.22430665763667,19.22430665763667,-9.78354161476347e-06,0.41573560254365594,0.08270676691729421,0.08270676691729421,0.2761194029850739,0.10447761194029825
D,1,90,7,Reflectance GREEN,0.26119402985069434,-1.3265911437331448,1.0161290322580756,0.36130543030757295,0.2835820895522407,0.8492075823952727,-0.45128853538758373,-0.6652587156623874,6.404623447482941,3.5549824006377753,2.8452476851467816,0.5820895522387964,0.1716417910447929,2.2352941176471965,1.0882352941176505,0.6764705882352302,3.346153846153981,2.5454545454548976,2.1500000000001562,1.374999999999778,1.1538461538464566,1.090909090909279,1.0,0.26119402985069434,12.058090109366493,39.35495049864356,0.023957432405375956,0.008879443354871007,0.14179104477612206,0.34328358208955867,0.526315789473668,0.04511278195488583,0.23308270676691012,0.31343283582091463,0.31343283582091463,0.41791044776118413,0.5671641791044821,0.09701492537313408,0.11194029850746241,0.044571169333285775,-0.6296263287145988,-0.0908089051531964,-0.5897090951788327,-0.5897090951788327,0.5238220994850254,-0.07585250395568688,0.497505618806878,0.7387318147615184,0.7387318147615184,-0.1477991738632847,-1.851226088085785,0.7480609517815748,0.7480609517815748,-5.006218248376468e-05,0.2511992985937699,0.0820895522388062,0.0820895522388062,0.2164179104477652,0.05263157894736681
D,1,90,7,Reflectance IR,0.2611940298507257,-1.3233546770944529,1.016129032258044,0.3621460770935668,0.2835820895522407,0.706434057454345,-0.3635779222716231,-0.6741102028936962,5.572045867635113,3.283969466417772,2.286243989414757,0.5820895522387964,0.17164179104478924,2.257142857142769,1.1142857142856029,0.6571428571429732,3.346153846153981,2.5454545454548976,2.1500000000001562,1.3749999999999,1.153846153846238,1.090909090909279,1.0,0.2611940298507257,2.949596688232977,1.4899214524478062,0.6334517409435773,0.2357133213769826,0.14179104477612206,0.34328358208955867,0.5223880597015245,0.04511278195488583,0.23308270676691012,0.3157894736842008,0.3157894736842008,0.41353383458647114,0.5671641791044821,0.09701492537313408,0.11194029850746272,0.03598840670577172,-0.6279487960774851,-0.09249144214863028,-0.5831553454208102,-0.5831553454208102,0.5202706229134676,-0.07423731257436933,0.6035918826402027,0.7414283973891099,0.7414283973891099,-0.15893584869953578,-1.8442323169989623,0.48772634498625045,0.48772634498625045,-0.004025613084688786,0.1251331724051935,0.0820895522388075,0.0820895522388075,0.2164179104477652,0.05263157894736681
D,1,90,7,Reflectance RED,0.2611940298507257,-1.3240878346854936,1.015873015873148,0.3642465078280186,0.2835820895522453,0.7412281960010564,-0.3277551313114574,-0.668601643464932,5.909783641027428,3.413036262115366,2.5026021833393517,0.5820895522388053,0.17164179104478924,2.2571428571426067,1.1142857142856029,0.6764705882352302,3.346153846153981,2.5454545454548976,2.1500000000001562,1.3749999999999918,1.1538461538464566,1.090909090909279,1.0,0.2611940298507257,2.0556377700396524,4.2357084081262455,0.22269843166825953,0.08277916311039546,0.14179104477612206,0.34328358208955867,0.5223880597015023,0.04511278195488583,0.23308270676691012,0.3157894736842008,0.3157894736842008,0.41353383458647114,0.5671641791044777,0.0970149253731346,0.11194029850746268,0.03243014060330896,-0.6261372242944214,-0.09384591165865175,-0.583338351843437,-0.583338351843437,0.5189531366548328,-0.07387444402542262,0.6459902716610026,0.7390375277306866,0.7390375277306866,-0.1555749649811911,-1.8423405800189316,0.40833618485546697,0.40833618485546697,0.00726577485855211,0.16275158135438883,0.0820895522388075,0.0820895522388075,0.2164179104477652,0.05263157894736681
D,1,90,7,Transmittance IR,0.255639097744377,-1.2789275062258223,1.0322580645161081,0.3752567074974434,0.29104477611940344,0.3867066599007673,-0.7254732415176175,-0.625082490324943,2.0140367555520524,2.1057192555188067,-0.09102799537284412,0.5970149253731539,0.1791044776119254,2.323529411764659,1.1428571428570036,0.6857142857142672,3.3846153846153006,2.6363636363639182,2.2999999999990903,1.4374999999995337,1.2307692307692077,1.1818181818179938,1.0,0.255639097744377,-2.955019436987881,4.874451471740896,0.18985174345492833,0.07087039620789666,0.14179104477611942,0.34328358208955867,0.526315789473668,0.04477611940298543,0.23134328358209386,0.31343283582090137,0.31343283582090137,0.417910447761193,0.5671641791044882,0.0970149253731346,0.11194029850746479,0.07275854058566614,-0.6100156678465105,-0.09458035793101938,-0.5716845047449145,-0.5716845047449145,0.4912675932695286,-0.07272257337213298,0.13807934441548994,0.7063915959149454,0.7063915959149454,-0.1328178805427613,-1.7714170056196772,4.8966249668988615,4.8966249668988615,-0.00018531068179622112,-0.21226674890625913,0.0820895522388075,0.0820895522388075,0.21804511278195515,0.05263157894736793
D,1,90,7,Transmittance RED,0.25925925925925614,-1.2576423081613264,1.0491803278688954,0.3799748706605805,0.29629629629628695,1.0296884275727918,-0.6947152365580995,-0.6020243493911489,9.373585630100623,4.718181760409964,4.649529489291791,0.6060606060606178,0.179104477611936,2.3428571428571616,1.1428571428573748,0.685714285714287,3.307692307692476,2.681818181817994,2.3000000000003125,1.4117647058825102,1.2307692307692475,1.1818181818179938,1.0000000000004061,0.25925925925925614,-3.103839782947471,133.85490137879532,0.006899086666010522,0.0026159165400400012,0.14179104477611604,0.3458646616541247,0.5263157894736905,0.04477611940298401,0.2313432835820914,0.31343283582090137,0.31343283582090137,0.417910447761193,0.5714285714285722,0.09701492537313615,0.11278195488721757,0.07089816010102704,-0.6013134407541435,-0.088276953937885,-0.5673236885972525,-0.5673236885972525,0.4754889016545221,-0.10054249848543323,0.17836866018509176,0.6987743628079728,0.6987743628079728,-0.12669033439688546,-1.7358539872803147,3.6640952247188747,3.6640952247188747,-6.8444549366723335e-06,0.472306632584373,0.08208955223880754,0.08208955223880754,0.22388059701492005,0.052631578947368494
D,1,120,5,Reflectance GREEN,0.2799999999999727,-1.4954057591714898,2.3333333333332797,0.17141263844351073,0.2599999999999909,0.7349167457334342,-0.33681233163174695,-1.2420368234499397,8.93976285836018,5.152458349931514,3.7787369552873415,0.36000000000001364,0.17000000000001592,1.285714285714329,0.9285714285714866,0.6071428571428916,1.6190476190476835,1.0588235294119712,1.06249999999995,1.0,1.0,1.0000000000007105,1.0,0.2799999999999727,0.9939050437719843,88.22870461141537,0.006651124252687333,0.004378617685692372,0.16,0.3838383838383858,0.6262626262626205,0.05,0.2626262626262602,0.36363636363636026,0.36363636363636026,0.48,0.7070707070707005,0.11,0.12,0.02966889184711438,-0.9099181574242221,0.13304346823197416,-0.5553138527022485,-0.5553138527022485,0.8585243918703932,-0.1887610673783453,0.6158952601252758,0.9406043452062098,0.9406043452062098,-0.38476012495419776,-2.3536503706025353,0.15727837583006216,0.15727837583006216,2.2199625762334042e-05,0.17996478056874599,0.09999999999999998,0.09999999999999998,0.3939393939393903,0.19191919191920118
D,1,120,5,Reflectance IR,0.28000000000000114,-1.4921336394647036,2.4782608695652173,0.1767635148459312,0.2599999999999909,0.6558265722568696,-0.26442716540484423,-1.2255058227091973,7.54055413210655,4.567615935791604,2.96832482542664,0.36000000000001364,0.17000000000001592,1.2857142857142785,0.9285714285714866,0.6071428571428608,1.5714285714289193,1.1176470588234113,1.0624999999999556,1.0,1.0,1.1249999999991118,1.0,0.28000000000000114,0.6436266497660519,2.946282367812299,0.1923185901771227,0.13157514341507948,0.16,0.38383838383840235,0.6262626262626205,0.05,0.2626262626262602,0.36363636363636026,0.36363636363636026,0.48,0.7,0.11,0.12,0.023307929866361987,-0.9063129293780944,0.12627074417609194,-0.5524922867552874,-0.5524922867552874,0.8509000807187972,-0.1391836067855803,0.7074026215323275,0.9324907700448543,0.9324907700448543,-0.38202360433407273,-2.3436120270631977,0.10822255358570991,0.10822255358570991,0.0003311430526855509,0.10453914581771051,0.09999999999999998,0.09999999999999998,0.41,0.21212121212121016
D,1,120,5,Reflectance RED,0.28000000000000114,-1.4905722134228463,2.4782608695652173,0.178002254946161,0.2600000000000051,0.6645887987668296,-0.2310345156046999,-1.2356594205454896,7.7964045847958365,4.697017519145193,3.100180818166817,0.36000000000001364,0.17000000000001592,1.2857142857142825,0.9285714285714866,0.6071428571428762,1.5714285714284362,1.1176470588234113,1.0624999999999876,1.0,1.000000000000071,1.1249999999991118,1.0,0.28000000000000114,0.5234615983770778,8.360075772282688,0.06792377155592755,0.04642308406905637,0.16,0.39,0.6262626262626205,0.05,0.2626262626262602,0.36363636363636026,0.36363636363636026,0.48,0.83,0.11,0.12,0.02042947026855736,-0.9038139676897872,0.12507637861591808,-0.5492840043941223,-0.5492840043941223,0.8457625771149002,-0.21283033001899648,0.7474668505895325,0.9361054780552813,0.9361054780552813,-0.3904582331947003,-2.3361796228632574,0.08940681608516302,0.08940681608516302,8.752445971052217e-05,0.11940947880697028,0.09999999999999998,0.09999999999999998,0.41,0.21
D,1,120,5,Transmittance IR,0.28000000000000047,-1.4886959869850622,2.4782608695652173,0.17907361643360617,0.2599999999999998,0.6476888253078158,-0.8065651172050394,-1.2231843204053237,6.561720187815222,4.14073379376212,2.4358210201516535,0.36000000000001364,0.17000000000001592,1.2857142857143111,0.9285714285714866,0.6071428571428916,1.5714285714286487,1.1176470588234113,1.0624999999999556,1.0,1.000000000000142,1.1249999999991118,1.0,0.28000000000000047,-6.095851152197537,5.85597191382189,0.09669425905751841,0.06625990936016923,0.16,0.38383838383839136,0.6262626262626205,0.05,0.2626262626262602,0.36363636363636026,0.36363636363636026,0.48,0.83,0.11,0.12,0.07111689815852379,-0.904056580421958,0.1265839043262639,-0.5514809368651087,-0.5514809368651087,0.846178258266919,-0.22389387905078983,-0.14088986032850043,0.934107279628091,0.934107279628091,-0.38065868716938395,-2.3351524910538313,-2.146111044439855,-2.146111044439855,-0.0002871462492548563,0.09375315583059585,0.09999999999999998,0.09999999999999998,0.41,0.21212121212121016
D,1,120,5,Transmittance RED,0.2799999999999727,-1.4871668409313954,2.333333333333245,0.17377313874981848,0.2600000000000193,0.7598355014316288,-0.8151435048675086,-1.2298099140281902,9.422688743547122,5.4003747019506045,4.0177156625492545,0.36000000000001364,0.17000000000001592,1.2857142857144597,0.9285714285714866,0.6071428571429731,1.649999999999968,1.111111111111109,1.0625000000000333,1.0000000000000546,1.0000000000005684,1.1249999999991118,1.0,0.2799999999999727,-5.732684508324323,116.45198248437597,0.005032899731566571,0.003316647792989776,0.16,0.38383838383840235,0.63,0.05,0.2626262626262602,0.36363636363636026,0.36363636363636026,0.48,0.81,0.11,0.12,0.07192401935733134,-0.9019907995583052,0.12782195327077714,-0.5539378711195323,-0.5546429948297883,0.8448717228287556,-0.21665905397964272,-0.15543296447861618,0.9375425165474309,0.9371210275515239,-0.3867741691243447,-2.3287338752937257,-1.86853073592507,-1.86853073592507,-1.407358959987038e-05,0.21762749668936954,0.09999999999999998,0.09999999999999998,0.3939393939393903,0.1980198019801998
D,1,120,6,Reflectance GREEN,0.30303030303031175,-1.6353980250120093,1.9677419354838706,0.08230796530579573,0.2727272727272768,0.5885954833500655,-0.3953242556383489,-1.3992485715013334,8.487611548327486,5.3662208900055965,3.1106232949958863,0.37623762376237513,0.18000000000000682,1.2333333333333019,0.9000000000000805,0.5968749999998513,1.9130434782609447,1.052631578947396,1.0000000000001672,1.000000000000016,1.0,1.0,1.0,0.30303030303031175,1.3288845199348007,75.72719818493718,0.010460708180857523,0.005791920498476738,0.18,0.42,0.67,0.07,0.29,0.4,0.4,0.52,0.79,0.11000000000000001,0.13,0.03149674336910279,-0.9546549795458595,0.1282012310853879,-0.5856901195531364,-0.5856901195531364,0.9514704250525419,-0.23083930858462814,0.5346107104375858,1.0451470626188777,1.0451470626188777,-0.4570155046049864,-2.587734429260751,0.1039818848406566,0.1039818848406566,4.608316876059644e-05,-0.009354719778064069,0.1020408163265287,0.1020408163265287,0.29,0.08080808080808007
D,1,120,6,Reflectance IR,0.30303030303031175,-1.6356153476045265,1.9062500000000002,0.07859355284236186,0.27272727272725183,0.519343137270334,-0.3093852721415403,-1.399238340393496,7.0885672273315645,4.719500915739705,2.3894190847210868,0.37999999999999545,0.18000000000000682,1.2333333333333019,0.9000000000000757,0.5999999999996969,1.8636363636364548,1.0000000000005984,1.0000000000000209,1.0,1.0,1.0,1.0,0.30303030303031175,0.8065987349178025,2.676756662817468,0.2993521829406577,0.16336486298874772,0.18,0.42,0.67,0.07,0.29,0.4,0.4,0.52,0.79,0.10999999999999999,0.13,0.02465352729741476,-0.9540965643325701,0.12615539857132826,-0.5855181282117528,-0.5855181282117528,0.947697153036524,-0.22344148574238692,0.6493636249872234,1.041195659794115,1.041195659794115,-0.46023261717936326,-2.581775059549878,0.06152718547486787,0.06152718547486787,0.0004923886063631363,-0.06675904667341062,0.10101010101010592,0.10101010101010592,0.28282828282828026,0.08
D,1,120,6,Reflectance RED,0.30303030303031175,-1.6321525252523796,1.9375000000000002,0.0814034272533795,0.27272727272728053,0.5267503450732259,-0.2743817532886893,-1.3839756100144498,7.381781179670039,4.875829548581159,2.512927492081952,0.37999999999999545,0.18000000000000682,1.2333333333333019,0.9000000000001043,0.5999999999996969,1.8636363636359878,1.0000000000005984,1.0000000000001672,1.0000000000001015,1.0,1.0,1.0,0.30303030303031175,0.6562941915522781,7.524796196533693,0.1060086232799464,0.058078701292581206,0.18,0.42,0.67,0.07,0.29,0.4,0.4,0.52,0.79,0.10999999999999999,0.13,0.021846885661822107,-0.9509767566035048,0.12294571483972769,-0.5905221730137912,-0.5905221730137912,0.9428389934299339,-0.22346303161904751,0.6939698626350388,1.0378173414543448,1.0378173414543448,-0.4473184202265227,-2.574108266102688,0.05201137888228344,0.05201137888228344,0.00012841362023206066,-0.06788201605503813,0.10101010101010138,0.10101010101010138,0.29,0.08
D,1,120,6,Transmittance IR,0.30693069306930976,-1.629924716963147,1.9062500000000002,0.07989437667317514,0.27272727272732494,0.5162385777870406,-0.8536766605691959,-1.387436880589324,5.396866438948157,3.8999528646042982,1.4957827384418276,0.37999999999999545,0.18000000000000682,1.2258064516132876,0.9000000000002653,0.5806451612906302,1.8636363636362463,1.000000000000299,1.0000000000000417,1.0,1.0,1.0,0.9999999999977263,0.30693069306930976,-5.324960378560062,6.1353201596528,0.13180394267764897,0.07216824824194776,0.18,0.42,0.67,0.07,0.29000000000000026,0.4,0.4,0.52,0.79,0.10999999999999999,0.13,0.06782974484853915,-0.9524360571653675,0.12775442610906768,-0.5817989879731171,-0.5817989879731171,0.9431362852087707,-0.23133771247332915,-0.2620747908881992,1.035306775324583,1.035306775324583,-0.44979751057839923,-2.5729207227234783,-0.5551706916800057,-0.5551706916800057,-0.00026497869685109866,-0.07027016291084279,0.11000000000000004,0.11000000000000004,0.28282828282828026,0.08
D,1,120,6,Transmittance RED,0.3069306930693033,-1.6247243943661396,2.0666666666666664,0.09077670351292524,0.2772277227722527,0.6230610584117391,-0.8469822990846916,-1.392319350581583,9.51830122730141,5.866490684357805,3.6263918170119416,0.37999999999999545,0.18181818181812961,1.2333333333333019,0.9000000000002653,0.5937499999997224,1.8181818181814893,1.0526315789473213,1.0000000000001672,1.0,1.0,1.0,1.0,0.3069306930693033,-5.382926094130566,134.33638866920438,0.005773684959817742,0.0032952895055647774,0.18,0.42,0.6767676767676706,0.06930693069306994,0.2929292929292902,0.4,0.4,0.52,0.79,0.1111111111111101,0.12999999999999995,0.06742696784006791,-0.9531235859499045,0.1313110909576255,-0.588117069008423,-0.588117069008423,0.9471380850140001,-0.2621146781206847,-0.250913343423249,1.038161994258511,1.038161994258511,-0.44405861301517857,-2.5697171402096943,-0.6567810864680584,-0.6567810864680584,-1.2094428264349554e-05,0.03849316003233161,0.10679611650485718,0.10679611650485718,0.3,0.08823529411764494
D,1,120,7,Reflectance GREEN,0.32999999999992724,-1.6568396912603895,2.357142857142857,0.08641796245643181,0.2929292929292915,0.46951722278506003,-0.44581291584510463,-1.3282407343890419,8.222996676032933,5.659964717757959,2.5630319582749737,0.40594059405943433,0.19191919191913046,1.2424242424243364,0.9062499999999944,0.5937499999999001,1.6666666666668246,1.0500000000000995,1.055555555555503,1.0714285714280785,1.0909090909084802,1.0000000000002842,1.0,0.32999999999992724,1.8704946755481882,65.62154517389263,0.012711349252033469,0.007439124902256623,0.19,0.45,0.71,0.08,0.31313131313131026,0.42,0.42,0.55,0.81,0.11881188118811989,0.1313131313131301,0.03377557030816204,-0.9255506246014426,0.06768103994663537,-0.6126241887338557,-0.6126241887338557,0.9036031913195338,-0.22369801629103833,0.4710140987610648,1.0387665820965841,1.0387665820965841,-0.4282980001675113,-2.5587945111071777,0.14193509157922385,0.14193509157922385,0.0001816005088041964,-0.14398510384744734,0.10999999999999999,0.10999999999999999,0.3,0.08
D,1,120,7,Reflectance IR,0.3299999999999841,-1.6644324017437295,2.357142857142857,0.08303085335981468,0.29292929292927034,0.4061542456949418,-0.34650969399896425,-1.3323405788337987,6.9773704186402945,4.999028259560873,1.9825855937751529,0.4040404040404922,0.19000000000000483,1.242424242424292,0.9062499999999944,0.575757575757868,1.8399999999999181,1.0500000000000995,1.055555555555503,1.0714285714282958,1.090909090908997,1.0000000000011369,1.0,0.3299999999999841,1.018571923205736,2.4806443573578583,0.3395376587314743,0.1974742210061677,0.19,0.45,0.71,0.08,0.31313131313131026,0.42,0.42,0.55,0.81,0.12,0.1313131313131301,0.02618065346964077,-0.9287109610047221,0.06828577132266257,-0.6230468056914056,-0.6230468056914056,0.9080525364940094,-0.2207611880076685,0.6049981239039957,1.0389971102006264,1.0389971102006264,-0.41898614910420584,-2.570826359679114,0.07879942866634572,0.07879942866634572,0.0007559050374229034,-0.21370218924926904,0.10999999999999999,0.10999999999999999,0.29292929292930703,0.08
D,1,120,7,Reflectance RED,0.3299999999999841,-1.6600195584530526,2.357142857142857,0.08571923869439718,0.2929292929292936,0.4069755441265837,-0.3098005158057057,-1.323345371870786,7.190046177348387,5.11271872085643,2.060237669971354,0.4099999999999966,0.19000000000001194,1.242424242424292,0.9062500000000389,0.5757575757576697,1.8333333333332544,1.0500000000000995,1.055555555555503,1.0714285714280785,1.090909090908997,1.0000000000005684,1.0,0.3299999999999841,0.8259115083533923,6.924764549117976,0.12185279590171821,0.07091274319830292,0.19,0.45,0.71,0.08,0.31313131313131026,0.42,0.42,0.55,0.81,0.12,0.1313131313131301,0.023440546515627023,-0.9245488064331614,0.06422317746162871,-0.6263786673408643,-0.6263786673408643,0.9023961396730739,-0.21919536618972277,0.6523378717486069,1.035930948478032,1.035930948478032,-0.409694780287292,-2.56189541234813,0.06665557895838063,0.06665557895838063,0.00018883836041374544,-0.21503780860986538,0.10999999999999999,0.10999999999999999,0.3,0.08
D,1,120,7,Transmittance IR,0.3299999999999841,-1.6518355573176713,2.357142857142857,0.08528755613082051,0.2929292929293109,0.4012715047492747,-0.8864860653466888,-1.3333926063277315,5.080866625231956,3.995505006642478,1.0895533068069536,0.4099999999999966,0.19000000000005457,1.242424242424292,0.9062500000000833,0.5937499999999528,1.8400000000001455,1.0500000000000995,1.055555555555503,1.0000000000007578,1.090909090908997,1.000000000000142,1.0,0.3299999999999841,-4.399065015337229,6.447421668733377,0.13076458018046921,0.07613889871648334,0.19,0.45,0.71,0.07070707070707209,0.31313131313131026,0.4242424242424203,0.4242424242424203,0.55,0.81,0.12,0.1313131313131301,0.0668868842374254,-0.9261906827286259,0.07069885345158444,-0.6156022207059169,-0.6156022207059169,0.9040983478516247,-0.23298011830157905,-0.29313038244952727,1.0390584399394969,1.0390584399394969,-0.42084922626218124,-2.554553035167547,-0.5498908770623295,-0.5498908770623295,-0.00022510260499152568,-0.21845039632261487,0.10999999999999999,0.10999999999999999,0.3,0.08
D,1,120,7,Transmittance RED,0.3299999999999841,-1.6354583052858271,2.5384615384613607,0.09181967693258888,0.29702970297026454,0.5030762557138625,-0.8611562706659301,-1.3106409468048015,9.675388478183418,6.467712606231511,3.2291059283212085,0.410000000000025,0.19387755102040224,1.2499999999999978,0.9062500000000833,0.5937499999999334,1.4782608695651152,1.0526315789473213,1.055555555555503,1.0333333333332828,1.0,1.0,1.0,0.3299999999999841,-4.6320927810268255,153.10183614959325,0.005311277892223705,0.0032019044715395992,0.19,0.45,0.7142857142857424,0.07070707070707007,0.3131313131313125,0.4242424242424203,0.4242424242424203,0.5544554455445595,0.81,0.11881188118811989,0.1340206185567012,0.06563416735231858,-0.9233524043816522,0.07901434791930452,-0.6090545834051055,-0.6090545834051055,0.9012164639695084,-0.26169673602493404,-0.25391542484540575,1.0253231428606586,1.0253231428606586,-0.41708626777154045,-2.532128059713024,-0.6750139001787744,-0.6750139001787744,-9.574324208499054e-06,-0.10362142275541716,0.10999999999999999,0.10999999999999999,0.30927835051546426,0.08163265306122297
D,2,60,5,Reflectance GREEN,0.21000000000000796,-1.5670791911650634,0.7500000000000066,0.4127356728470261,0.20603015075375192,1.104402130876317,-0.4164176974733735,-1.2569928065771838,4.738390615227215,2.427794713344709,2.3156573342522813,0.5850000000000364,0.12999999999999545,2.7857142857142785,0.9761904761904987,0.6097560975609807,4.2580645161290205,3.67999999999995,3.4782608695654216,1.2222222222220116,1.133333333333207,1.0833333333332544,1.000000000001421,0.21000000000000796,8.843775128091924,44.524773853519534,0.017309341465031918,0.0059766156301262,0.125,0.27638190954773745,0.42,0.055,0.19597989949748654,0.2613065326633154,0.2613065326633154,0.335,0.465,0.07035175879396952,0.08000000000000002,0.03688341867203748,-0.7178344951186177,0.07379541823146389,-0.5595659563950411,-0.5595659563950411,0.8157312846216093,-0.1619013909356471,0.5146205338546468,1.0060312869179926,1.0060312869179926,-0.4435572131609828,-2.3826761773432814,0.841979263177734,0.841979263177734,-4.985354832889925e-05,0.5405908258997728,0.065,0.065,0.22110552763818994,0.09595959595959508
D,2,60,5,Reflectance IR,0.21000000000000796,-1.5508904121225602,0.75,0.41569031155399233,0.20603015075376618,1.0381928951936594,-0.34276392181785087,-1.2526579401208022,5.196950735674395,2.5634743960968005,2.644491105409522,0.5879396984924676,0.12999999999999545,2.785714285714595,0.976190476190531,0.6190476190475739,4.258064516128979,3.680000000000007,3.4782608695654216,1.2105263157895838,1.066666666666995,1.0833333333332544,1.0000000000007105,0.21000000000000796,2.8865060855443554,1.6897879819561308,0.4598232696444275,0.1575615523276999,0.12060301507537978,0.27638190954773745,0.42,0.05025125628140752,0.19597989949748654,0.2613065326633154,0.2613065326633154,0.335,0.465,0.07035175879396952,0.08040201005025091,0.030497519409277446,-0.7131992149766765,0.07349706356515943,-0.5602945801753391,-0.5602945801753391,0.8083251402542778,-0.15649307525282147,0.611586720318134,0.9963289689176715,0.9963289689176715,-0.4322050928698135,-2.358459633272376,0.5723159578180923,0.5723159578180923,-0.004157989835193525,0.482962833407135,0.065,0.065,0.22,0.09547738693467293
D,2,60,5,Reflectance RED,0.21000000000000796,-1.5481427085846855,0.75,0.41907316898725216,0.20999999999997954,1.0907125161237874,-0.3139619626647551,-1.243366032195288,5.580265922345879,2.676147263275996,2.9058189487767825,0.5900000000000034,0.129999999999999,2.8095238095237804,0.9999999999999323,0.6190476190475949,4.258064516128979,3.7199999999999136,3.521739130434514,1.210526315789946,1.1333333333333369,1.0833333333335011,1.000000000001421,0.21000000000000796,2.1793417520725584,4.650854537292694,0.16723343351434228,0.05724841674800503,0.12060301507537804,0.27638190954773745,0.42,0.05025125628140717,0.19597989949748654,0.2613065326633154,0.2613065326633154,0.335,0.465,0.07035175879396952,0.08040201005025091,0.028092792689454048,-0.7088579066451541,0.07088284264720816,-0.5553149360154722,-0.5553149360154722,0.8037641189091334,-0.15519975572322528,0.6481954543206487,0.9915230741676802,0.9915230741676802,-0.4365158405331375,-2.3511162271680908,0.4965144641585925,0.4965144641585925,0.008169600612403653,0.5315886632421964,0.065,0.065,0.22,0.09547738693467293
D,2,60,5,Transmittance IR,0.21000000000000796,-1.4700676582718675,0.75,0.4335365162539208,0.21105527638194516,0.24447070339551155,-0.6488051969124788,-1.211278253551839,0.8807535698647019,1.3772188539200425,-0.49365237938457374,0.6030150753768474,0.1306532663316531,2.8571428571429007,1.0238095238095013,0.6190476190476577,4.322580645161178,3.759999999999991,3.6086956521738056,1.2631578947368303,1.1333333333333555,1.1666666666665089,1.0,0.21000000000000796,-3.2288658268750536,4.2874677910724,0.18101253410138415,0.06206870352540799,0.12060301507537632,0.27638190954773745,0.42211055276381715,0.05,0.19597989949748654,0.2613065326633154,0.2613065326633154,0.3366834170854256,0.465,0.07035175879396952,0.08040201005025126,0.05910147115396721,-0.6914737142626829,0.07616270197098038,-0.5149428745008205,-0.5149428745008205,0.7689559972286021,-0.16042752415559255,0.16190721697650107,0.9568772113085117,0.9568772113085117,-0.4430150854135154,-2.2396438124572913,5.009424107178755,5.009424107178755,-0.00021415825048852737,-0.2620323180537256,0.06532663316582885,0.06532663316582885,0.22110552763818994,0.095
D,2,60,5,Transmittance RED,0.211055276381888,-1.4208623788635342,0.7549019607843003,0.44772778729731777,0.21782178217821865,1.4860641795718352,-0.6269342882826155,-1.198458842308068,8.609298924006907,3.464966732162377,5.008095618378118,0.6100000000000136,0.13432835820895547,2.9047619047619886,1.0476190476190026,0.6428571428570752,4.333333333333207,3.759999999999991,3.6521739130430806,1.2777777777774268,1.1333333333336113,1.076923076923447,1.0000000000007105,0.211055276381888,-3.2043515503333952,100.14500224533586,0.007757177440946109,0.002671397737757412,0.12,0.28,0.42211055276381715,0.045226130653266444,0.19597989949748654,0.265,0.265,0.33830845771144435,0.465,0.07070707070707209,0.08415841584158489,0.05887350403152778,-0.6755797725515147,0.08039009212577375,-0.4948257435147838,-0.4948257435147838,0.7467730776479957,-0.1919042709133961,0.18732148053724784,0.937599787628646,0.937599787628646,-0.4620849130388579,-2.172253168477853,4.553806116233808,4.553806116233808,-8.88485032060578e-06,0.9722917674326482,0.06632653061224511,0.06632653061224511,0.21717171717171713,0.08585858585858508
D,2,60,6,Reflectance GREEN,0.21999999999999886,-1.3768219600906404,0.7954545454545373,0.3808291856961438,0.27638190954774317,1.1534193434397075,-0.40902601746782463,-0.45579082531086756,4.577931653222782,2.2654310692063553,2.2606222935804436,0.6299999999999955,0.15000000000000568,2.863636363636728,1.2727272727272845,0.6818181818182112,4.03125000000015,3.769230769230793,3.5416666666666434,1.8000000000001706,1.3749999999996003,1.3076923076914668,1.1249999999999112,0.21999999999999886,-21.43020978032328,34.37572411379976,0.01918275397906248,0.008158191038072055,0.12562814070351702,0.2814070351758786,0.425,0.055,0.19597989949748654,0.2562814070351747,0.2562814070351747,0.3316582914572849,0.425,0.07035175879396952,0.0854271356783919,0.041738216899916185,-0.5224073944702966,-0.1512452686465477,-0.6622172019294479,-0.6622172019294479,0.40613279444463035,0.06305078923304291,0.5604781048456107,0.714970624540118,0.714970624540118,-0.050441697701601326,-1.7832932020837875,0.766580095257454,0.766580095257454,-3.622044799555704e-05,0.5179484599715132,0.06,0.06,0.2964824120603001,0.1809045226130645
D,2,60,6,Reflectance IR,0.21999999999999886,-1.3640171912877626,0.788888888888889,0.3833355910490428,0.28000000000000114,1.0382524649166258,-0.33823327775334655,-0.43120974796491673,4.633104565378229,2.2849571441375076,2.3588782134751693,0.6300000000000004,0.1500000000000341,2.8863636363633662,1.2790697674417344,0.6818181818182112,4.062499999999897,3.807692307692303,3.5833333333332544,1.8000000000001706,1.3749999999996003,1.3076923076920386,1.1249999999999112,0.21999999999999886,6.943482693988703,1.3700547021441642,0.48443887020901144,0.20528817904973917,0.125,0.2814070351758781,0.425,0.055,0.195,0.255,0.255,0.3316582914572849,0.425,0.07035175879396952,0.08999999999999997,0.03482834594230051,-0.5156948962940018,-0.15220701606844755,-0.659981401208503,-0.659981401208503,0.39271459675575426,0.06601174607594071,0.6415870864822374,0.7020654216156386,0.7020654216156386,-0.03965459939939994,-1.7562143159691772,0.5538798237675662,0.5538798237675662,-0.001439513226583811,0.3824139184837147,0.06,0.06,0.2964824120603001,0.1809045226130645
D,2,60,6,Reflectance RED,0.21999999999999886,-1.367268875507337,0.7977528089887559,0.38228738103857307,0.28000000000000114,1.1239649855165146,-0.3120882871942513,-0.4386349325346317,5.042867336879565,2.3794690760405386,2.661875558571136,0.6299999999999955,0.15000000000000568,2.8636363636366076,1.2727272727272845,0.6818181818182112,4.062499999999223,3.8076923076919504,3.583333333333136,1.8000000000001706,1.3749999999996003,1.3076923076920386,1.1250000000000222,0.21999999999999886,4.131881012179907,3.8221737334203283,0.17343048856849883,0.07357964398116462,0.12562814070351702,0.2814070351758793,0.425,0.055,0.19597989949748654,0.2562814070351747,0.2562814070351747,0.3316582914572849,0.425,0.07035175879396952,0.08542713567839402,0.03206820337390457,-0.5173457435353914,-0.15229977233896297,-0.6624546989912166,-0.6624546989912166,0.39590125554949085,0.0653583834912296,0.6707736314373682,0.7039844217907393,0.7039844217907393,-0.04323125474714144,-1.7624138540644259,0.4839729402305982,0.4839729402305982,-0.000746440184045536,0.46745901531229095,0.06,0.06,0.2964824120603001,0.1809045226130645
D,2,60,6,Transmittance IR,0.21608040201005269,-1.2761350971906378,0.7977528089887641,0.4040474526962487,0.29648241206030157,0.06516817197022862,-0.5926808018843375,-0.3748422294336647,0.7541556732683672,1.3547691400498239,-0.6029551332443237,0.648241206030149,0.15500000000002956,2.9999999999998677,1.372093023255734,0.7209302325579535,4.124999999999334,3.8148148148146745,3.708333333333136,1.9500000000000426,1.437499999999889,1.3076923076922626,1.2499999999989342,0.21608040201005269,-2.7986858967078247,4.808358117883769,0.13398956929677885,0.057443887092172824,0.12060301507537632,0.285,0.4271356783919578,0.05,0.19095477386934587,0.2512562814070345,0.2512562814070345,0.3316582914572849,0.4271356783919578,0.07035175879396952,0.09045226130653228,0.061748060009967604,-0.4883175139345802,-0.15046808528878333,-0.6269043159993336,-0.6269043159993336,0.347285627765789,0.06784315140477404,0.3522109614055986,0.654589764888172,0.654589764888172,-0.027310081745646135,-1.6238893699532437,1.9504937848323838,1.9504937848323838,-0.00014496900722769322,-0.5541835668462439,0.06030150753768816,0.06030150753768816,0.3,0.18
D,2,60,6,Transmittance RED,0.21827411167513205,-1.2280094047899621,0.9543814432989777,0.4372796664353432,0.3115577889447238,1.0932770639749712,-0.5315164384759161,-0.5416486345132723,8.608777452791646,3.8511517853960227,4.49920130451358,0.6607692307692432,0.15920398009949982,3.000000000000523,1.4186046511629875,0.7272727272727639,4.062499999999996,3.851851851851421,3.666666666666509,2.0500000000000993,1.4375000000000555,1.307692307692295,1.1249999999999112,0.21827411167513205,-2.8623783395147226,133.44258336330904,0.004895873386593769,0.0020786108385510453,0.1194029850746274,0.2864321608040188,0.43,0.045226130653266396,0.19047738693467292,0.25814111261872524,0.25814111261872524,0.34170854271356876,0.44278606965174333,0.07070707070707032,0.09343015390898168,0.06099488160710256,-0.4742854505573081,-0.10623851089849415,-0.561352919016788,-0.561352919016788,0.3644889300205467,-0.06874676752447534,0.39359103264120693,0.6951935229715753,0.6951935229715753,-0.13351338753182324,-1.5935352147457498,1.9672173799427113,1.9672173799427113,-5.067838928280112e-06,0.7630773480301986,0.065,0.065,0.2985074626865622,0.1829547167914769
D,2,60,7,Reflectance GREEN,0.23000000000000398,-1.0174166276350418,1.0666666666666667,0.44968607861417875,0.3819095477386871,0.5087976292139023,-0.17826106475659675,-1.0648742536619575,3.9619775563409485,2.910749846763971,1.0525848991877271,0.6850000000000014,0.22499999999999432,2.9782608695651756,1.652173913043532,0.9782608695651758,3.8285714285711085,3.600000000000682,3.3333333333336843,2.347826086956672,2.0,1.8125000000000777,1.4999999999997868,0.23000000000000398,-5.189071503008281,28.51053679855132,0.0251264138689985,0.01048557939286849,0.11557788944723565,0.3919597989949731,0.545,0.045,0.1809045226130645,0.31,0.34673366834170694,0.46,0.5764447236180891,0.075,0.21000000000000002,0.047405339191794585,-0.32403069899661485,-0.10891502348876567,-0.06498085561175966,-0.09034278212962944,0.2018972702847221,-0.02768982284825747,0.8217389352434032,0.9528653030510934,0.9270879589097896,-0.8634937003226404,-1.2183769184787034,0.6778853776688423,0.6778853776688423,-1.8606796464975235e-05,0.4155631825982643,0.1256281407035179,0.1658291457286425,0.32,0.22444029850746003
D,2,60,7,Reflectance IR,0.22999999999999687,-1.008808744853452,1.0666666666666667,0.45301252274271464,0.3849999999999909,0.48417137502708996,-0.13940686159037863,-1.0480299035994924,4.547141602838905,3.088033377112314,1.4548626647646583,0.6884422110552755,0.22500000000002274,2.978260869565728,1.6739130434782958,0.9782608695652362,3.8285714285714025,3.600000000000682,3.37037037037069,2.347826086957005,2.000000000000079,1.8125000000001665,1.5000000000000089,0.22999999999999687,-440.67903021028815,1.2577278056928982,0.5700386103153179,0.23754053886851645,0.11557788944723565,0.3919597989949731,0.5477386934673342,0.045,0.18,0.3065326633165815,0.34673366834170694,0.45728643216080356,0.575,0.075,0.2110552763819086,0.038444999974272795,-0.32215294943964345,-0.10996588802613032,-0.067876224497157,-0.09135079660981835,0.19691273207391607,-0.02198547093824317,0.8605931384096214,0.9408165809503711,0.9177626066391347,-0.850923159120973,-1.20600154556653,0.5272779410125681,0.5272779410125681,-0.0005779574922422225,0.3951509606933264,0.12562814070351702,0.1658291457286425,0.3216080402010036,0.22613065326633064
D,2,60,7,Reflectance RED,0.2300000000000182,-1.009098695731034,1.0666666666666667,0.45494760686722574,0.38693467336682325,0.5119480120428603,-0.13092085339669007,-1.0425681868086394,4.763119206282125,3.158399139705705,1.609189034273857,0.6884422110552755,0.22613065326632492,2.97826086956536,1.6739130434783576,0.9782608695652365,3.8285714285712706,3.5999999999999432,3.37037037037069,2.347826086957833,2.027777777777585,1.8125000000001499,1.4999999999999645,0.2300000000000182,19.43159091857749,3.3202115146989186,0.21621291017612052,0.09010720748571917,0.11557788944723565,0.3919597989949731,0.5477386934673342,0.045,0.18,0.3065326633165815,0.34673366834170694,0.4572864321608085,0.575,0.07035175879397154,0.2110552763819086,0.03641939936113727,-0.32212898071010365,-0.11143695872105391,-0.07033060260501929,-0.0923295365762646,0.1965983929374347,-0.021551716135696078,0.86907914660331,0.9391599198747949,0.9168303694115603,-0.8467080801646364,-1.2048817376856324,0.4973871268166496,0.4973871268166496,-0.00024315863770905637,0.4288004882023328,0.12562814070351702,0.16582914572864244,0.3216080402010036,0.22613065326633064
D,2,60,7,Transmittance IR,0.2261306532663392,-0.951756908497983,1.0666666666666667,0.4799276131120763,0.41500000000002046,-0.11189606875605983,-0.21054516781388394,-0.9604522985250488,1.0546162195407756,2.0377380388554425,-0.9733760941135315,0.7085427135678771,0.2361809045226131,3.133333333333335,1.8444444444441594,1.0444444444444052,3.885714285714703,3.733333333333207,3.5925925925924522,2.6086956521738056,2.052631578947396,1.9375000000000555,1.5454545454566124,0.2261306532663392,-2.3165506559501927,6.813962466093182,0.10232620491575739,0.04296069967609395,0.11055276381909497,0.3919597989949731,0.5477386934673342,0.04,0.175,0.3,0.345,0.46,0.5778894472361844,0.07035175879397004,0.22000000000000003,0.06813345461459358,-0.30594236049782886,-0.10742748823728446,-0.06912954910214553,-0.09939413099024308,0.1775262211806089,-0.024557016254648234,0.7891802352337685,0.8821412216007853,0.8529315327276425,-0.782791378442449,-1.1293257333090034,1.0694056377260335,1.0694056377260335,-5.217671674998073e-05,-0.20912164455883742,0.125628140703517,0.17085427135678316,0.3266331658291458,0.23
D,2,60,7,Transmittance RED,0.22885572139302568,-0.9362416755318419,1.1166193357204497,0.5025961036751099,0.43765547263680016,0.9520659834852062,-0.18092627221195412,-1.011705596441014,9.573367160872614,4.683952224519858,4.575223480924377,0.7216721271690238,0.24257425742574584,3.134848484848555,1.8809523809523057,1.0434782608695392,3.857142857142816,3.8275862068965365,3.6314814814815266,2.6956521739128503,2.1,1.9285714285716895,1.4999999999998521,0.22885572139302568,-2.469649837293863,233.51868286225056,0.002954909401176396,0.001287401214297787,0.10880829015544323,0.3869346733668334,0.5223880597014932,0.03482587064676609,0.16836734693877728,0.285,0.3468362219259554,0.4595959595959554,0.5642883095649031,0.07088653027739443,0.21662180691686567,0.06487307887001002,-0.35196994471498577,-0.045704602599534336,-0.01881682690643217,-0.247701896686169,0.29076253537844204,-0.19329781081879488,0.8185923206875187,0.918987489194629,0.7002659604619084,-0.6733258123071999,-1.2145058281683199,1.0505035609948266,1.0505035609948266,-1.5590131921559051e-06,0.6500298004899475,0.1111111111111101,0.1733683572438869,0.3432835820895532,0.2323232323232327
D,2,90,5,Reflectance GREEN,0.2462686567164426,-1.6330123394493337,1.2400000000000002,0.36388266643529543,0.22556390977449972,1.0407710315999834,-0.37757811663762136,-1.524692245040072,7.539905307439054,3.759804422943465,3.784627877965992,0.4060150375940052,0.14925373134327788,1.6562499999999654,0.9374999999997113,0.6060606060604965,3.6249999999996447,1.7499999999997158,3.222222222222012,1.0666666666666778,1.000000000000237,1.000000000000142,1.0,0.2462686567164426,2.246077683364477,58.98022984019126,0.011046574113597715,0.00556734606676836,0.14285714285714152,0.3308270676691769,0.518796992481187,0.059701492537312016,0.23308270676692008,0.3157894736842143,0.3157894736842143,0.4104477611940288,0.5820895522388077,0.08955223880596992,0.09701492537313615,0.03537170388299824,-0.8558124793566831,0.1976741947556229,-0.5466496312789982,-0.5466496312789982,0.9958970541403454,-0.26947792968489565,0.552552253117808,1.0820608842045287,1.0820608842045287,-0.5424258425508077,-2.627376453914679,0.5391474352951601,0.5391474352951601,-0.0005152123974806828,0.4760862511882932,0.0820895522388075,0.0820895522388075,0.30827067669173297,0.1492537313432832
D,2,90,5,Reflectance IR,0.24626865671642661,-1.6288177168022258,1.2399999999999916,0.36292028752660455,0.22556390977449972,0.935653385689755,-0.3000258197142266,-1.5128281546950795,6.554980122411014,3.4128933523150717,3.144191105464397,0.4029850746268673,0.14925373134328002,1.6363636363636365,0.9375000000000555,0.6060606060605832,3.6249999999998814,1.6999999999999929,3.210526315789449,1.0666666666667046,1.0000000000004736,1.000000000000142,1.0,0.24626865671642661,1.2173281220814718,2.2046311556082263,0.2943270739752803,0.1485772496936618,0.14285714285713846,0.3308270676691769,0.518796992481187,0.059701492537312016,0.23308270676692008,0.3157894736842109,0.3157894736842109,0.4104477611940288,0.5820895522388045,0.08955223880596992,0.09701492537313615,0.028115527976519075,-0.8509872093737405,0.19303541620480455,-0.5554339663800857,-0.5554339663800857,0.9889546358833904,-0.2628227267608057,0.6583843527743339,1.077530075730934,1.077530075730934,-0.5202448825682915,-2.615886162147647,0.3446252126119718,0.3446252126119718,0.0011781619828728589,0.3930233173191281,0.0820895522388075,0.0820895522388075,0.30827067669173297,0.1492537313432836
D,2,90,5,Reflectance RED,0.2462686567164426,-1.6246335933037621,1.2399999999999916,0.36519532794195675,0.23134328358208575,0.9540615320411966,-0.27182416497581263,-1.4958469671192418,6.865453483234542,3.5241108055538404,3.347204370422461,0.398496240601471,0.14925373134328307,1.6060606060606177,0.9393939393938298,0.6060606060605748,3.5200000000000955,1.6500000000000141,3.210526315789584,1.0666666666667046,1.0,1.0000000000000089,1.0,0.2462686567164426,0.9981483613603226,6.027035378464761,0.10783733131700361,0.05438225984641194,0.14285714285713846,0.3308270676691769,0.518796992481187,0.052631578947369057,0.23308270676692008,0.3157894736842109,0.3157894736842109,0.4104477611940288,0.5820895522388045,0.0895522388059704,0.09701492537313615,0.025531148426017558,-0.8471760165189404,0.19100045585862152,-0.555945264466111,-0.555945264466111,0.9841445563633645,-0.2615330656612078,0.6947441157296472,1.0703975885796444,1.0703975885796444,-0.5152918623600363,-2.608984199489226,0.29508849626945505,0.29508849626945505,0.0002881421253042334,0.3995797596790749,0.0820895522388075,0.0820895522388075,0.3082706766917293,0.1492537313432832
D,2,90,5,Transmittance IR,0.2462686567164426,-1.610967628465362,1.2400000000000393,0.3720958014938337,0.23134328358209066,0.7769628165090594,-0.7412145314160881,-1.4874741991886042,3.0086267172094963,2.1458197536023307,0.8628069636071656,0.3909774436090396,0.14925373134328612,1.5757575757576827,0.9393939393939107,0.6060606060606009,3.5200000000000102,1.600000000000057,3.263157894736905,1.0666666666667992,1.0,1.0,1.0,0.2462686567164426,-3.6642030798121192,4.658324296326407,0.13911608118308502,0.07041489245583318,0.14285714285713846,0.3358208955223801,0.5187969924812091,0.052631578947369057,0.23308270676692008,0.3157894736842143,0.3157894736842143,0.4104477611940288,0.5820895522388169,0.08955223880597088,0.09701492537313615,0.07009430597859616,-0.8426491467453693,0.19366896145653328,-0.5486790331158268,-0.5486790331158268,0.9751947824901388,-0.26462547508691286,-0.06261251110364811,1.0641659213507466,1.0641659213507466,-0.513681629493475,-2.5865524077023965,-11.684713795272764,-11.684713795272764,-0.0002794723385001912,0.2568094703839982,0.0820895522388075,0.0820895522388075,0.30827067669173297,0.1492537313432832
D,2,90,5,Transmittance RED,0.2462686567164426,-1.5908932036210577,1.2448979591836906,0.3802072717859751,0.23134328358209558,1.1336551393956456,-0.7407426198718472,-1.4702535807174288,9.178249731858157,4.318841870385034,4.820369162758728,0.6716417910447681,0.14925373134331396,2.6388888888887574,0.9393939393939393,0.6060606060606009,3.560000000000173,3.3333333333347768,3.1052631578949415,1.066666666666995,1.0000000000004736,1.000000000000142,1.0,0.2462686567164426,-3.6029721300421937,97.74437176656927,0.006679590433048546,0.003367590542068416,0.14179104477612806,0.33333333333333504,0.5187969924812313,0.05223880597015245,0.23308270676692008,0.3157894736842143,0.3157894736842143,0.4104477611940299,0.5864661654135158,0.08955223880597182,0.09774436090225264,0.07038628427118976,-0.836031409810083,0.19604981407684435,-0.5426141633358954,-0.5426141633358954,0.9647429270525343,-0.2767262137576631,-0.056281882375556626,1.053434601035365,1.053434601035365,-0.5071596548977652,-2.5543803272058025,-12.820023003933263,-12.820023003933263,-1.3142789593575132e-05,0.5856645490875787,0.08208955223881098,0.08208955223881098,0.3082706766917462,0.14503816793893104
D,2,90,6,Reflectance GREEN,0.253731343283584,-1.4311404225495779,1.2037037037037235,0.342153359332923,0.2556390977443452,0.8774300493567027,-0.4374872470895549,-1.0497573368588125,6.847230879003694,3.762757848624546,3.0506687560610732,0.6865671641791138,0.16417910447761067,2.705882352941261,1.0000000000000417,0.6470588235293724,3.4230769230769904,3.380952380951698,2.0526315789473193,1.187500000000011,1.1666666666665089,1.0999999999999006,1.1666666666665089,0.253731343283584,5.508973516051791,42.56442730547359,0.017662918152189948,0.007980911569519343,0.14179104477612206,0.33834586466167266,0.5298507462686554,0.04511278195488679,0.23308270676692008,0.3208955223880521,0.3208955223880521,0.417910447761193,0.5864661654135158,0.09701492537313408,0.10447761194030047,0.041547675001631715,-0.7283229796023865,0.05279903011715949,-0.5542842042346865,-0.5542842042346865,0.7239006018865906,-0.15631802249815135,0.492841558363194,0.8798883803054333,0.8798883803054333,-0.32611328028748376,-2.1544911936216167,0.6817270124439302,0.6817270124439302,-6.876357356666674e-05,0.30278880004190484,0.08208955223881098,0.08208955223881098,0.27067669172932074,0.10526315789473362
D,2,90,6,Reflectance IR,0.253731343283582,-1.4268849569822089,1.2000000000000548,0.34258427207315123,0.2556390977443452,0.7423660440967353,-0.34747471793754925,-1.0427305784637835,5.948204858510445,3.4344997942668005,2.5124056854240564,0.6917293233082333,0.16417910447761067,2.705882352941422,1.0000000000000417,0.6470588235294019,3.4230769230769904,3.3809523809525195,2.0,1.187500000000011,1.1666666666665089,1.0999999999998864,1.1666666666665089,0.253731343283582,2.0399216119042065,1.7057954623658778,0.44138501601573793,0.19914996480652716,0.14179104477612053,0.33834586466165817,0.5298507462686441,0.04511278195488679,0.23308270676691759,0.3157894736842278,0.3157894736842278,0.41791044776118413,0.5864661654135158,0.09701492537313408,0.10447761194030047,0.03301331180748725,-0.7286494315648944,0.054260643154322594,-0.5522008038882911,-0.5522008038882911,0.7222776412738502,-0.15339561317819167,0.6103176541996524,0.8751433633037589,0.8751433633037589,-0.32128753746005206,-2.1488236799745994,0.42256479063155106,0.42256479063155106,0.017254350425338454,0.19713450324576615,0.08270676691729067,0.08270676691729067,0.27611940298506804,0.10526315789473362
D,2,90,6,Reflectance RED,0.253731343283584,-1.4236667430391676,1.2000000000001787,0.3439687939612327,0.2556390977443558,0.7642403494145299,-0.31735758562388794,-1.0408377252415442,6.270773365419837,3.570234050059441,2.7094520873979766,0.6917293233082482,0.16417910447761067,2.705882352941422,1.0000000000000835,0.6470588235294019,3.3846153846157043,3.380952380952376,1.9473684210526787,1.187500000000011,1.1666666666665089,1.0999999999998864,1.1666666666665089,0.253731343283584,1.6017518081359372,4.653707763584192,0.16211790229068446,0.0730600238457205,0.14179104477612206,0.33834586466165817,0.5298507462686441,0.04511278195488679,0.23308270676691759,0.3208955223880521,0.3208955223880521,0.41791044776118413,0.5864661654135158,0.09701492537313408,0.10447761194030047,0.030251229838563168,-0.7252230333347982,0.05133194887900371,-0.5489918668219723,-0.5489918668219723,0.7167915273133936,-0.15130197938407464,0.6479792351175684,0.8744707182396437,0.8744707182396437,-0.32564876459166137,-2.1409724486102486,0.3629058052395625,0.3629058052395625,0.001117781008266652,0.21288995789448045,0.08270676691729067,0.08270676691729067,0.27067669172931497,0.10447761194030047
D,2,90,6,Transmittance IR,0.253731343283584,-1.3865550526227344,1.2222222222221941,0.3546415020480964,0.261194029850746,0.507247971779776,-0.7571209649998223,-1.0066557545604027,2.2209414562005834,2.0534058697752293,0.17156953910229267,0.7067669172932323,0.1641791044776284,2.7941176470583615,1.0294117647058578,0.6470588235294155,3.4230769230769904,3.4761904761904474,2.7999999999999714,1.187500000000011,1.1666666666665089,1.0999999999999788,1.1666666666665089,0.253731343283584,-3.069163164158824,4.333261575259083,0.1732346176171262,0.07846847841041288,0.14179104477611904,0.3432835820895441,0.5298507462686666,0.04477611940298591,0.2330827067669151,0.3208955223880521,0.3208955223880521,0.4179104477611941,0.5895522388059562,0.09701492537313408,0.10526315789473586,0.07264424473903246,-0.712542105830548,0.05282570348901995,-0.5432889481405156,-0.5432889481405156,0.6949213357296953,-0.15301203734550237,0.013616271454545973,0.8574100998629246,0.8574100998629246,-0.3138063981379255,-2.082155974425814,50.28997910888444,50.28997910888444,-0.000237137002069785,-0.021619126676947875,0.08270676691729245,0.08270676691729245,0.2761194029850739,0.10526315789473362
D,2,90,6,Transmittance RED,0.253731343283584,-1.366899936678329,1.2222222222222046,0.36350322558303716,0.2631578947368196,0.9819185649854353,-0.742734899215717,-0.9835273164013483,8.996559384978646,4.577521364880978,4.412435213246597,0.716417910447757,0.16541353383453056,2.8235294117645484,1.0303030303030016,0.6470588235294339,3.4230769230770997,3.4761904761909017,2.8460526315792523,1.187500000000222,1.153846153846238,1.0909090909095607,1.1428571428574328,0.253731343283584,-3.111422424926335,101.82431869690649,0.007326794246544367,0.0033312743343286056,0.14179104477611904,0.3432835820895441,0.533834586466149,0.04477611940298496,0.23308270676691012,0.3157894736842143,0.3157894736842143,0.41791044776119746,0.5895522388059781,0.09701492537313434,0.10526315789473811,0.07209109167675856,-0.7040495180678064,0.055548100950883306,-0.5340253626888982,-0.5340253626888982,0.6767461661915295,-0.16668721228983058,0.03680154023877298,0.8307438000645838,0.8307438000645838,-0.30015411233936823,-2.044751438605337,15.774408774354988,15.774408774354988,-1.0008364803308982e-05,0.43185004127109405,0.08270676691729421,0.08270676691729421,0.27407407407407236,0.10447761194029603
D,2,90,7,Reflectance GREEN,0.26119402985069434,-1.322327174796466,1.0158730158730636,0.3637497221995691,0.2835820895522453,0.8496152524226435,-0.4506308910298247,-0.6628580881698019,6.254404670237067,3.5069611086249743,2.750052857135061,0.5820895522388053,0.1716417910447929,2.2571428571428456,1.1142857142857499,0.6764705882352572,3.346153846153981,2.59090909090848,2.1999999999992044,1.3749999999999973,1.1538461538464566,1.090909090909279,1.0,0.26119402985069434,12.679911355146736,36.44302054099191,0.02584532834052797,0.009578028497186496,0.14179104477612206,0.34328358208955867,0.5223880597015023,0.04477611940298591,0.23308270676691012,0.31343283582090137,0.31343283582090137,0.4135338345864634,0.5671641791044642,0.09701492537313408,0.11194029850746241,0.04477349361687469,-0.626133318926549,-0.09455410110099122,-0.5858675902171174,-0.5858675902171174,0.5183457339214589,-0.07388686584724669,0.4984848795241055,0.7339855545324141,0.7339855545324141,-0.15002746892944138,-1.8394886172477232,0.7540800349763583,0.7540800349763583,-5.3164610210220143e-05,0.27735387650105897,0.0820895522388062,0.0820895522388062,0.2164179104477652,0.05263157894736793
D,2,90,7,Reflectance IR,0.2556390977443879,-1.3162192128098908,1.0158730158730562,0.36610988558512114,0.2857142857142735,0.7079744411813966,-0.36015484995785474,-0.6619581343618869,5.496939524477581,3.2663301297884155,2.2316435326985404,0.5820895522388142,0.17164179104478924,2.2647058823526756,1.1176470588234113,0.6764705882352572,3.346153846153981,2.5909090909087387,2.1999999999999575,1.3750000000000222,1.1538461538464566,1.0909090909095607,1.0,0.2556390977443879,2.8699869039905037,1.4746425522592292,0.6287507584899052,0.23404969953083424,0.14179104477612206,0.34328358208955867,0.5223880597015023,0.04477611940298591,0.23134328358210368,0.31343283582090137,0.31343283582090137,0.41044776119405496,0.5671641791044761,0.09701492537313408,0.11194029850746252,0.03581348986252054,-0.6233642373224833,-0.09538025512882417,-0.5821214383570497,-0.5821214383570497,0.5128898811117494,-0.07228280177431955,0.6081819243945348,0.734867332073136,0.734867332073136,-0.1514796293234787,-1.8298256513639886,0.48530664583623795,0.48530664583623795,-0.004142933009237588,0.12350552714574792,0.0820895522388075,0.0820895522388075,0.2164179104477652,0.05223880597015245
D,2,90,7,Reflectance RED,0.26119402985069434,-1.3170260682849668,1.0158730158730562,0.36617945843045696,0.2857142857142735,0.7499893194404716,-0.33076005790377283,-0.6507253378647382,5.887711585748194,3.3921083834380346,2.503048628074333,0.5820895522388142,0.17164179104478924,2.2571428571430543,1.114285714285937,0.6764705882352572,3.346153846153981,2.5454545454558137,2.1999999999998012,1.3750000000000222,1.1538461538464566,1.090909090909279,1.0,0.26119402985069434,2.1227094205585297,4.119957890904243,0.22840388216114335,0.08498123002417816,0.14179104477612206,0.34328358208955867,0.5223880597015023,0.04477611940298591,0.23308270676691012,0.31343283582090137,0.31343283582090137,0.4135338345864535,0.5671641791044761,0.09701492537313434,0.11194029850746241,0.03280878751230444,-0.6227038931482642,-0.0960897268312367,-0.587743054666011,-0.587743054666011,0.5125039676861128,-0.0716268300581113,0.6433875747586404,0.7280875752402478,0.7280875752402478,-0.14026352390254576,-1.8302830777135195,0.4172755893512988,0.4172755893512988,-0.006553886930728614,0.17053057408946426,0.08208955223880662,0.08208955223880662,0.2164179104477652,0.05263157894736681
D,2,90,7,Transmittance IR,0.255639097744377,-1.2721612800260602,1.032258064516076,0.37672302905827026,0.29104477611941326,0.5089691826114862,-0.7249517439674433,-0.613783013895931,1.9628623125839781,2.095205828076832,-0.10626172463164185,0.601503759398482,0.17910447761194284,2.3235294117648673,1.1470588235292642,0.6857142857142672,3.3846153846153006,2.6818181818177353,2.2999999999997014,1.4374999999995337,1.2307692307692244,1.1818181818179938,1.0,0.255639097744377,-2.9454300229156436,4.897325642482562,0.18867495613292962,0.07034858218624929,0.14179104477611904,0.34328358208955867,0.5223880597015023,0.04477611940298508,0.23134328358209386,0.31343283582090137,0.31343283582090137,0.41353383458647996,0.5671641791044882,0.09701492537313615,0.11194029850746479,0.07293164063831689,-0.6070861892357429,-0.09630909200940618,-0.5719315941671292,-0.5719315941671292,0.4854625282760347,-0.07105261373145227,0.13978419015582233,0.7011749218269422,0.7011749218269422,-0.1300360152184605,-1.75912147826198,4.849635327430192,4.849635327430192,-0.00018306352585664034,-0.07897544424165187,0.0820895522388075,0.0820895522388075,0.2180451127819534,0.05263157894736793
D,2,90,7,Transmittance RED,0.25757575757577195,-1.2476619455380182,1.0655737704917974,0.3773336556095062,0.2985074626865855,1.0177344828752368,-0.6900698864103583,-0.5930487780275746,9.578238982491456,4.767979151237505,4.720556168070696,0.6194029850746381,0.17910447761194284,2.3973684210525277,1.1470588235293706,0.6944444444444181,3.307692307692476,2.761904761904611,2.315789473684226,1.4117647058827463,1.2307692307692475,1.1818181818179938,1.000000000000812,0.25757575757577195,-3.085295088271608,133.58853847857085,0.006847314170110087,0.0026073369697776233,0.14074074074074022,0.3458646616541247,0.5263157894736905,0.0444444444444437,0.23134328358208958,0.31343283582089637,0.31343283582089637,0.417910447761193,0.5714285714285783,0.09701492537313615,0.11278195488721746,0.07130146809483243,-0.5974583620330816,-0.08707087065508876,-0.5676201782191612,-0.5676201782191612,0.46774453150163575,-0.10079466521807359,0.1791032057792235,0.6846552291780335,0.6846552291780335,-0.12129946377923126,-1.7096226376096815,3.7596862412948506,3.7596862412948506,-6.727313965516681e-06,0.46774846840249484,0.0820895522388075,0.0820895522388075,0.22388059701492716,0.05185185185185207
D,2,120,5,Reflectance GREEN,0.28000000000000114,-1.5047938619505334,2.37499999999991,0.16567870204419538,0.2599999999999909,0.7290480606896902,-0.33431623903917373,-1.2632775137491001,8.790497370637516,5.10579485502147,3.672285286247213,0.3599999999999984,0.17000000000001592,1.2857142857142567,0.928571428571443,0.6071428571428608,1.6666666666666496,1.0588235294117634,1.0624999999999445,1.0,1.0,1.0000000000012632,1.0,0.28000000000000114,0.9730602948626772,81.57105805716547,0.007177410005921829,0.004756981148986125,0.16,0.39,0.6262626262626205,0.05,0.2626262626262753,0.36363636363636287,0.36363636363636287,0.48,0.7070707070707031,0.11,0.12,0.029295017579723116,-0.9148493597557592,0.13135515994769043,-0.5534082122236449,-0.5534082122236449,0.8626448848296235,-0.1835011933198803,0.6184770062490206,0.9512946208236763,0.9512946208236763,-0.4046045936000392,-2.3677678997938063,0.14945780940956782,0.14945780940956782,2.295240979044486e-05,0.17505197237312559,0.09999999999999998,0.09999999999999998,0.3939393939393903,0.2
D,2,120,5,Reflectance IR,0.28000000000000114,-1.501212749164212,2.4782608695652173,0.17179442247635146,0.259999999999998,0.663944739887737,-0.2558730830949616,-1.2453800163223092,7.743962484830146,4.669728413114155,3.0639840647181136,0.36000000000001364,0.17000000000001592,1.2857142857142785,0.9285714285714866,0.6071428571428608,1.6190476190479284,1.058823529412227,1.0624999999999334,1.0,1.0,1.1249999999991118,1.0,0.28000000000000114,0.6063921903621918,3.075875862819977,0.1847957671686067,0.12634913216981555,0.16,0.39,0.6262626262626385,0.05,0.2626262626262753,0.3636363636363655,0.3636363636363655,0.48,0.7070707070707094,0.11,0.12,0.02242214564013604,-0.9116826373135974,0.1278686863897429,-0.5567225742104339,-0.5567225742104339,0.858369811355117,-0.14712022696221255,0.717556520289093,0.9437073023536091,0.9437073023536091,-0.3929237497505125,-2.3614487422157393,0.09959806154118753,0.09959806154118753,0.0002911100028530971,0.11030738882758628,0.09999999999999998,0.09999999999999998,0.41,0.21
D,2,120,5,Reflectance RED,0.28000000000000114,-1.4992769452097185,2.4782608695652173,0.17320797829524082,0.26000000000000145,0.6652150403414943,-0.232030559779959,-1.2461990738478426,7.838980403067769,4.727209390513311,3.1167736444846272,0.36000000000001364,0.17000000000001592,1.2857142857142785,0.9285714285714866,0.6071428571428608,1.619047619047574,1.1176470588227032,1.062499999999939,1.0,1.0,1.1249999999987566,1.0,0.28000000000000114,0.5218718269603538,8.283487483395856,0.06862427032754706,0.04693676545931992,0.16,0.39,0.63,0.05,0.26262626262627153,0.3636363636363655,0.3636363636363655,0.48,0.7171717171717106,0.11,0.12,0.02033399730945967,-0.908874408261729,0.12640173718690467,-0.5564905070900252,-0.5564905070900252,0.8540625810580416,-0.16678274962668105,0.7465612724646149,0.9434583787036839,0.9434583787036839,-0.38748773752826077,-2.3528452987571975,0.0867908711653685,0.0867908711653685,8.788771085631113e-05,0.10991525131158297,0.09999999999999998,0.09999999999999998,0.41,0.21
D,2,120,5,Transmittance IR,0.28000000000000114,-1.4983467148637581,2.4782608695652173,0.17481616253458632,0.259999999999998,0.6466482116492533,-0.8068617453758566,-1.2487437251025455,6.133245585847616,3.9571809199700394,2.1688075370738398,0.36000000000001364,0.17000000000001592,1.2857142857142785,0.9285714285714866,0.6071428571428608,1.619047619047574,1.1176470588234113,1.0624999999999445,1.0,1.0,1.1249999999991118,1.0,0.28000000000000114,-6.254572145781626,5.937842229525362,0.09553826039633992,0.06548464273504509,0.16,0.39,0.63,0.05,0.262626262626264,0.36363636363636287,0.36363636363636287,0.48,0.8383838383838307,0.11,0.12,0.07062443300910978,-0.9088055461685128,0.12790032710174998,-0.5552573052276821,-0.5552573052276821,0.8526841632989152,-0.22246763356059035,-0.14179886289166105,0.9456680763003118,0.9456680763003118,-0.39185586665260674,-2.34934160505879,-2.0716889157428353,-2.0716889157428353,-0.00028569551925701025,0.09491333998007973,0.09999999999999998,0.09999999999999998,0.41,0.21
D,2,120,5,Transmittance RED,0.28000000000000114,-1.4946384400962827,2.1153846153848095,0.1615601361286332,0.26020833333338844,0.7580554794254584,-0.8149074331301988,-1.2246369311974257,9.604471203818171,5.5063500149856095,4.11597459226547,0.36000000000001364,0.17000000000007276,1.285714285714329,0.9285714285714866,0.6071428571429731,1.7619047619047425,1.0588235294118826,1.0624999999999556,1.0,1.0000000000002842,1.0,1.0,0.28000000000000114,-5.832737219891344,116.39561065163792,0.0053305359552645,0.003339970583503652,0.16,0.39,0.63,0.05,0.26262626262626776,0.3636363636363655,0.3636363636363655,0.48,0.7575757575757506,0.11,0.12121212121212009,0.07147574197357953,-0.9091926353035165,0.132285691318572,-0.5583247711654438,-0.5583247711654438,0.8521741205729307,-0.2279736914053544,-0.16017744276447016,0.9359311802790169,0.9359311802790169,-0.37747749282419235,-2.3449679080887336,-1.7289315365276603,-1.7289315365276603,-1.4212574340330543e-05,0.20424975304876924,0.09999999999999998,0.09999999999999998,0.3668417862194365,0.1708585858585851
D,2,120,6,Reflectance GREEN,0.30303030303031175,-1.6372795312512758,1.9677419354838135,0.07928226307695674,0.27272727272725183,0.6061782908271847,-0.39223318380460187,-1.4040723053732864,8.701168585447618,5.430710427901499,3.237082529191826,0.3737373737373776,0.18000000000000682,1.2333333333333019,0.9,0.5937500000000056,1.9130434782608714,1.0526315789473213,1.0000000000000313,1.0,1.0,1.0,1.0,0.30303030303031175,1.2934805849941684,71.064739614285,0.011205921259972126,0.006158847424755452,0.18,0.42,0.67,0.07,0.29,0.4,0.4,0.52,0.79,0.11000000000000001,0.13,0.031183236451991135,-0.9568153034121223,0.12931695447398184,-0.5878526698885795,-0.5878526698885795,0.9493836300525744,-0.23018298897697323,0.5390372062084474,1.0459123597326716,1.0459123597326716,-0.4531265720505254,-2.5843803390268447,0.09829308879786743,0.09829308879786743,4.600737879622241e-05,0.01675926770271663,0.10101010101010592,0.10101010101010592,0.29,0.08
D,2,120,6,Reflectance IR,0.30303030303031175,-1.633836285450728,1.9062500000000002,0.07777690780359767,0.2700000000000955,0.5260272384058384,-0.30073896108797393,-1.3950930420802654,7.293522802264574,4.807449399984419,2.490485226008707,0.37373737373738025,0.18000000000000682,1.2333333333333019,0.9000000000000427,0.5999999999998106,1.8695652173910626,1.055555555555503,1.000000000000011,1.000000000000203,1.0,1.0,1.0,0.30303030303031175,0.7621614498339961,2.775788478029666,0.2881051520396084,0.15702502242244312,0.18,0.42,0.67,0.07,0.29,0.4,0.4,0.52,0.79,0.10999999999999999,0.13,0.023920692140128614,-0.9545840483185692,0.12722869908281975,-0.5897545562582638,-0.5897545562582638,0.945670327057918,-0.22278802371904904,0.6605864836008478,1.0395793584710136,1.0395793584710136,-0.45147071156916446,-2.57782606527799,0.05757949643079785,0.05757949643079785,0.0004363940360676595,-0.0633586102535531,0.10101010101010156,0.10101010101010156,0.28282828282828026,0.08
D,2,120,6,Reflectance RED,0.30303030303031175,-1.6292422156068027,1.9062500000000002,0.08045424548365476,0.27272727272725183,0.534355619738738,-0.2719917933449657,-1.3942957402787894,7.510573669518008,4.919062515195845,2.6037810979987968,0.37999999999999545,0.18000000000000682,1.2333333333333019,0.9000000000000853,0.5999999999998106,1.863636363636374,1.0000000000005984,1.0000000000000835,1.0,1.0,1.0,0.9999999999997868,0.30303030303031175,0.6472758568300547,7.5125868477071585,0.10630311727022503,0.05806969307490631,0.18,0.42,0.67,0.07,0.29,0.4,0.4,0.52,0.79,0.10999999999999999,0.13,0.021691752251918717,-0.9508886067797317,0.12435579755725519,-0.5804026219467384,-0.5804026219467384,0.9407904981946049,-0.22317508335297592,0.6967854372142723,1.041487679471615,1.041487679471615,-0.45865048834706224,-2.5677846009783796,0.05073539091413587,0.05073539091413587,0.0001260005583613863,-0.04148095732441645,0.10999999999999999,0.10999999999999999,0.28282828282828026,0.08
D,2,120,6,Transmittance IR,0.30303030303031175,-1.6303000612173848,1.9062500000000002,0.0793888984897044,0.27272727272725183,0.5107117597603716,-0.854066850417237,-1.3826364659852184,5.413956123111742,3.89808888226412,1.5131050604884018,0.37999999999999545,0.18000000000000682,1.2333333333333019,0.9000000000000853,0.5999999999999243,1.8636363636363562,1.0000000000005984,1.0,1.0,1.0,1.0,0.9999999999988631,0.30303030303031175,-5.385214531476125,6.085931619052857,0.1309509093779655,0.07158932626048506,0.18,0.42,0.67,0.07,0.29,0.4,0.4,0.52,0.79,0.10999999999999999,0.13,0.06774380944852401,-0.9530002914330324,0.12901994800315505,-0.5897211194685601,-0.5897211194685601,0.9432722819222038,-0.2314068550149716,-0.25896316829230076,1.0338118391339757,1.0338118391339757,-0.4441458903432298,-2.5723023307989132,-0.5558210951144584,-0.5558210951144584,-0.00026409931762755876,-0.08231139735581083,0.10101010101010302,0.10101010101010302,0.28282828282828026,0.08
D,2,120,6,Transmittance RED,0.30612244897961105,-1.6256274164380824,2.0999999999999774,0.09479651406456208,0.2772277227722527,0.6270342146436919,-0.8446030057782021,-1.4165932619149795,9.56698432745788,5.91141618744442,3.648847595934342,0.37999999999999545,0.18181818181812961,1.2333333333333019,0.9000000000002653,0.5999999999996969,1.8260869565214168,1.0526315789473213,1.0000000000003344,1.0,1.0,1.0,1.0,0.30612244897961105,-5.406427821980893,132.3570345316095,0.005716363494661,0.0033305877053987935,0.18,0.42,0.6767676767676706,0.060606060606062225,0.2929292929292902,0.4,0.4,0.52,0.7878787878787842,0.11111111111111009,0.12871287128712988,0.06736509687888174,-0.9521073850675517,0.13614761528786917,-0.5833367211015124,-0.5833367211015124,0.9488647497392584,-0.2694128564617884,-0.24916060466285117,1.0498252098242147,1.0498252098242147,-0.4627314267943521,-2.5701135144170424,-0.6953718533322604,-0.6953718533322604,-1.2226886497283013e-05,0.038093017042144794,0.10679611650485718,0.10679611650485718,0.3030303030303002,0.09
D,2,120,7,Reflectance GREEN,0.3299999999999841,-1.6641378377576201,2.3571428571429336,0.08377336717677865,0.2929292929293109,0.472557893238046,-0.4480616683964836,-1.3374659672833094,8.32515613985153,5.714886094634011,2.608864425410762,0.40999999999996817,0.19000000000005457,1.242424242424292,0.9062499999999944,0.5757575757576697,1.6043478260868376,1.0500000000000995,1.055555555555503,1.0714285714280785,1.0909090909087387,1.1111111111097076,1.0,0.3299999999999841,1.8943198133921704,61.16311856852103,0.013646670833868925,0.008007786020927034,0.19,0.45,0.71,0.08,0.31313131313131026,0.4242424242424203,0.4242424242424203,0.55,0.81,0.12,0.1313131313131301,0.0338474481276225,-0.9293572296247931,0.06857232904350809,-0.616102470109769,-0.616102470109769,0.9090302786532339,-0.22681515361681115,0.46731957119618084,1.0452279801624513,1.0452279801624513,-0.42676269779916515,-2.571508622021356,0.1401849267604789,0.1401849267604789,0.00020749764014774016,-0.15142520493632888,0.10999999999999999,0.10999999999999999,0.3,0.08
D,2,120,7,Reflectance IR,0.3299999999999841,-1.6622209293420507,2.357142857142857,0.08126206132719395,0.2929292929292822,0.4076074286467025,-0.34060367440516753,-1.3412875940712907,6.971641138040442,5.017173806338125,1.95768100596278,0.40999999999996817,0.19000000000002615,1.24242424242426,0.9062499999999944,0.5757575757576697,1.8333333333332815,1.050000000000008,1.055555555555503,1.0714285714280785,1.090909090908997,1.0000000000004263,1.0,0.3299999999999841,0.9826288682768485,2.5370311785326676,0.3323591775006904,0.19355259366892835,0.19,0.45,0.71,0.08,0.31313131313131026,0.4242424242424203,0.4242424242424203,0.55,0.81,0.12,0.1313131313131301,0.025658410312593843,-0.9313011503267493,0.07064447093201706,-0.6219322587686599,-0.6219322587686599,0.9105548191905943,-0.22652683557669295,0.6124458262526187,1.0433166482764504,1.0433166482764504,-0.4216033093380033,-2.5717694683569943,0.0747536708906424,0.0747536708906424,0.0006912219103612038,-0.20751739338579653,0.10999999999999999,0.10999999999999999,0.3,0.08
D,2,120,7,Reflectance RED,0.3299999999999841,-1.6597964430982084,2.357142857142857,0.08273278433921005,0.2929292929292976,0.41160468188474447,-0.3106655803689209,-1.3356297202644436,7.157347120890426,5.116637075413025,2.0352206690801227,0.40999999999996817,0.19000000000005457,1.2424242424242764,0.9062500000000188,0.5757575757576697,1.8333333333334814,1.0500000000000995,1.055555555555503,1.0714285714276435,1.090909090908997,1.0000000000005684,1.0,0.3299999999999841,0.8278862994728118,6.854292011899666,0.12300197719302536,0.07165947000265539,0.19,0.45,0.71,0.08,0.3131313131313125,0.4242424242424203,0.4242424242424203,0.55,0.81,0.12,0.1313131313131301,0.023427358771359607,-0.9276112102729539,0.06766530848608299,-0.6168374805486105,-0.6168374805486105,0.9056553200089662,-0.22440099870019392,0.6508353871137528,1.0422647016405393,1.0422647016405393,-0.42553243892626524,-2.5640837692317384,0.06478011367444853,0.06478011367444853,0.00019092933580876692,-0.20944924698570513,0.10999999999999999,0.10999999999999999,0.3,0.08
D,2,120,7,Transmittance IR,0.3299999999999841,-1.647281013183088,2.357142857142857,0.08446654834711909,0.2999999999999545,0.3889829249074114,-0.8900664601573414,-1.3177061714604095,5.020377019402014,3.9733378878967125,1.0363529484001939,0.4099999999999966,0.19191919191918785,1.242424242424292,0.9090909090908151,0.5937499999999528,1.8750000000000517,1.0500000000000267,1.055555555555503,1.000000000000379,1.090909090908997,1.0000000000000533,1.0,0.3299999999999841,-4.378441155487783,6.461769373844421,0.13030750880241154,0.07605915984395606,0.19,0.45,0.71,0.07070707070707108,0.3131313131313125,0.4242424242424203,0.4242424242424203,0.55,0.81,0.12,0.13496349634963778,0.0668152525665181,-0.9263676785649928,0.07170429445347251,-0.6180406076406783,-0.6180406076406783,0.9015930429431482,-0.2378713551948764,-0.29673229630982745,1.0310339801465351,1.0310339801465351,-0.41256933113475514,-2.5475629152546784,-0.53777810834163,-0.53777810834163,-0.0002233615499061304,-0.23212254197850285,0.10999999999999999,0.10999999999999999,0.3,0.08
D,2,120,7,Transmittance RED,0.3299999999999983,-1.629582495461392,2.576923076923077,0.09255525228720149,0.29896907216490254,0.49597196621894096,-0.8656104144800036,-1.327753855700848,9.737118066966136,6.486253652329945,3.184230856755617,0.4129163362410735,0.1938775510204659,1.2499999999999556,0.9090909090908151,0.5937499999997224,1.4999999999999991,1.0526315789473213,1.055555555555503,1.000000000000785,1.0,1.000000000000142,1.0,0.3299999999999983,-4.590338060487667,153.78048219815304,0.005276905131034807,0.0032080284487995643,0.19191919191919016,0.45454545454545037,0.7171717171717106,0.07070707070707007,0.31683168316830634,0.42574257425742656,0.42574257425742956,0.56,0.8118811881188192,0.11881188118811987,0.13592233009709098,0.06567879875577584,-0.9229839458591615,0.08149770557929426,-0.6057998420333846,-0.6057998420333846,0.8974362717390423,-0.2770784436053616,-0.26103903110026727,1.0213043496833163,1.0213043496833163,-0.4100266410016651,-2.531255475563598,-0.6516540060997776,-0.6516540060997776,-9.483528953471238e-06,-0.11232299447241256,0.10999999999999999,0.10999999999999999,0.31,0.07920792079207992
D,3,60,5,Reflectance GREEN,0.20999999999999375,-1.5179152827044091,0.75,0.42344612761735567,0.2121212121211895,1.0525104613288674,-0.40999780700639266,-1.0975045501901217,4.896565963471964,2.507996751418484,2.3731107294382037,0.5929648241206037,0.1306532663316531,2.833333333333325,1.023809523809519,0.6190476190476835,4.290322580645262,3.7200000000000273,3.5652173913042833,1.263157894737283,1.1333333333336113,1.1666666666665089,1.0000000000007105,0.20999999999999375,9.282476838689215,39.314310634055325,0.019952028914237443,0.0067251844502775795,0.12060301507537632,0.275,0.42,0.0502512562814069,0.195,0.2562814070351747,0.2562814070351747,0.3316582914572849,0.46231155778894595,0.07035175879396952,0.08040201005025091,0.03724366505325829,-0.6774203938541659,0.04396016383667266,-0.5782398481345729,-0.5782398481345729,0.7350225420846057,-0.11727117334970905,0.5313204874774355,0.9373340330566415,0.9373340330566415,-0.3640621079195122,-2.256930827090285,0.822633629785852,0.822633629785852,-5.3995102006407465e-05,0.46446555950674384,0.065,0.065,0.22,0.09547738693467293
D,3,60,5,Reflectance IR,0.20999999999997954,-1.5165538530295994,0.7499999999999934,0.4213700400076662,0.21105527638191657,1.040029549380486,-0.3306559372064428,-1.09204741031365,5.371081564583525,2.6339354093578304,2.736780002105605,0.5929648241206037,0.1306532663316531,2.8333333333332207,1.0238095238095362,0.6190476190476577,4.290322580645125,3.7200000000000273,3.5652173913041465,1.3333333333330175,1.1333333333336113,1.1666666666665089,1.0000000000007105,0.20999999999997954,2.652734139552953,1.7237854533420736,0.45733899023497804,0.15381334166270388,0.12060301507537632,0.27638190954773745,0.42211055276381715,0.05025125628140681,0.19597989949748654,0.2562814070351747,0.2562814070351747,0.3316582914572849,0.4623115577889426,0.07035175879396952,0.08040201005025091,0.030033998022355794,-0.6791175905775284,0.04503276791137882,-0.5792425125401265,-0.5792425125401265,0.7366268091458423,-0.10571177174987129,0.6320065322242668,0.9349224017223585,0.9349224017223585,-0.3526164642254782,-2.25256877912798,0.539707726859476,0.539707726859476,-0.005500254712880161,0.46011314052719887,0.065,0.065,0.22,0.09547738693467293
D,3,60,5,Reflectance RED,0.21000000000000085,-1.5088267766717727,0.7500000000000088,0.4277032263684747,0.21500000000003183,1.0594022026265688,-0.3163485903921396,-1.0764705455789647,5.543782456280008,2.6894162615373616,2.850532126871957,0.5979899497487399,0.1306532663316531,2.8333333333334685,1.023809523809536,0.6190476190476577,4.290322580645125,3.759999999999991,3.5652173913049174,1.263157894737283,1.1333333333336113,1.1666666666665089,1.0000000000007105,0.21000000000000085,2.3705170300079477,4.325730158701327,0.18299736469716088,0.06144831096254233,0.12060301507537632,0.27638190954773745,0.42211055276381715,0.05025125628140681,0.19597989949748654,0.2562814070351747,0.2562814070351747,0.3316582914572849,0.4623115577889426,0.07035175879396952,0.08040201005025091,0.028975750007579047,-0.6713291498701934,0.04183600950693507,-0.5779769039567498,-0.5779769039567498,0.7253564656748958,-0.10434379581758274,0.6499979951994777,0.9274620023217286,0.9274620023217286,-0.34674699847621443,-2.2336758418910527,0.5123985637734448,0.5123985637734448,-0.0049870688763112665,0.4837147362922221,0.065,0.065,0.21608040201004927,0.09547738693467293
D,3,60,5,Transmittance IR,0.20999999999997954,-1.4360307454081562,0.7523809523809524,0.44002083699428035,0.21999999999999886,0.10878226839895112,-0.6487334068010222,-1.0405918514336792,0.9828866006833819,1.426496653022651,-0.43555282545604973,0.6080402010049835,0.1349999999999909,2.904761904762253,1.0476190476192797,0.6428571428570752,4.322580645161361,3.800000000000182,3.6521739130436557,1.3157894736842262,1.1333333333339901,1.1217948717951964,1.0000000000000888,0.20999999999997954,-3.164603569062881,3.9712544648320547,0.19478404729511578,0.06637960414000893,0.12,0.275,0.42211055276381715,0.05,0.19095477386934587,0.2562814070351747,0.2562814070351747,0.3316582914572849,0.465,0.07035175879396952,0.08500000000000002,0.06010128422097988,-0.6542017650448703,0.04621842835580527,-0.5438612354639261,-0.5438612354639261,0.6910764853433837,-0.10825405150691776,0.1917055303764191,0.8945306032987539,0.8945306032987539,-0.3469817883072355,-2.126118854961722,4.182425162282804,4.182425162282804,-0.00022412680094767006,-0.43201299908546786,0.06532663316582885,0.06532663316582885,0.22110552763818994,0.09547738693467293
D,3,60,5,Transmittance RED,0.20895522388059884,-1.3884909194848136,0.7523809523809524,0.45209888114742613,0.22500000000002274,1.2597740570241307,-0.6368452581481373,-1.0084218672210055,5.6731354686133315,2.727817340718081,2.9574116203952254,0.6130653266331767,0.13567839195978923,2.951219512195234,1.0731707317073205,0.6428571428572976,4.387096774193377,3.7999999999999776,3.6956521739131,1.3684210526315475,1.2,1.076923076923447,1.0000000000003553,0.20895522388059884,-3.1266677330713417,87.40326871940232,0.008904883738710553,0.003014050048656898,0.11557788944723649,0.27638190954773745,0.42211055276381715,0.045226130653266125,0.19095477386934587,0.2562814070351747,0.2562814070351747,0.335,0.465,0.07035175879396953,0.08500000000000002,0.06015122327177866,-0.6383404631537345,0.04499615818513671,-0.5192203433851493,-0.5192203433851493,0.6645114943561924,-0.1294519342715908,0.2095595292454076,0.8692408648563286,0.8692408648563286,-0.3536547315370427,-2.0550018591023433,3.9349292928615744,3.9349292928615744,-9.860138697984081e-06,0.7321399777114481,0.06532663316582885,0.06532663316582885,0.22,0.09
D,3,60,6,Reflectance GREEN,0.21608040201005269,-1.3461452612910412,0.7777777777777778,0.39317819720695746,0.28643216080401535,0.9651748745935376,-0.39822298282788615,-0.3959536669891893,3.8247532438582126,2.0798899640127018,1.7538943426448128,0.6331658291457212,0.15075376884421185,2.9080338266386234,1.3218816067654227,0.6976744186046565,4.09374999999919,3.807692307692476,3.5833333333332544,1.9000000000000852,1.375000000000444,1.3076923076922573,1.1250000000000666,0.21608040201005269,-19.74840836644227,30.393200770390777,0.021775754984000167,0.00909659187093076,0.125,0.2814070351758781,0.42,0.050251256281408245,0.195,0.25125628140703404,0.25125628140703404,0.32663316582915825,0.42,0.07035175879396952,0.08585858585858878,0.04212485606334381,-0.5019920493832304,-0.1602086307667613,-0.661145860866985,-0.661145860866985,0.37078196767714733,0.07048562497342548,0.5757358366861964,0.6863891353573592,0.6863891353573592,-0.02469868678758845,-1.7175047061166893,0.7674143703915528,0.7674143703915528,-3.9277603210200536e-05,0.3045357331547993,0.06,0.06,0.2914572864321605,0.18
D,3,60,6,Reflectance IR,0.21608040201005269,-1.3416804687121198,0.7777777777777699,0.3933210878441876,0.28643216080401535,1.057792064630352,-0.329571801175799,-0.3836436928826654,4.681895269823649,2.2809718041182974,2.4030203050686696,0.6331658291457212,0.15075376884421926,2.9302325581394673,1.3255813953488003,0.6976744186046615,4.0937500000000036,3.8461538461535603,3.5833333333332544,1.8999999999995452,1.375000000000444,1.3076923076922762,1.1250000000000666,0.21608040201005269,6.5513425642537815,1.3407362263364173,0.4931906387695688,0.20567389093747757,0.125,0.2814070351758781,0.42,0.05025125628140752,0.19095477386934723,0.25125628140703404,0.25125628140703404,0.3266331658291489,0.42,0.07035175879396952,0.08999999999999997,0.03472950944008871,-0.5002787269701481,-0.1600324122650795,-0.6630953858439754,-0.6630953858439754,0.3661337718169331,0.07454367311503349,0.6531208168555351,0.679646206350548,0.679646206350548,-0.017895282794388172,-1.7076886875979824,0.5493904717123476,0.5493904717123476,-0.0014629692588610207,0.40435439176360455,0.06030150753768816,0.06030150753768816,0.29145728643215946,0.18
D,3,60,6,Reflectance RED,0.21608040201005269,-1.3355445335343386,0.7777777777777699,0.3969782428216929,0.29000000000002046,1.1190041692538981,-0.31106202962096097,-0.37389282259997836,4.974951248005508,2.3469535272413697,2.626280609264442,0.6349999999999909,0.15075376884422612,2.9302325581395,1.3255813953489541,0.6976744186046665,4.093750000000094,3.8461538461536655,3.6249999999998814,1.9000000000000852,1.375000000000444,1.3076923076923035,1.1250000000000666,0.21608040201005269,4.767172465510939,3.490711085326917,0.18953682626647933,0.07904655555129764,0.12060301507537804,0.2814070351758781,0.42,0.05025125628140681,0.19095477386934653,0.25125628140703404,0.25125628140703404,0.32663316582915125,0.42,0.07035175879396952,0.09000000000000002,0.03302448996614389,-0.4951705756312258,-0.1615918854208615,-0.6567249891329583,-0.6567249891329583,0.36009168016787974,0.07576903606456048,0.6738056314723897,0.6772260505896561,0.6772260505896561,-0.020220261716526237,-1.695682110426279,0.5105444315544307,0.5105444315544307,-0.0006739792684733394,0.46633396818421186,0.06030150753768816,0.06030150753768816,0.29145728643215946,0.18
D,3,60,6,Transmittance IR,0.21608040201005269,-1.2504649186950525,0.7802197802197802,0.41493010332446534,0.3050000000000068,-0.04063251011023164,-0.5823309817071036,-0.31502461937974785,0.6804890029387645,1.3422732207978827,-0.6610548013975359,0.6532663316582656,0.15577889447236223,3.0232558139534667,1.418604651162734,0.7209302325581453,4.156249999999993,3.814814814815076,3.7499999999997633,2.049999999999881,1.4375000000003997,1.2857142857148658,1.2499999999989342,0.21608040201005269,-2.7655607544450027,4.461059361587356,0.14635842359452794,0.06176488849480866,0.12,0.2814070351758781,0.42211055276381715,0.05,0.19,0.25,0.25,0.33,0.42211055276381715,0.07035175879396952,0.09045226130653276,0.06244251371415463,-0.47072486845657247,-0.15833870270105316,-0.6241605983628098,-0.6241605983628098,0.3185099082721854,0.07713384369305028,0.3720019060603694,0.6232551180489982,0.6232551180489982,-0.0002644670477221304,-1.569128368944808,1.8967238620137687,1.8967238620137687,-0.00015278744105238904,-0.675942573907129,0.06030150753768816,0.06030150753768816,0.2964824120603001,0.1758793969849257
D,3,60,6,Transmittance RED,0.21608040201005269,-1.2050154047681803,0.7912087912087913,0.43181919956540726,0.3199999999999932,1.4687922636716468,-0.5585695064494729,-0.30317790014736035,6.888116496826431,2.916989313656616,3.6687568476080914,0.6633165829145664,0.160804020100502,3.068181818181821,1.476190476190431,0.7441860465116337,4.1249999999995115,3.888888888889193,3.7200000000000273,2.149999999999261,1.5000000000000888,1.3571428571429731,1.1111111111116725,0.21608040201005269,-2.8060420628011733,118.48048831999947,0.00556140588909753,0.0023338735945935708,0.1161616161616151,0.28140703517588617,0.42211055276381715,0.045226130653266125,0.18952736318407737,0.25,0.25,0.3316582914572873,0.425,0.07035175879396978,0.0954773869346729,0.06173493796327604,-0.4545589420180848,-0.15179256185206294,-0.6107627109828286,-0.6107627109828286,0.30119903094286116,0.04593426128528219,0.3945493757913003,0.5962544443843542,0.5962544443843542,0.0052913618080348696,-1.5013496467618723,1.8565038899320663,1.8565038899320663,-5.576569890162695e-06,0.8451934947153176,0.06030150753768838,0.06030150753768838,0.2964824120603086,0.17543969849246188
D,3,60,7,Reflectance GREEN,0.22999999999998977,-1.0137994160724908,1.0549450549450579,0.4544964914617442,0.38190954773869384,0.5186455511822341,-0.1760635429887087,-1.0608749180210415,3.844037024569406,2.8564143172858962,1.0100977571499532,0.6850000000000023,0.22110552763821736,2.97826086956536,1.673913043478089,0.9777777777777974,3.8285714285712706,3.655172413793122,3.3703703703704795,2.347826086956715,1.9999999999998421,1.8125000000000777,1.4999999999994316,0.22999999999998977,-5.451768936962994,26.700023615148613,0.026948603940561117,0.011171556582077899,0.11557788944723565,0.3869346733668324,0.5427135678391936,0.045,0.18,0.3065326633165859,0.3417085427135712,0.455,0.5728643216080376,0.07035175879397004,0.2060301507537679,0.04709480136214711,-0.3224290143132962,-0.10842457422855253,-0.06717199957649392,-0.0866233893596571,0.19759210029059454,-0.025548202583542203,0.8239364570112913,0.9477993386977772,0.9282422118239424,-0.8620069851819907,-1.2109644254748075,0.6738372418375931,0.6738372418375931,-2.011639041711809e-05,0.43578662368516474,0.13,0.16499999999999998,0.3165829145728674,0.2211055276381923
D,3,60,7,Reflectance IR,0.22999999999998977,-1.0097072813474726,1.0444444444444445,0.45707926233287394,0.3850000000000051,0.47721595511727954,-0.1381709623179488,-1.048593399579802,4.500370678346997,3.051925846653148,1.4503884498814141,0.6884422110552755,0.22499999999999964,3.0000000000001235,1.6888888888888047,0.9782608695652362,3.8285714285714514,3.689655172413871,3.407407407407232,2.347826086957833,2.0,1.8125000000001332,1.4999999999999645,0.22999999999998977,378.8273622994988,1.2424545827083833,0.5780990004176236,0.23992907422431303,0.11557788944723565,0.3869346733668324,0.5427135678391936,0.045,0.1804522613065348,0.3065326633165815,0.345,0.45728643216080195,0.5728643216080376,0.07035175879396999,0.21000000000000002,0.03842517564407988,-0.3212046128035555,-0.10933289070051319,-0.06943603199076559,-0.08950298702990575,0.19714177152308565,-0.021519433546327953,0.8618290376820512,0.9412035961027407,0.9202790005274161,-0.8511494835290607,-1.206884281820318,0.5285691425324115,0.5285691425324115,-0.0005904352094194196,0.3879980899180151,0.12562814070351702,0.16499999999999998,0.32,0.225
D,3,60,7,Reflectance RED,0.23000000000000043,-1.0055914119151885,1.0444444444444445,0.4595048768771859,0.38693467336685183,0.5236701949019098,-0.1291764114084636,-1.040160082030446,4.7727167624847,3.137342524202499,1.6271274785140395,0.6884422110552755,0.22613065326629636,2.9999999999999982,1.6956521739130166,0.9782608695652362,3.8285714285714416,3.600000000000682,3.407407407407464,2.391304347826113,2.0,1.8125000000001332,1.4999999999999867,0.23000000000000043,19.061822469297713,3.241961961689728,0.2217581718347118,0.09211144552340245,0.11557788944723565,0.3869346733668324,0.5427135678391936,0.045,0.1809045226130645,0.3065326633165815,0.34170854271357604,0.45728643216080195,0.5728643216080376,0.07035175879396982,0.21000000000000002,0.03653257065619094,-0.32050281223218247,-0.11056445485963293,-0.07181221711969205,-0.09043044293280564,0.19563610202343218,-0.02093059910604705,0.8708235885915364,0.9344389319490837,0.9150577886783331,-0.8434373430824996,-1.2005558396054616,0.5011654566834918,0.5011654566834918,-0.0002501284514177163,0.43294143163623333,0.1256281407035179,0.16499999999999998,0.32,0.225
D,3,60,7,Transmittance IR,0.22613065326633072,-0.953249368062124,1.055555555555545,0.4837275263380994,0.4170854271356685,-0.1610216201160095,-0.20907840321022964,-0.9628197318641536,0.7603325603712239,1.9358868531481233,-1.164344526589899,0.7085427135678444,0.23618090452261142,3.133333333333371,1.8444444444444557,1.0444444444444052,3.914285714285473,3.7333333333332392,3.592592592592936,2.6086956521740046,2.052631578947321,1.9375000000000555,1.5454545454566124,0.22613065326633072,-2.3204830308777624,6.366238858484246,0.11048505175502735,0.04591880857394372,0.11055276381909497,0.39,0.5427135678391962,0.04,0.175,0.3,0.34170854271356843,0.45728643216080195,0.575,0.07035175879396985,0.21608040201004927,0.06829589816659207,-0.30447578933702113,-0.10662726475327708,-0.06981105355737413,-0.09756503546169826,0.17776796461692554,-0.024264777678507134,0.7908415493702816,0.8830273135243076,0.8551601444670192,-0.7854240245581159,-1.1308180742797234,1.0750053631180183,1.0750053631180183,-5.634725439468659e-05,-0.2607260327871867,0.125628140703517,0.16999999999999998,0.32663316582914426,0.23
D,3,60,7,Transmittance RED,0.22727272727271944,-0.9190256162440738,1.042781972088767,0.5099528953510855,0.43939393939393767,1.0397379454540114,-0.17728999434586387,-0.9546762448554031,8.79537490569096,4.245380217492105,4.389123256773576,0.7196059113300363,0.24257425742574926,3.1590909090909767,1.933333333333207,1.0666666666666371,3.8840336134454065,3.8000000000005305,3.6362433862433177,2.7826086956518945,2.105263157894773,1.9411764705882057,1.5555555555551783,0.22727272727271944,-2.4640753191425846,210.73310782220113,0.003444603714688462,0.0013921369613404296,0.11,0.3898717948717946,0.5295573675014594,0.0355329949238575,0.17,0.29145728643215996,0.3424960624015576,0.4556639487478189,0.5628140703517562,0.07070707070707005,0.22,0.06581951008484593,-0.30665017624950874,-0.08965176392793736,-0.04850693611856924,-0.1465878842235803,0.20448120180965743,-0.08330317034306528,0.8214520052921085,0.8784202466594119,0.7878239846421775,-0.7600149512556367,-1.1289693405956,1.074136702705422,1.074136702705422,-1.6250235512071069e-06,0.9047165348021973,0.12,0.17412935323383166,0.32,0.2115882442515654
D,3,90,5,Reflectance GREEN,0.24626865671642661,-1.599643709321785,1.2156862745097956,0.36673471634093335,0.23134328358209066,1.0417884962022095,-0.37357947454595397,-1.417060332372517,7.561448430005369,3.7544540367669015,3.807530951130832,0.6865671641790934,0.14925373134328002,2.7878787878784905,0.939393939393908,0.6060606060605963,3.6249999999998814,3.599999999999318,3.210526315789584,1.066666666666995,1.0000000000000593,1.0,1.0,0.24626865671642661,2.3051740008823685,51.6096739012349,0.012812854456134368,0.0063372188693797986,0.14285714285713846,0.33082706766916276,0.5149253731343161,0.052631578947371305,0.23308270676691012,0.31343283582090137,0.31343283582090137,0.4060150375939898,0.5746268656716403,0.08955223880596992,0.09701492537313615,0.03584476430333649,-0.8218697806567983,0.16576986553386597,-0.5551990666126321,-0.5551990666126321,0.9394563539358887,-0.230191595439626,0.5630463676031908,1.0395580339490913,1.0395580339490913,-0.48791596821345445,-2.54066722326123,0.5304405623175491,0.5304405623175491,-0.0006743481778202326,0.471268333550133,0.08208955223880597,0.08208955223880597,0.30597014925373056,0.14925373134328004
D,3,90,5,Reflectance IR,0.24626865671641862,-1.6040434920558873,1.2156862745097956,0.36494763891322207,0.23134328358209066,0.945597127689177,-0.2857093164498156,-1.409343602753971,6.669328590793326,3.435371481663033,3.2413914476245096,0.3834586466165391,0.14925373134327788,1.5937499999997224,0.9393939393939107,0.6060606060606009,3.6250000000007403,1.6315789473684525,3.1578947368421133,1.066666666666995,1.0000000000000149,1.0,1.0,0.24626865671641862,1.130697992477837,2.2653001689850463,0.2912922837621401,0.1443213706925151,0.14285714285713846,0.3283582089552439,0.5149253731343161,0.052631578947369057,0.23134328358210368,0.31343283582090137,0.31343283582090137,0.40601503759398117,0.5746268656716403,0.08955223880596992,0.09701492537313615,0.027323938145541224,-0.8243046387980263,0.16580224591753087,-0.5591395172545429,-0.5591395172545429,0.9423262203448696,-0.22953977495876415,0.6785030785535506,1.0332616527352418,1.0332616527352418,-0.47657744773928035,-2.5463271001355756,0.32057380581071154,0.32057380581071154,0.000979516754643297,0.38134796010759364,0.08208955223880575,0.08208955223880575,0.30597014925373056,0.14925373134328004
D,3,90,5,Reflectance RED,0.24626865671641862,-1.5981245568587001,1.2156862745097956,0.368933240932777,0.23134328358209558,0.9503420320918142,-0.27715223789171844,-1.3946402287409034,6.782131739792583,3.481071353693504,3.3003157913001755,0.691729323308291,0.1492537313432869,2.8181818181814893,0.9393939393939511,0.6060606060606009,3.625000000000028,3.6499999999986925,3.1578947368421133,1.066666666666995,1.0000000000000149,1.000000000000071,1.0,0.24626865671641862,1.0687966195208964,5.554533426273573,0.11892251848878826,0.058897750807022003,0.14179104477612806,0.3283582089552439,0.514925373134327,0.052631578947369057,0.23134328358210368,0.31343283582090137,0.31343283582090137,0.4060150375939725,0.5746268656716526,0.08955223880597182,0.09701492537313615,0.02654043222111754,-0.8182174406541127,0.16322548457737335,-0.5631765811740718,-0.5631765811740718,0.9332297161072992,-0.22715373570735542,0.6903099245132956,1.031801380933303,1.031801380933303,-0.4696251919036321,-2.5309861354282117,0.3084502096567644,0.3084502096567644,0.0003543402510351746,0.3767648507224861,0.0820895522388062,0.0820895522388062,0.30597014925373056,0.14925373134328004
D,3,90,5,Transmittance IR,0.24626865671641798,-1.584791708603663,1.2156862745098633,0.37436188065863557,0.23134328358209558,0.8310732088201169,-0.7357970632716999,-1.4013261540949935,2.90941871262235,2.108549631050406,0.8008690815719439,0.6940298507462866,0.1492537313432869,2.8181818181819747,0.9393939393939916,0.6060606060606009,3.666666666666509,3.6500000000002983,3.2105263157905446,1.0666666666667992,1.0,1.0000000000000178,1.0,0.24626865671641798,-3.607236056634252,4.26973977669271,0.1544322881617911,0.07662377910871654,0.14179104477612206,0.33082706766916276,0.514925373134327,0.052631578947369057,0.23134328358209386,0.31343283582090137,0.31343283582090137,0.4060150375939898,0.5746268656716769,0.08955223880597016,0.09701492537313615,0.07092425974495754,-0.8134961100520998,0.16493748929707666,-0.5544915056740208,-0.5544915056740208,0.92469420673483,-0.22846943554294866,-0.024758934802552892,1.0341663475575704,1.0341663475575704,-0.47877308236717825,-2.509282941228831,-28.914971628981615,-28.914971628981615,-0.0003004311971817086,0.27014938006753675,0.0820895522388075,0.0820895522388075,0.30597014925373706,0.1492537313432832
D,3,90,5,Transmittance RED,0.24626865671642661,-1.570307977039718,1.2156862745099772,0.3813859415900329,0.2330827067669193,1.089720632617436,-0.7402332031238222,-1.3645970203172153,7.89691036205198,3.896483678739068,4.01426983538939,0.7014925373134293,0.14925373134332665,2.8484848484847336,0.9393939393939916,0.6060606060606009,3.5600000000000023,3.6500000000002983,2.2777777777778305,1.066666666667374,1.0833333333332544,1.0,1.0,0.24626865671642661,-3.4906951016989938,83.92364039916413,0.007855142370122735,0.0039027153325369075,0.14179104477612206,0.33082706766917336,0.5149253731343284,0.05263157894736793,0.23134328358209386,0.31343283582090137,0.31343283582090137,0.4060150375939898,0.5789473684210595,0.08955223880597087,0.09774436090225264,0.07162603872214293,-0.8061997531173186,0.163904039767693,-0.5567967819715907,-0.5567967819715907,0.9153989330328767,-0.2300789452387973,-0.02875324134393843,1.0104801737710247,1.0104801737710247,-0.4484142971228771,-2.483901723451957,-25.08331944458888,-25.08331944458888,-1.490615922405739e-05,0.5326628648163647,0.0820895522388062,0.0820895522388062,0.3059701492537338,0.14393939393939467
D,3,90,6,Reflectance GREEN,0.2537313432835998,-1.4271879607861737,1.2142857142857488,0.3436198851881209,0.26119402985074136,0.7954875034767798,-0.4396139917461917,-1.0003137762534104,6.369843459668952,3.6610320338467672,2.728044900275907,0.6842105263158018,0.1641791044776284,2.6764705882353974,1.029411764705853,0.6470588235294019,3.3846153846154854,3.3333333333331527,2.263157894736905,1.187500000000011,1.1666666666665089,1.0999999999998864,1.166666666664456,0.2537313432835998,5.96434588715621,37.546705897929264,0.02049916677369103,0.009092500587007956,0.14179104477612206,0.3432835820895514,0.5298507462686666,0.04511278195488776,0.23308270676692008,0.3208955223880521,0.3208955223880521,0.417910447761193,0.5864661654135409,0.09701492537313408,0.1044776119403049,0.041874371517750184,-0.716922449748991,0.03903370064674271,-0.5653649027409049,-0.5653649027409049,0.7029082928374716,-0.1414277423751565,0.4928885609380674,0.8633099390138863,0.8633099390138863,-0.29578635490109445,-2.1294827850584457,0.689341911716232,0.689341911716232,-7.3991573849605e-05,0.2400178536660329,0.0820895522388075,0.0820895522388075,0.26865671641790406,0.09774436090225681
D,3,90,6,Reflectance IR,0.2537313432835998,-1.4269297867963782,1.2181818181817479,0.34114528380159254,0.2611940298506722,0.7215899922065607,-0.34562507865504727,-1.0150753582113878,5.950115426021122,3.4862308523012224,2.474419548002654,0.6791044776119852,0.1641791044776284,2.676470588235341,1.029411764705853,0.6470588235294019,3.3846153846154854,3.3333333333331527,1.8999999999995452,1.187500000000011,1.1666666666665089,1.0999999999998864,1.166666666664456,0.2537313432835998,2.0403886286785045,1.6666337886364935,0.46186934039016014,0.20451779266577255,0.14179104477612206,0.3432835820895441,0.5298507462686567,0.04511278195488776,0.23308270676692008,0.3208955223880521,0.3208955223880521,0.417910447761193,0.5864661654135346,0.09701492537313408,0.1044776119403049,0.0328752752015787,-0.7193761650929308,0.04002124463888148,-0.5565070927643049,-0.5565070927643049,0.7061126578488642,-0.1413604858591196,0.6137655415469708,0.8692746106742322,0.8692746106742322,-0.3110167658722036,-2.133623021186954,0.41707778366869064,0.41707778366869064,0.019069125243184385,0.16627973189462952,0.08270676691729067,0.08270676691729067,0.2686567164179098,0.10447761194029603
D,3,90,6,Reflectance RED,0.2537313432835998,-1.4176943623635299,1.214285714285738,0.34580652784391636,0.261194029850757,0.7294622887927739,-0.3287582462773844,-0.9969370984470164,6.142526260443013,3.570135218168691,2.5731233338380273,0.686567164179104,0.16417910447762127,2.7058823529411127,1.0294117647058554,0.6470588235294019,3.3846153846154854,3.3333333333337394,2.649999999999897,1.187500000000011,1.1666666666665089,1.0999999999998864,1.1666666666665089,0.2537313432835998,1.8011611900844842,4.216741137452298,0.1832426533622213,0.08091828049962717,0.14179104477612206,0.3432835820895441,0.5298507462686554,0.04511278195488776,0.23308270676693005,0.3208955223880521,0.3208955223880521,0.417910447761193,0.5864661654135409,0.09701492537313408,0.1044776119403049,0.03143509333387067,-0.7125719169495202,0.03666842201888992,-0.5544125383054551,-0.5544125383054551,0.6957429529089639,-0.13815885918052287,0.6352248556866206,0.8622970433013402,0.8622970433013402,-0.3076950530911755,-2.1142727246773956,0.38835463476841214,0.38835463476841214,0.002200861423287679,0.1699147801402462,0.08208955223881098,0.08208955223881098,0.26315789473684525,0.09774436090225472
D,3,90,6,Transmittance IR,0.2537313432835998,-1.385544344509448,1.2181818181818187,0.35417155798019195,0.2631578947368196,0.5515589451156407,-0.7537533684285772,-0.9744801124462109,2.605544479981044,2.217728184453723,0.3878162955273208,0.7014925373134144,0.1641791044776284,2.7647058823526756,1.0294117647058578,0.647058823529429,3.3846153846154854,3.4285714285712934,2.8421052631580364,1.187500000000222,1.1666666666665089,1.0909090909095607,1.166666666664456,0.2537313432835998,-3.0580104602590925,3.939605853166699,0.1924941554658849,0.08652319009429668,0.14179104477611942,0.3432835820895514,0.533834586466149,0.04477611940298591,0.23308270676692008,0.3208955223880521,0.3208955223880521,0.4179104477612019,0.5895522388059686,0.09701492537313408,0.10526315789473811,0.07247449392292564,-0.7027204570708304,0.03953642322227045,-0.5486144091564683,-0.5486144091564683,0.6774659236835608,-0.14111876641409551,0.026832385547607574,0.8491579662435885,0.8491579662435885,-0.30151312357620574,-2.0640961121468058,25.308320596111777,25.308320596111777,-0.000257232016022134,0.008866556849566387,0.08270676691729288,0.08270676691729288,0.26865671641791544,0.10447761194029603
D,3,90,6,Transmittance RED,0.2537313432835998,-1.3615521609558012,1.2222222222221504,0.3630540675418083,0.26865671641788325,0.9245513520660833,-0.748637790204572,-0.9280183971769417,7.97779618854479,4.265575241563879,3.7416907876258474,0.7089552238805973,0.16541353383458404,2.7941176470585285,1.0588235294117057,0.6470588235294314,3.423076923076616,3.428571428571622,2.900000000000085,1.2499999999997335,1.1538461538455147,1.090909090908997,1.000000000000203,0.2537313432835998,-3.0549933879252107,88.52949296345993,0.008605002663757716,0.0038608050777951147,0.14179104477611904,0.3432835820895514,0.5338345864661647,0.04477611940298508,0.23308270676691012,0.3208955223880521,0.3208955223880521,0.4179104477612019,0.5895522388060062,0.09701492537313511,0.10526315789473811,0.0723690776828043,-0.6916143176885096,0.039492795590930295,-0.5438147626288377,-0.5438147626288377,0.6571782777642651,-0.14307529381852147,0.04212701751704745,0.8147981592347847,0.8147981592347847,-0.27016002121540567,-2.0192728584824615,16.358474629982478,16.358474629982478,-1.1288483108432247e-05,0.3769245903037003,0.08270676691729245,0.08270676691729245,0.27067669172931497,0.09774436090225681
D,3,90,7,Reflectance GREEN,0.2556390977443638,-1.312224673729418,1.000000000000025,0.37374976846174934,0.2857142857142857,0.848730996356621,-0.440381894092989,-0.6521426607854179,5.829854367922634,3.352550391206565,2.4878601476317015,0.5895522388059714,0.1716417910447929,2.294117647058804,1.1176470588235048,0.6764705882352843,3.3846153846153006,2.6363636363635776,2.2499999999994316,1.3750000000000222,1.1538461538468938,1.09090909090942,1.0,0.2556390977443638,12.15857604504522,33.08786420871901,0.028605622148323323,0.010404501954883755,0.14179104477611942,0.3432835820895514,0.5223880597014801,0.04477611940298591,0.23134328358209386,0.31343283582089637,0.31343283582089637,0.41044776119403753,0.5597014925373239,0.09701492537313408,0.11194029850746241,0.04471647093984882,-0.6179512256368638,-0.09769525410794545,-0.584776379558811,-0.584776379558811,0.5097168151353255,-0.07165781381146764,0.5103359958737408,0.7280232672430863,0.7280232672430863,-0.14365065483533646,-1.822684649502238,0.7517232902458563,0.7517232902458563,-5.821390205122082e-05,0.2608869939372162,0.08208955223880597,0.08208955223880597,0.21641791044775605,0.05263157894736681
D,3,90,7,Reflectance IR,0.2556390977443638,-1.3102350493532369,1.000000000000025,0.3726536032054335,0.2857142857142857,0.7249927970585026,-0.3524264357213359,-0.6513993630143742,5.631349659726265,3.2860892342892636,2.3480200178808532,0.5895522388059714,0.1716417910447929,2.294117647058912,1.1176470588235048,0.6764705882352843,3.3846153846154206,2.6277056277052986,2.2000000000002204,1.3750000000000222,1.1538461538464566,1.0909090909095607,1.0,0.2556390977443638,2.737446964280301,1.4818407976131431,0.6381903793612,0.2320044374597648,0.14179104477611904,0.3432835820895514,0.5223880597014801,0.04477611940298591,0.23134328358209386,0.31343283582089554,0.31343283582089554,0.41044776119403753,0.5597014925373209,0.09701492537313408,0.11194029850746241,0.035485242091910174,-0.6179089415088865,-0.09752479104895456,-0.5811802077901406,-0.5811802077901406,0.5074974522436094,-0.06934928039203242,0.6179845843297199,0.7270920482177743,0.7270920482177743,-0.14647117465545584,-1.8168935355257216,0.47899673018714434,0.47899673018714434,-0.004727361749479738,0.14274010382978458,0.08208955223880597,0.08208955223880597,0.21641791044776063,0.05223880597015245
D,3,90,7,Reflectance RED,0.255639097744377,-1.3057509753815006,1.0000000000000397,0.37582234812066084,0.2910447761193859,0.7580304954273385,-0.32969029381314174,-0.6401158672879705,5.865000461379848,3.368943471905876,2.500169088469594,0.593984962406011,0.1716417910447929,2.323529411764465,1.1176470588235516,0.6764705882352843,3.3846153846153006,2.636363636363642,2.249999999999929,1.375000000000444,1.230769230769029,1.1818181818179938,1.0,0.255639097744377,2.2285622061968002,3.8662156512384183,0.24471553458692075,0.08898915429036577,0.14179104477611904,0.3432835820895514,0.5223880597014801,0.04477611940298591,0.23134328358209386,0.31343283582089637,0.31343283582089637,0.41044776119403753,0.5597014925373239,0.09701492537313408,0.11194029850746241,0.03338968934855634,-0.6140884430999662,-0.1003014532645726,-0.582955021601822,-0.582955021601822,0.5013858543375285,-0.06758158374664996,0.6453680422043193,0.7225515335443105,0.7225515335443105,-0.13858314932150667,-1.8067058341710176,0.4339336803340854,0.4339336803340854,-0.0071943904369456335,0.1842992806034192,0.08208955223880597,0.08208955223880597,0.21641791044776063,0.05263157894736681
D,3,90,7,Transmittance IR,0.2556390977443611,-1.2659714401979771,1.0158730158730103,0.383624820089312,0.29323308270675075,0.48075632431732396,-0.7203259143440505,-0.6011385021972362,2.21914373139447,2.156894802903782,0.0662558540359044,0.6090225563909865,0.1791044776119423,2.3823529411764426,1.1470588235293602,0.6857142857144343,3.3846153846154854,2.7272727272727155,2.3000000000001704,1.4374999999999474,1.2307692307692475,1.1818181818179938,1.0,0.2556390977443611,-2.9286539179822064,4.591418521532964,0.2023648903407408,0.07481948237748742,0.14179104477611604,0.3432835820895514,0.5223880597014926,0.04477611940298496,0.23134328358208958,0.3134328358208947,0.3134328358208947,0.41044776119403753,0.5597014925373476,0.09701492537313615,0.11194029850746479,0.07338413777318982,-0.601307609622627,-0.09910244796575175,-0.5657481725400337,-0.5657481725400337,0.4790707316681774,-0.06695024214936417,0.1495092572714784,0.6959355730713471,0.6959355730713471,-0.12992949729576983,-1.7454842683205696,4.591364979034479,4.591364979034479,-0.00019543379389164837,-0.10191981352758725,0.0820895522388075,0.0820895522388075,0.2164179104477652,0.05223880597015024
D,3,90,7,Transmittance RED,0.255639097744377,-1.2419093827433838,1.0317460317460219,0.3887556923656091,0.2985074626865855,1.0460916342746551,-0.6976633255683892,-0.571807650954196,8.6512609682535,4.343432456017822,4.3077669919409125,0.626865671641788,0.17910447761194662,2.441176470588216,1.17142857142857,0.6969696969696741,3.3846153846151155,2.8181818181818534,2.359210526315909,1.437499999999984,1.2307692307692475,1.1818181818179938,1.0000000000004061,0.255639097744377,-3.0221126103977314,119.19569581420231,0.007795001407184563,0.0028947586020341013,0.13533834586466906,0.343283582089555,0.5263157894736806,0.037593984962406464,0.23134328358208897,0.3134328358208947,0.3134328358208947,0.4135338345864623,0.5671641791044642,0.0970149253731382,0.1127819548872146,0.07191608731132487,-0.5898704202644505,-0.09881395541047414,-0.5653563913291032,-0.5653563913291032,0.461554721040196,-0.06900405289768179,0.18225342487297008,0.6754521032728094,0.6754521032728094,-0.11042493596288372,-1.7036153306704909,3.721488061947575,3.721488061947575,-7.4586642745223805e-06,0.4749921739140095,0.0820895522388075,0.0820895522388075,0.2196969696969696,0.05263157894736793
D,3,120,5,Reflectance GREEN,0.2799999999999727,-1.4772978267887622,2.3333333333333335,0.17193422982857223,0.2600000000001046,0.7171307487636999,-0.33875456752757543,-1.1775021756018618,8.65112957141275,5.057105699788754,3.583436804427751,0.36363636363625923,0.17000000000001592,1.2857142857144597,0.9285714285714938,0.6071428571429731,1.5714285714282235,1.1176470588234113,1.0625000000000333,1.0000000000000546,1.0000000000005684,1.1249999999984013,1.0,0.2799999999999727,1.0228939688713239,69.55424670117216,0.008370760568936842,0.005551581188117426,0.16,0.3838383838383803,0.6262626262626205,0.05,0.2626262626262602,0.36,0.36,0.48,0.6969696969696905,0.11,0.12,0.030116674146385827,-0.8920695820005824,0.11156177209845106,-0.5540545542556122,-0.5540545542556122,0.8268575052179536,-0.1455571137161452,0.6158055672187785,0.9149272230151572,0.9149272230151572,-0.36298937644694357,-2.3042679544988114,0.15961640363538496,0.15961640363538496,2.9417797013181998e-05,0.16069821818777585,0.09999999999999998,0.09999999999999998,0.39393939393939315,0.2
D,3,120,5,Reflectance IR,0.27999999999999403,-1.4788341706504302,2.4782608695652173,0.17482982793752266,0.2600000000000193,0.6570126499517419,-0.24582214468732302,-1.1819825794337024,7.620957890436799,4.62687635540735,3.017895266745273,0.36000000000001364,0.17000000000001592,1.2857142857144597,0.9285714285714866,0.6071428571429115,1.4761904761906308,1.1176470588234113,1.0625000000000333,1.0,1.0000000000002842,1.1249999999991118,1.0,0.27999999999999403,0.5807122823139823,3.1078683452216205,0.18293497789816718,0.12478145950818016,0.16,0.3838383838383803,0.62,0.05,0.2626262626262602,0.36,0.36,0.48,0.69,0.11,0.12,0.021869965839880153,-0.8917100834244203,0.10905385252130788,-0.555218460537726,-0.555218460537726,0.827599680797631,-0.11480977908696657,0.7306862922651339,0.915044076681525,0.915044076681525,-0.36135005487640476,-2.3069053127384223,0.09632762490449868,0.09632762490449868,0.00027024955165952483,0.09726903010692478,0.09999999999999998,0.09999999999999998,0.41,0.21212121212121016
D,3,120,5,Reflectance RED,0.27999999999999936,-1.4741833450923563,2.4782608695652173,0.17645990537374592,0.26000000000004775,0.6542796913768589,-0.24030827826094986,-1.1772560453308305,7.651165054798899,4.651660471749726,3.0109394406209287,0.3636363636363167,0.17000000000001592,1.2857142857144597,0.9285714285714938,0.6071428571429115,1.428571428571622,1.1176470588234113,1.0625000000001221,1.0,1.0000000000005684,1.1249999999991118,1.0,0.27999999999999936,0.5655125708882053,7.476186223774071,0.07609332133761319,0.051889800258659954,0.16,0.3838383838383803,0.6262626262626205,0.05,0.2626262626262602,0.36,0.36,0.48,0.6969696969697006,0.11,0.12,0.021474441298235124,-0.8873993370336288,0.10660334900070562,-0.5476992746811753,-0.5476992746811753,0.820719117799309,-0.11805836186253388,0.737218060879996,0.9169248925230625,0.9169248925230625,-0.37035586884063276,-2.2941519552296645,0.09447001713647235,0.09447001713647235,0.00010781161895271908,0.10627159556525922,0.09999999999999998,0.09999999999999998,0.41,0.21212121212121016
D,3,120,5,Transmittance IR,0.28000000000000114,-1.4719849646463687,2.4782608695652173,0.17718984822334466,0.26262626262625105,0.6537917554548632,-0.7996597741540458,-1.1695494473485315,6.216107487902848,4.003609981077472,2.2047886329089854,0.36000000000001364,0.17000000000001592,1.2857142857144597,0.9285714285714938,0.6071428571429115,1.428571428571622,1.1176470588234113,1.0625000000000333,1.0,1.0000000000005684,1.1249999999991118,1.0,0.28000000000000114,-6.057972564254311,5.363048503671389,0.10605861844105981,0.07239296936396497,0.16,0.3838383838383844,0.6262626262626205,0.05,0.2626262626262602,0.36000000000000065,0.36000000000000065,0.48,0.7,0.11,0.12,0.07125607157278709,-0.8871465214444355,0.1067743747592731,-0.5546034411787889,-0.5546034411787889,0.8181564673324274,-0.11940259389550172,-0.1141742391249303,0.9072858693415846,0.9072858693415846,-0.35417838285242687,-2.2929355873420123,-2.5807574736110133,-2.5807574736110133,-0.0003112955321598379,0.10469152653337221,0.09999999999999998,0.09999999999999998,0.41,0.21212121212121016
D,3,120,5,Transmittance RED,0.28000000000000114,-1.4682367753633443,2.375,0.1753613603909683,0.26262626262625105,0.7406238019889789,-0.8159096066958834,-1.1697192726919887,8.917005770365611,5.1815390811554725,3.680850704123819,0.3636363636363741,0.17000000000001592,1.3214285714284482,0.9285714285716896,0.6071428571429731,1.666666666666757,1.1176470588234113,1.0625000000000333,1.0000000000004372,1.0000000000005684,1.1249999999984013,1.0,0.28000000000000114,-5.4570967722084,98.66554121751668,0.005899576177772847,0.003922598005004888,0.16,0.3838383838383844,0.6262626262626205,0.05,0.2626262626262602,0.36,0.36,0.48,0.71,0.11,0.12,0.07273969547693408,-0.884716172152083,0.10688707545297081,-0.5551334110629017,-0.5551334110629017,0.8139280593639949,-0.1843756629152884,-0.14332594264181792,0.9096343388573706,0.9096343388573706,-0.35413371991247655,-2.279022057875062,-2.061907458269575,-2.061907458269575,-1.625951337135787e-05,0.18684447956900874,0.09999999999999998,0.09999999999999998,0.4,0.20202020202020018
D,3,120,6,Reflectance GREEN,0.30303030303031175,-1.6243272441385534,2.608695652173913,0.11768470220078102,0.2727272727272675,0.5880253883300196,-0.3908412714550128,-1.3714397483646095,8.16244672483644,5.203662345238999,2.9630926824769626,0.37999999999999545,0.18000000000000682,1.233333333333346,0.9000000000000853,0.5999999999999243,1.8636363636363578,1.055555555555503,1.0000000000003344,1.0000000000004061,1.0,1.0,1.0,0.30303030303031175,1.3297822240216952,62.76847221961289,0.01047269678908981,0.006952058325224577,0.18,0.42,0.67,0.07,0.29,0.3939393939393903,0.3939393939393903,0.5151515151515178,0.79,0.11000000000000001,0.13,0.031641494489998846,-0.9398433393101882,0.11137120199241475,-0.5938252639541888,-0.5938252639541888,0.9287614660308684,-0.20861036561622887,0.5420956524056045,1.033707444612288,1.033707444612288,-0.44497179240732393,-2.553041153191328,0.1440352441639064,0.1440352441639064,5.59383005613596e-05,-0.01090391900549792,0.10101010101010012,0.10101010101010012,0.3737373737373703,0.17
D,3,120,6,Reflectance IR,0.3030303030302891,-1.6253181545385373,2.7272727272727275,0.12523819724420376,0.27000000000003865,0.5256421362762086,-0.28977942773517107,-1.3821130856520907,7.213486609857056,4.75631122848903,2.4613340477084673,0.37999999999999545,0.18000000000000682,1.2333333333333127,0.9000000000000757,0.5999999999999527,1.8181818181818534,1.055555555555503,1.0000000000001672,1.0000000000004061,1.0,1.0,1.0,0.3030303030302891,0.7322361857058443,2.7899359356551714,0.22890952988726704,0.1553791598332877,0.18,0.42,0.66,0.07,0.29,0.39,0.39,0.51,0.7878787878787806,0.10999999999999999,0.13,0.023458429465406362,-0.9418362160036913,0.11280674728754297,-0.5916919566144816,-0.5916919566144816,0.9311049318451573,-0.2006861767388115,0.6746799349987778,1.0391163618837385,1.0391163618837385,-0.4549249077139199,-2.5579333438382115,0.08758261239017574,0.08758261239017574,0.0004078662973169103,-0.062424683890303534,0.10101010101010012,0.10101010101010012,0.38,0.18
D,3,120,6,Reflectance RED,0.30303030303030243,-1.6207559460684626,2.727272727272791,0.12731864439121623,0.2727272727272701,0.527963792834585,-0.27958907286260176,-1.3716891848880128,7.374092680502922,4.841998794976476,2.523649116173586,0.37999999999999545,0.18000000000000682,1.2333333333335355,0.9000000000002653,0.5999999999999527,1.7727272727272845,1.055555555555503,1.0000000000003344,1.0000000000004061,1.0,1.0,1.0,0.30303030303030243,0.6918063768947819,6.875732344245047,0.0931021862299079,0.06320046056127157,0.18,0.42,0.67,0.07,0.29,0.3939393939393903,0.3939393939393903,0.5199999999999998,0.79,0.10999999999999999,0.13,0.022650550259274812,-0.9369754844671802,0.10894588096257272,-0.5918999606152673,-0.5918999606152673,0.9227534593454955,-0.2011438016380909,0.6879094115325488,1.035230100033192,1.035230100033192,-0.44754168504463365,-2.541644260914151,0.08423927122505896,0.08423927122505896,0.00015140402906145363,-0.061072182189596314,0.10101010101010012,0.10101010101010012,0.38,0.18
D,3,120,6,Transmittance IR,0.30303030303031175,-1.618297124621158,2.727272727272791,0.12696044210610966,0.27272727272728836,0.4952389849889636,-0.8442440890079733,-1.3677292477548366,5.1218465341214605,3.7729372985464775,1.3687162823908752,0.37999999999999545,0.18000000000000682,1.2333333333334187,0.9000000000002653,0.5999999999999243,1.7727272727274488,1.055555555555503,1.0000000000003344,1.000000000000203,1.0,1.0,1.0,0.30303030303031175,-5.283968279411713,5.517979065606128,0.11626747285134635,0.07881864521937912,0.18,0.42,0.67,0.07,0.29,0.4,0.4,0.52,0.79,0.10999999999999999,0.13,0.06826084173253873,-0.9374110814878441,0.11216737552547604,-0.5882467881774232,-0.5882467881774232,0.9232722296045968,-0.20797566664986758,-0.23301430910114934,1.0308296527842475,1.0308296527842475,-0.4453345579004026,-2.540579287845788,-0.9893893172954117,-0.9893893172954117,-0.0002892626120442612,-0.10497244590076793,0.10101010101010102,0.10101010101010102,0.38,0.17171717171717507
D,3,120,6,Transmittance RED,0.30303030303031175,-1.610196099092124,2.4400000000000497,0.11191126296961339,0.2772277227722934,0.61662360343888,-0.8489050024269749,-1.3535179937892603,8.935464286294271,5.577280627451451,3.3483507015567575,0.37999999999999545,0.18000000000006366,1.258064516128979,0.90322580645161,0.5999999999999243,1.7826086956521416,1.0526315789474707,1.0588235294113713,1.0,1.0,1.0,1.0,0.30303030303031175,-5.122023082674552,113.51457386148009,0.00613600212355895,0.0038741500255678367,0.18,0.42,0.67,0.06060606060606353,0.29,0.4,0.4,0.52,0.79,0.11000000000000001,0.13,0.06855754829134117,-0.9341012469349285,0.11270394717915548,-0.587314549427624,-0.587314549427624,0.9173596297331738,-0.22289788849520728,-0.23862996518616558,1.0249518048019246,1.0249518048019246,-0.43522260398076257,-2.5265350247329184,-0.8659184802177251,-0.8659184802177251,-1.3997283317230314e-05,0.03003117811415379,0.10101010101010302,0.10101010101010302,0.35,0.14141414141414824
D,3,120,7,Reflectance GREEN,0.3299999999999841,-1.6497758460832057,2.3928571428572205,0.09498801769409966,0.29591836734691923,0.4524374855008607,-0.4490279592049592,-1.3043715080521632,7.885962963357626,5.472707182322146,2.379437548443659,0.4099999999999966,0.19191919191918785,1.242424242424378,0.9062500000000833,0.5937499999997224,1.6799999999998363,1.0500000000000995,1.055555555555503,1.0357142857142008,1.090909090908997,1.0000000000005684,1.0,0.3299999999999841,1.9573558197105012,54.490135545411746,0.0152261170176562,0.009002834508211375,0.19,0.45,0.71,0.08,0.31313131313131026,0.4242424242424203,0.4242424242424203,0.55,0.8080808080808007,0.12,0.1313131313131301,0.03421875863161244,-0.9176970119261694,0.05947900568096859,-0.6198113185282539,-0.6198113185282539,0.8933040377846626,-0.2202310763354649,0.46713363901876437,1.0301047328614672,1.0301047328614672,-0.4099854228311062,-2.5445837336750223,0.15993745269731496,0.15993745269731496,0.0003066456673404175,-0.16956454104106325,0.10999999999999999,0.10999999999999999,0.3,0.08080808080808007
D,3,120,7,Reflectance IR,0.3299999999999841,-1.6541040638005864,2.357142857142857,0.09082606854270547,0.2929292929293109,0.398520977857117,-0.3416044176371126,-1.3185461936156133,6.902057904874194,4.9695716535329035,1.9381770623977927,0.4099999999999966,0.19000000000005457,1.2424242424243364,0.9062500000000833,0.5937499999997224,1.791666666666639,1.0500000000000995,1.055555555555503,1.0714285714280785,1.090909090908997,1.0000000000005684,1.0,0.3299999999999841,1.0038100830312682,2.45164300989042,0.343831069356496,0.20023595156767027,0.19,0.45,0.71,0.08,0.31313131313131026,0.42,0.42,0.55,0.8080808080808007,0.12,0.1313131313131301,0.025940382506483763,-0.9206369778484413,0.06186483323074839,-0.6229543858079538,-0.6229543858079538,0.8971713664403467,-0.22007685668374388,0.6121608464902472,1.0343995235917416,1.0343995235917416,-0.411729427306165,-2.5513658894428186,0.08436082356312077,0.08436082356312077,0.0007411856172869644,-0.22513039694514572,0.10999999999999999,0.10999999999999999,0.3,0.08
D,3,120,7,Reflectance RED,0.3299999999999841,-1.6493700879638293,2.357142857142857,0.09379589950807107,0.2999999999999545,0.3982814985086609,-0.3213202619988077,-1.2968194194196925,7.00160628008358,5.0365020624347725,1.9591594258167895,0.410000000000025,0.19191919191918785,1.2424242424243364,0.9090909090908151,0.5937499999999792,1.7499999999999842,1.0500000000000995,1.055555555555503,1.0000000000007578,1.090909090908997,1.0000000000002842,1.0,0.3299999999999841,0.8959182811783921,6.27898132010737,0.13419061637874072,0.07823334858228095,0.19,0.45,0.71,0.08,0.31313131313131026,0.42,0.42,0.55,0.8080808080808123,0.12,0.1313131313131301,0.024430554093493477,-0.9163297013666825,0.05816679592564759,-0.6248337056905767,-0.6248337056905767,0.8900711720024831,-0.2191076337851975,0.6385671631834204,1.0254111577692728,1.0254111577692728,-0.395372138133847,-2.5388586904087003,0.07815727113540691,0.07815727113540691,0.00023599593718303318,-0.22489277648882308,0.10999999999999999,0.10999999999999999,0.3,0.08
D,3,120,7,Transmittance IR,0.3299999999999841,-1.642879553063966,2.357142857142857,0.09166508220370898,0.2999999999999545,0.40236633198210286,-0.8829765408149641,-1.3184183783212609,5.300077659552288,4.136662582955596,1.1679053876149443,0.410000000000025,0.19191919191918785,1.2424242424243364,0.909090909090823,0.5937500000000056,1.7500000000003257,1.0500000000000995,1.055555555555503,1.000000000000379,1.090909090908997,1.000000000000142,1.0,0.3299999999999841,-4.335250830228919,5.924452455556621,0.1424894297222758,0.08297680489372848,0.19,0.45,0.71,0.07070707070707108,0.31313131313131026,0.4242424242424203,0.4242424242424203,0.55,0.81,0.12,0.13131313131313105,0.06706298454517041,-0.9187526255887933,0.06515523971632564,-0.6138800168329048,-0.6138800168329048,0.8933907710846434,-0.23296096802233363,-0.2834626499299271,1.0310279988819218,1.0310279988819218,-0.4185019953037029,-2.5349562295635963,-0.6101615672446796,-0.6101615672446796,-0.0002424379785201382,-0.22215211750314706,0.10999999999999999,0.10999999999999999,0.3,0.08
D,3,120,7,Transmittance RED,0.3299999999999841,-1.6348345508597166,2.4444444444448767,0.09710949688406117,0.29999999999999716,0.48307151072390303,-0.8741493436474131,-1.2983072317476583,8.912560804104265,6.0658168061338795,2.8618504192641567,0.41414141414140687,0.19191919191919343,1.2499999999999973,0.9090909090908308,0.5937499999999792,1.6250000000001148,1.0500000000002416,1.055555555555503,1.0000000000003926,1.0909090909084802,1.000000000000142,1.0,0.3299999999999841,-4.449339951330753,133.79979863551497,0.00614996211463539,0.0036727681731273535,0.19,0.45,0.71,0.07070707070707007,0.31313131313131476,0.4242424242424203,0.4242424242424203,0.5555555555555505,0.81,0.12,0.1386138613861389,0.06630583706023514,-0.9163697849820556,0.06577765515657122,-0.61623023021861,-0.61623023021861,0.8914500405240672,-0.24252819887547294,-0.2596487140051861,1.0170152938614694,1.0170152938614694,-0.3991830684678057,-2.5258071961333854,-0.6984672197427175,-0.6984672197427175,-1.0741741009020821e-05,-0.1272052696136436,0.10999999999999999,0.10999999999999999,0.3030303030303002,0.08
M,1,60,5,Reflectance GREEN,0.21000000000000796,-1.5537864971337747,0.7572815533980582,0.41676528191687756,0.20999999999997954,1.073175617302788,-0.414279599592805,-1.222373001548472,4.782497270036101,2.4629469115141354,2.31740909407232,0.5900000000000034,0.12999999999999545,2.809523809523719,0.9999999999998647,0.6190476190475739,4.258064516128979,3.6800000000000637,3.5217391304347463,1.210526315789946,1.133333333333207,1.0833333333333162,1.0000000000007105,0.21000000000000796,8.581236311892944,27.64140662141891,0.02768357393639101,0.009642240431647214,0.125,0.27638190954773745,0.42211055276381715,0.055,0.19597989949748654,0.2613065326633154,0.2613065326633154,0.335,0.46733668341708334,0.07035175879396952,0.08000000000000002,0.03665660620756879,-0.7089155221087879,0.07046270466710217,-0.5635880361510173,-0.5635880361510173,0.8003110960056586,-0.14831547337628556,0.5197593867215118,0.9867437786247512,0.9867437786247512,-0.4204502190538547,-2.3565489868206058,0.8357692068936495,0.8357692068936495,-7.964569344611719e-05,0.516710258984872,0.065,0.065,0.225,0.1
M,1,60,5,Reflectance IR,0.21000000000000796,-1.5491272438657566,0.757281553398062,0.4146941211443409,0.20603015075378048,0.9460920381135179,-0.3777784120432174,-1.2372616521084,4.707398130116465,2.4408250956665043,2.2634649846971175,0.589999999999975,0.12999999999999545,2.8095238095232036,0.9999999999998613,0.6190476190475739,4.2258064516129465,3.6800000000000637,3.521739130434514,1.2105263157895838,1.133333333333207,1.0833333333333237,1.0000000000007105,0.21000000000000796,4.347987484407993,1.5859580955480461,0.4809800523788044,0.1678363660257729,0.125,0.27638190954773745,0.42211055276381865,0.050251256281408245,0.19597989949748654,0.2613065326633154,0.2613065326633154,0.335,0.4673366834170842,0.07035175879396952,0.08040201005025091,0.03324679249498712,-0.7128772829425444,0.07352795090003436,-0.5612426804667225,-0.5612426804667225,0.802067034424562,-0.14953452413919466,0.5669050319391964,0.9925497579411737,0.9925497579411737,-0.4285682517722118,-2.3504917967910117,0.6810602817481799,0.6810602817481799,-0.002064477604792792,0.38960912487364746,0.065,0.065,0.225,0.10050251256281362
M,1,60,5,Reflectance RED,0.211055276381888,-1.5487809319489454,0.7572815533980582,0.417224518179242,0.21000000000000796,1.0028989387155522,-0.3531173028409148,-1.2294239706385859,5.069374285956615,2.544572753593619,2.5325060835662523,0.5900000000000034,0.12999999999999878,2.8095238095237804,0.9999999999999323,0.6190476190475739,4.225806451613837,3.7199999999999136,3.5217391304347707,1.2105263157895838,1.1333333333332323,1.0833333333337478,1.0000000000007105,0.211055276381888,3.2385115102117794,3.252550999734388,0.23498417299001712,0.08200567936680948,0.125,0.27638190954773745,0.42211055276381915,0.055,0.19597989949748654,0.2613065326633154,0.2613065326633154,0.335,0.46733668341708334,0.07035175879396952,0.08040201005025091,0.03124824877517665,-0.7083981338601316,0.07009438371974461,-0.5642499516282093,-0.5642499516282093,0.7961029080982922,-0.14450752221401403,0.599455811819211,0.988425258923251,0.988425258923251,-0.4253334648559307,-2.345783326519431,0.6034514154808099,0.6034514154808099,-0.0015877303435117883,0.44333976271106007,0.065,0.065,0.225,0.1
M,1,60,5,Transmittance IR,0.21000000000000796,-1.4608480673728694,0.7647058823529344,0.43271325534257854,0.21499999999999997,0.0757734624658184,-0.6543910925513847,-1.2142840946644213,0.8887729082053513,1.3810325086352164,-0.5025891841844283,0.6030150753768759,0.130653266331655,2.857142857142868,1.0238095238095013,0.6341463414633538,4.322580645161178,3.653846153846238,3.608695652173955,1.2631578947368678,1.1333333333333555,1.0769230769232283,1.0,0.21000000000000796,-3.1871422609916578,3.7391386109160214,0.20292153238641844,0.07113008317771197,0.12060301507537632,0.27638190954774333,0.425,0.05,0.19597989949748654,0.26130653266331644,0.26130653266331644,0.3366834170854256,0.47,0.07035175879396952,0.08500000000000002,0.05922783627113251,-0.6925522315949237,0.07792431469459321,-0.5088492857562178,-0.5088492857562178,0.7659050503752963,-0.15551475519396535,0.15068493344783762,0.9580137876331871,0.9580137876331871,-0.44520561916905865,-2.2273549283876393,5.433054052943898,5.433054052943898,-0.00024163099445970228,-0.41101045776801776,0.06532663316582978,0.06532663316582978,0.225,0.1
M,1,60,5,Transmittance RED,0.20999999999998664,-1.406743617089165,0.7647058823529412,0.44666592241186615,0.21827411167511607,1.4027551998122578,-0.6454667532660241,-1.180826115668658,7.279131721148444,3.1366675531125647,4.162426033670657,0.609999999999971,0.1349999999999909,2.9047619047619397,1.0476190476189962,0.6428571428570752,4.322580645161178,3.7200000000000273,3.608695652174031,1.263157894736905,1.1333333333336113,1.0769230769232283,1.0000000000000666,0.20999999999998664,-3.109639391199115,60.673338320917956,0.01239763678370288,0.004372996621590939,0.12,0.2781909547738767,0.425,0.045226130653266125,0.195,0.2613065326633229,0.2613065326633229,0.34,0.47,0.07070707070707088,0.08500000000000002,0.05978557837634853,-0.6766787721039453,0.07926113334933071,-0.48834532545148046,-0.48834532545148046,0.7354786222213393,-0.1774864787449537,0.16274570172735192,0.925587118120254,0.925587118120254,-0.43989017731602686,-2.1434235176954264,5.3050326012274605,5.3050326012274605,-1.430592166471814e-05,0.9014062588761753,0.07,0.07,0.22388059701492638,0.095
M,1,60,6,Reflectance GREEN,0.21999999999999886,-1.3678646178941405,0.788888888888881,0.3860008658681554,0.28000000000000114,0.9370737062066926,-0.3969192313512635,-0.3948624927929926,3.8940540049247265,2.091570863635642,1.7798380771567055,0.6331658291457212,0.1500000000000341,2.886363636363632,1.2727272727272845,0.6818181818182112,4.03125000000015,3.807692307692476,3.5833333333332544,1.8000000000001706,1.375000000000444,1.307692307692232,1.1250000000000666,0.21999999999999886,-37.82176061110057,19.099782069989278,0.03518588656275097,0.014742396134721794,0.12562814070351702,0.28140703517588017,0.42211055276381715,0.055276381909547485,0.19597989949748654,0.255,0.255,0.3316582914572849,0.42211055276381715,0.07035175879396952,0.08977611940298524,0.040927382993597244,-0.5111718510641148,-0.1632727431613148,-0.6726111404462658,-0.6726111404462658,0.37464109137452384,0.08888633191193308,0.5769942692997707,0.6965512274363981,0.6965512274363981,-0.024082184523636717,-1.7439007770756305,0.7309381009830487,0.7309381009830487,-6.772466631567227e-05,0.25273171422841245,0.06,0.06,0.2914572864321615,0.18
M,1,60,6,Reflectance IR,0.21999999999999886,-1.3686318251725607,0.788888888888881,0.38207646664213823,0.2763819095477146,0.9925628653241687,-0.3558329235803548,-0.3996445392356022,4.407584769943797,2.2277211929438296,2.1898174080943464,0.6300000000000097,0.1500000000000341,2.8636363636364868,1.2558139534883337,0.6818181818182112,4.031250000000128,3.807692307692476,3.5833333333332544,1.7999999999993748,1.3750000000000222,1.3076923076920386,1.1249999999999973,0.21999999999999886,10.21011498510836,1.337709428144263,0.4992044657559306,0.2105441462417327,0.12562814070351702,0.28140703517588017,0.42211055276381715,0.055276381909547485,0.19597989949748654,0.2562814070351747,0.2562814070351747,0.3316582914572849,0.42211055276381715,0.07035175879396952,0.08999999999999997,0.036334450294948945,-0.5156186929982762,-0.1623733988280876,-0.6732626523889642,-0.6732626523889642,0.37745630083967485,0.0895635108642035,0.6231254932436826,0.6960408064829624,0.6960408064829624,-0.022887515497832207,-1.7461101690525433,0.5905712171166297,0.5905712171166297,-0.0012973498462224807,0.3169514825406651,0.06,0.06,0.2914572864321605,0.18
M,1,60,6,Reflectance RED,0.21999999999999886,-1.360249887187399,0.788888888888881,0.3871973634637081,0.28000000000000114,1.019727468626749,-0.34503584915157526,-0.38594140089249385,4.517718370323744,2.2485929242849236,2.277606664535961,0.6331658291457355,0.15075376884419756,2.8863636363636744,1.2727272727272845,0.6818181818184285,4.062499999999223,3.8461538461536655,3.5833333333345276,1.8000000000001706,1.375000000000444,1.3076923076922573,1.1250000000000666,0.21999999999999886,8.364767103825953,2.5710688655550173,0.2615857006128801,0.10955298375212483,0.12562814070351702,0.285,0.42211055276381715,0.055276381909547485,0.19597989949748654,0.255,0.255,0.3316582914572849,0.42211055276381715,0.07035175879396952,0.08999999999999997,0.03558839620075219,-0.5089805355306285,-0.16401676415396774,-0.668740023060456,-0.668740023060456,0.3685385882854817,0.0894588546508213,0.6359395801916568,0.6876225188109109,0.6876225188109109,-0.01749910299943465,-1.7306098882929155,0.5734457637343053,0.5734457637343053,-0.0007106899356557403,0.3520084208601057,0.06,0.06,0.2914572864321615,0.18
M,1,60,6,Transmittance IR,0.21804020100502586,-1.2590460160128703,0.7912087912087913,0.4087628164518951,0.29648241206030185,0.4355793234878208,-0.5949790326415167,-0.3147009724059926,0.808613029224023,1.3778070943937228,-0.5546660168821892,0.6500000000000341,0.15577889447236334,2.977272727272748,1.3636363636365985,0.7209302325581572,4.093749999999279,3.8148148148149708,3.600000000000364,1.9500000000000426,1.4375000000000555,1.2857142857144597,1.1111111111123744,0.21804020100502586,-2.7578908217444864,3.8635692685651533,0.1704631107789651,0.07207830217177949,0.12060301507537632,0.285,0.425,0.05,0.19095477386934587,0.25125628140703404,0.25125628140703404,0.335,0.425,0.07035175879396952,0.09499999999999997,0.06212527753482611,-0.47919289820875177,-0.16172319268496452,-0.6330781113026515,-0.6330781113026515,0.3188715859524396,0.09381256189697776,0.35411008447882847,0.6307488722764717,0.6307488722764717,0.0030015636930347967,-1.5780672626451575,1.9621665109238078,1.9621665109238078,-0.00017759900876630975,-0.22263327859385376,0.06030150753768816,0.06030150753768816,0.2964824120603001,0.1758793969849238
M,1,60,6,Transmittance RED,0.21999999999997044,-1.2062663223969547,0.8202247191011153,0.42475417263254567,0.31155778894471714,1.295090854177488,-0.5781393880060766,-0.2913317905055166,6.506651185972691,2.9413217564782608,3.265846602651949,0.6633165829145522,0.16080402010049835,3.0227272727273813,1.4186046511627999,0.7411406423033045,4.060606060606353,3.851851851852187,3.7199999999998,2.0499999999993745,1.4999999999999223,1.357142857141465,1.1111111111116725,0.21999999999997044,-2.7350314453171656,75.42029847914691,0.00869932183067396,0.0037180011311488204,0.12,0.2864321608040188,0.4271356783919578,0.045226130653266285,0.19,0.2512562814070345,0.2512562814070345,0.3366834170854256,0.4271356783919593,0.07035175879397029,0.09547738693467296,0.06219398783770139,-0.46047721509843115,-0.15655700488193652,-0.6088251930313214,-0.6088251930313214,0.29450236969844085,0.07302950338750344,0.3708350654383409,0.5982627589154823,0.5982627589154823,0.0027033201071390615,-1.503971302030009,1.9456737905107002,1.9456737905107002,-8.70106727335429e-06,0.6980305903000162,0.06030150753768881,0.06030150753768881,0.3015075376884408,0.1791044776119354
M,1,60,7,Reflectance GREEN,0.23115577889447256,-1.0104092225685632,1.0786516853932584,0.44081961183285606,0.37999999999999545,0.3879917181136957,-0.15921376706735943,-1.0189702441428492,3.5051302220007363,2.776048937114846,0.745804236150593,0.6834170854271372,0.22613065326629636,2.9565217391304133,1.6382978723402917,0.9782608695651758,3.7222222222223844,3.533333333334066,3.259259259259261,2.3043478260866554,1.8947368421053576,1.812499999999989,1.4999999999997868,0.23115577889447256,-5.81103065177865,16.138277001418196,0.04401362745500431,0.018648034269409614,0.11557788944723617,0.39,0.5527638190954749,0.045,0.1809045226130645,0.31,0.3417085427135663,0.45728643216080195,0.575,0.075,0.21000000000000002,0.04599939624133779,-0.33541585745617347,-0.11336090766068031,-0.08944741140020165,-0.10707592857291279,0.2041083088327817,-0.015244114786809227,0.8407820840390885,0.9216968077639355,0.9043804601012689,-0.8137010510809668,-1.212896765283858,0.633388796777957,0.633388796777957,-3.28067289112436e-05,0.2829043619756387,0.12562814070351702,0.16080402010050182,0.32663316582914426,0.2311557788944713
M,1,60,7,Reflectance IR,0.231155778894461,-1.0068495320157371,1.0795454545454435,0.4383840468040682,0.37688442211055373,0.41380870578337026,-0.13851508668182178,-1.0176865422627772,4.179624881073753,2.9756765587892633,1.205871820717554,0.6834170854271394,0.22500000000002274,2.956521739130596,1.6304347826087682,0.9782608695652063,3.7999999999999026,3.566666666666509,3.3333333333327717,2.3043478260866554,1.8947368421053576,1.8125000000000153,1.500000000000142,0.231155778894461,-19.57624763062328,1.1906574235693363,0.5938922168018317,0.25204079127138473,0.11557788944723565,0.39,0.5527638190954749,0.045,0.18,0.3065326633165815,0.34170854271356876,0.45728643216080195,0.5778894472361782,0.07035175879397355,0.21000000000000002,0.040265148204746304,-0.334673045154902,-0.11243266067065819,-0.08808018664260495,-0.10468579790281927,0.20334407346125014,-0.011992302438061516,0.8614849133181782,0.9187905769284478,0.9020364391518185,-0.814314486730945,-1.2103327522597414,0.5366759418423012,0.5366759418423012,-0.0005466007951632106,0.3105935514233239,0.12562814070351702,0.1608040201005064,0.3266331658291466,0.235
M,1,60,7,Reflectance RED,0.23115577889446762,-1.003574465803938,1.0795454545454435,0.44197586082800383,0.3819095477386871,0.4573384357120747,-0.13301725418097535,-1.0056464608267348,4.355345622267825,3.033996232619454,1.321887198025753,0.6850000000000023,0.22613065326632492,2.9782608695649917,1.6521739130434607,0.9782608695652217,3.799999999999545,3.566666666666509,3.2962962962962603,2.304347826086993,1.8947368421053576,1.8125000000000777,1.500000000000142,0.23115577889446762,-32.7493977418547,2.3090404865083207,0.3066213618581892,0.13014602089170751,0.11557788944723565,0.39,0.5527638190954749,0.045,0.18,0.3065326633165815,0.3417085427135663,0.45728643216080195,0.5778894472361782,0.075,0.21000000000000002,0.03933942513218442,-0.3341605671687125,-0.11408354088150159,-0.09085202995670397,-0.10693766876252983,0.20194796635531634,-0.011348426136060297,0.8669827458190247,0.9127918834166433,0.8960835023167181,-0.80466348647399,-1.2057222690642222,0.5267397805143809,0.5267397805143809,-0.00029048358880090665,0.3537333721103588,0.12562814070351702,0.16080402010050182,0.3266331658291466,0.2311557788944746
M,1,60,7,Transmittance IR,0.23000000000000398,-0.9376151163686636,1.0795454545454435,0.4742914255181432,0.4170854271356399,0.012576898995286537,-0.18736362989476818,-0.9106745361944272,1.1157053509549144,2.0638969959634097,-0.9518556221204841,0.710000000000008,0.24120603015073325,3.086956521739176,1.8043478260870023,1.0434782608695723,3.777777777778269,3.733333333333207,3.464285714286149,2.5652173913049174,2.052631578947321,1.9375000000000124,1.545454545454569,0.23000000000000398,-2.2920869368562857,5.634407468248447,0.12447590929277108,0.05300901000242083,0.11055276381909497,0.3919597989949787,0.5527638190954749,0.04,0.175,0.3,0.3417085427135663,0.46,0.58,0.07035175879397355,0.22000000000000003,0.06835576305563722,-0.3134885051166315,-0.11141217734650746,-0.08890649030422901,-0.11478155656164608,0.17657363876102936,-0.01512635165018599,0.8119978865452285,0.8487476041976127,0.823082010768125,-0.7343883372886341,-1.1139981689523257,1.0384423731150263,1.0384423731150263,-5.8484899645879905e-05,-0.09753571174045153,0.125628140703517,0.16999999999999998,0.335,0.24
M,1,60,7,Transmittance RED,0.2300000000000182,-0.9116572013803969,1.0760869565217392,0.503333875203713,0.43877551020408045,1.0313450686198549,-0.18225543295855273,-0.9278976580288218,8.675936163763591,4.304543204258967,4.209812462413362,0.7222222222222398,0.2474747474747569,3.13043478260883,1.9019607843137571,1.0666666666666709,3.805555555555345,3.75862068965516,3.571428571428557,2.6956521739128503,2.100000000000199,1.94117647058796,1.5833333333332544,0.2300000000000182,-2.3368050224012955,135.33684938582718,0.005349127732111766,0.0022177104146310117,0.11,0.395,0.5376884422110528,0.03535353535353554,0.17085427135678377,0.2970297029702997,0.34848484848484523,0.4646464646464604,0.574358974358961,0.07179487179487012,0.225,0.0671905693241185,-0.3199262363099252,-0.09320808698128749,-0.05111191734624047,-0.15336076466838378,0.20590098484739341,-0.07672458535606567,0.8163831888600929,0.8654983410246658,0.7550108648004193,-0.7178589781193929,-1.118805459108769,1.0861059846363597,1.0861059846363597,-2.3550310667770805e-06,0.8357559849216498,0.12060301507537632,0.17587939698492383,0.3233830845771159,0.21890547263681692
M,1,90,5,Reflectance GREEN,0.24626865671642661,-1.622598610942723,1.2352941176470036,0.3724231602253276,0.23134328358208575,0.9868708685801988,-0.3683329542181262,-1.5154974988089303,6.812481116149931,3.471908658607861,3.302149198031114,0.39552238805968853,0.14925373134327896,1.6060606060603242,0.9393939393936576,0.6060606060605748,3.6249999999998814,1.649999999999261,3.263157894737393,1.0666666666667992,1.0000000000001183,1.000000000000071,1.0,0.24626865671642661,2.145828244008719,35.75335564170101,0.018326013632733625,0.009176956204393204,0.14285714285713846,0.3308270676691769,0.514925373134338,0.052631578947369057,0.23308270676692008,0.3157894736842143,0.3157894736842143,0.4104477611940288,0.5820895522387921,0.08955223880596992,0.09701492537313615,0.03484997993098459,-0.8455460299923325,0.19747263970536882,-0.5486710082847477,-0.5486710082847477,0.990017535017965,-0.2751143465933398,0.5669176547857945,1.0757324395768322,1.0757324395768322,-0.5302275678996002,-2.6130643857069176,0.52750186940606,0.52750186940606,0.0009723801288428421,0.42377825987811457,0.0820895522388075,0.0820895522388075,0.30597014925373706,0.14814814814814878
M,1,90,5,Reflectance IR,0.24626865671642661,-1.6253473892367762,1.239999999999921,0.3715939753761931,0.23134328358208575,0.9110277612327327,-0.3293301755381796,-1.5231980734790125,6.253889266903936,3.286301840257327,2.9683832253965488,0.3955223880597054,0.14925373134327788,1.6060606060606009,0.9393939393938193,0.6060606060605748,3.6250000000000275,1.6500000000000141,3.263157894736905,1.0666666666667046,1.000000000000237,1.0000000000000355,1.0,0.24626865671642661,1.562126623803001,2.075821868707872,0.31489509661369786,0.15776044080826918,0.14285714285713846,0.3308270676691769,0.514925373134338,0.052631578947369057,0.23308270676692008,0.3157894736842143,0.3157894736842143,0.4104477611940288,0.5820895522388045,0.08955223880597009,0.09701492537313615,0.031180390775716757,-0.8506552230662623,0.20136339344544635,-0.5433152571452464,-0.5433152571452464,0.9956735723125496,-0.27864948856067606,0.618609803242429,1.0816404016782533,1.0816404016782533,-0.5350074219750243,-2.6212762517226125,0.42435426025011713,0.42435426025011713,0.002463016275356166,0.37575302950794115,0.0820895522388075,0.0820895522388075,0.30597014925373706,0.14925373134328004
M,1,90,5,Reflectance RED,0.24626865671642661,-1.6199812945325052,1.239999999999921,0.37278020896977504,0.23134328358208575,0.9343140202495723,-0.3056231144084095,-1.5121914236334182,6.523568591302731,3.3929857903221334,3.1324256159544888,0.39552238805970136,0.14925373134327896,1.6060606060605487,0.9393939393938298,0.6060606060605748,3.5200000000001523,1.6499999999996624,3.2631578947367856,1.0666666666667046,1.0,1.0000000000000533,1.0,0.24626865671642661,1.3129835248230122,4.212679931813813,0.15560065611597879,0.0777716700442798,0.14285714285713846,0.3308270676691769,0.514925373134338,0.052631578947369057,0.23308270676692008,0.3157894736842143,0.3157894736842143,0.4104477611940288,0.5820895522388045,0.0895522388059704,0.09701492537313615,0.028990300518095216,-0.8461053005695018,0.19776392220297323,-0.5484829812232452,-0.5484829812232452,0.9889696910365453,-0.27499967466865216,0.6504239429094114,1.0749957578965437,1.0749957578965437,-0.5274239445444625,-2.6083391268507707,0.3720647602797472,0.3720647602797472,0.00072858976497661,0.3899596143004754,0.0820895522388075,0.0820895522388075,0.30597014925373706,0.14925373134328004
M,1,90,5,Transmittance IR,0.24626865671642661,-1.6070346531611452,1.2399999999999916,0.38113100679953515,0.23134328358209066,0.8385978411420625,-0.7439093996650451,-1.5003729009337758,3.1747025045801243,2.1889729210839395,0.977700744161637,0.38805970149253866,0.14925373134328612,1.575757575757572,0.9393939393939107,0.6060606060606009,3.5200000000000955,1.5999999999998296,3.315789473684226,1.0666666666667992,1.0,1.0000000000000178,1.0,0.24626865671642661,-3.533268966858221,3.883531228979887,0.16701342988848872,0.08431639531668393,0.14179104477612206,0.330827067669191,0.518796992481198,0.05263157894736681,0.23308270676692008,0.3157894736842143,0.3157894736842143,0.4104477611940299,0.5820895522388169,0.08955223880597063,0.09701492537313615,0.07100350036144472,-0.842750454949862,0.20293275567533897,-0.5372863451751838,-0.5372863451751838,0.985414904868618,-0.28115924502864426,-0.07602901422120101,1.0637952624149534,1.0637952624149534,-0.5270058081750458,-2.5921692180777827,-10.072295457672912,-10.072295457672912,-0.0003285765800337479,0.28810489331983413,0.0820895522388075,0.0820895522388075,0.30597014925375,0.14925373134328004
M,1,90,5,Transmittance RED,0.2481203007518707,-1.597490421514428,1.240000000000033,0.38871473030419695,0.23134328358209558,1.1426619896936916,-0.7506181272616465,-1.5107862345110927,8.662227264569538,4.173483825737632,4.49570158994643,0.39849624060154365,0.14925373134329592,1.6249999999998501,0.9393939393939107,0.6060606060606009,3.5599999999999454,1.6500000000007673,3.263157894736905,1.0666666666667992,1.0000000000000444,1.0000000000000089,1.0,0.2481203007518707,-3.3710060613173094,56.854787785739916,0.011502479773636397,0.005785977538435445,0.14179104477612206,0.3358208955223801,0.5223880597014801,0.05223880597015135,0.23308270676692008,0.3208955223880521,0.3208955223880521,0.41044776119403753,0.5864661654135409,0.08955223880597182,0.09774436090225264,0.07199906150259269,-0.837606387491963,0.20382175925510293,-0.5332640605909622,-0.5332640605909622,0.9800136501135943,-0.28696363995951985,-0.09029263779167404,1.0659652476682773,1.0659652476682773,-0.5297825899027535,-2.5800259618118693,-8.967296215941735,-8.967296215941735,-2.187971741670166e-05,0.6144529617733951,0.08208955223881098,0.08208955223881098,0.3082706766917198,0.14285714285714457
M,1,90,6,Reflectance GREEN,0.253731343283584,-1.4379475121085106,1.2641509433961506,0.3200371779600012,0.253731343283584,0.7883864429639196,-0.4329422498662905,-1.0377752853182325,6.133396589129186,3.53685068627507,2.5938163468995143,0.6865671641790934,0.164179104477586,2.7058823529411544,1.0,0.6470588235292642,3.4230769230769904,3.333333333334326,1.3684210526315475,1.1250000000002665,1.1666666666665089,1.0999999999998864,1.1666666666665089,0.253731343283584,4.2306266184372285,24.048706812863585,0.030114565376959758,0.014116016293726816,0.14179104477612206,0.3432835820895441,0.5338345864661718,0.045112781954887035,0.23308270676692008,0.3208955223880521,0.3208955223880521,0.4179104477612019,0.5895522388059702,0.09701492537313408,0.10447761194030047,0.03976918186787522,-0.7431752775764753,0.053519046602970965,-0.5574434237848871,-0.5574434237848871,0.7258238237350605,-0.13123320376143888,0.4988274978251285,0.8797222293410161,0.8797222293410161,-0.3200523720379711,-2.163180651070685,0.5996407383301228,0.5996407383301228,-0.00015305682223458418,0.2245204283704703,0.08208955223881098,0.08208955223881098,0.2835820895522441,0.11940298507462403
M,1,90,6,Reflectance IR,0.253731343283582,-1.4422152916775453,1.2641509433962186,0.3175257287166742,0.253731343283583,0.7084238744714405,-0.37876312105501275,-1.0520977372876885,5.690801201112912,3.362994420409734,2.335040958019572,0.6791044776119852,0.15789473684210611,2.6764705882357047,1.0,0.6363636363636422,3.519999999999982,3.333333333333525,1.3684210526315475,1.1250000000002665,1.1666666666665089,1.0999999999998864,1.1666666666665089,0.253731343283582,2.3516825928818204,1.6676798751678628,0.43138905892737056,0.20327811249235847,0.14179104477612206,0.3432835820895441,0.5338345864661718,0.04511278195488727,0.23308270676692008,0.3208955223880521,0.3208955223880521,0.41791044776119746,0.5895522388059781,0.09701492537313408,0.1044776119403049,0.034567468059747294,-0.7494297074853402,0.05847190605712994,-0.559707929761664,-0.559707929761664,0.732689195238037,-0.13466069429416513,0.5702267460578121,0.8812284424512953,0.8812284424512953,-0.3209743273453505,-2.1757246337157143,0.4438238306843613,0.4438238306843613,-0.012761544502993726,0.15660169329137774,0.08270676691729067,0.08270676691729067,0.2857142857142769,0.1194029850746291
M,1,90,6,Reflectance RED,0.253731343283584,-1.4343630606659288,1.2641509433962186,0.32109180811685323,0.2537313432835853,0.7102839635539125,-0.36837917065967263,-1.046125608229592,5.774153113013756,3.3988536800610856,2.373677423479983,0.686567164179096,0.1641791044775895,2.7058823529411544,1.0,0.6470588235292642,3.3846153846157043,3.380952380951698,1.3684210526315475,1.1250000000002665,1.1666666666665089,1.0999999999998864,1.1666666666665089,0.253731343283584,2.217138161507295,3.157936603879699,0.22879836826020822,0.10757727138427459,0.14179104477612206,0.3432835820895441,0.5373134328358081,0.04511278195488715,0.23308270676692008,0.3208955223880589,0.3208955223880589,0.4179104477612019,0.5895522388059812,0.09701492537313408,0.10526315789473362,0.03387893724947229,-0.7441014291723037,0.05549192546549318,-0.552073356060785,-0.552073356060785,0.7251396685173044,-0.13343351799767472,0.5826979546627491,0.8819036125936923,0.8819036125936923,-0.32932948035690157,-2.1605856530550227,0.428951724039225,0.428951724039225,-0.011292330276526309,0.16009473759130055,0.08270676691729067,0.08270676691729067,0.2835820895522441,0.11940298507462656
M,1,90,6,Transmittance IR,0.253731343283584,-1.3982788414364828,1.2692307692308082,0.33174476011524034,0.2556390977443452,0.6120636758850736,-0.7821066763511537,-1.0316504475707635,2.197418937027052,2.038283572233645,0.16514535709365008,0.7014925373134442,0.16417910447761416,2.764705882353138,1.0000000000001672,0.6470588235294019,3.4230769230769904,3.4761904761899607,2.315789473684273,1.1874999999998002,1.1666666666665089,1.0999999999998864,1.1666666666665089,0.253731343283584,-3.114399087255272,3.439504592106287,0.20696609505282304,0.0987835920761356,0.14179104477611942,0.3432835820895514,0.5373134328358196,0.04477611940298591,0.23308270676691759,0.3208955223880589,0.3208955223880589,0.4179104477612019,0.5939849624060222,0.09701492537313408,0.10526315789473811,0.07220826308787368,-0.7344351827020847,0.060543753535755473,-0.5423264871053329,-0.5423264871053329,0.7053625878135646,-0.13850885852346384,-0.035216128795295704,0.86740138752647,0.86740138752647,-0.328766237842277,-2.1058466997325898,-18.38245310051795,-18.38245310051795,-0.00030348602571127713,0.06819074368836142,0.08270676691729421,0.08270676691729421,0.29104477611940227,0.1194029850746291
M,1,90,6,Transmittance RED,0.253731343283582,-1.3726318229342351,1.2830188679245547,0.33978356260445636,0.2611940298507257,0.9351599094481235,-0.7826464317094103,-0.988122898378387,8.192162738113105,4.296684737676447,3.869791867679266,0.7142857142857143,0.1641791044776284,2.8235294117645484,1.0294117647058554,0.6470588235294155,3.4230769230770997,3.4761904761909017,2.199999999999723,1.187500000000011,1.1666666666665089,1.099999999999318,1.1666666666663508,0.253731343283582,-3.046721848863167,56.31309978082266,0.012600083845753202,0.0060163037180935505,0.14179104477611904,0.3432835820895514,0.5373134328358309,0.04477611940298496,0.23308270676691667,0.3208955223880589,0.3208955223880589,0.42105263157894346,0.5970149253731328,0.09701492537313615,0.10526315789473811,0.07275471011520679,-0.724629193829269,0.060451391369356525,-0.530485581121543,-0.530485581121543,0.6883117417672915,-0.14282342891640665,-0.032840502713350914,0.8400836856208886,0.8400836856208886,-0.30688846687120286,-2.0608959773376596,-19.359478196042705,-19.359478196042705,-1.8012564281877924e-05,0.4021516161425438,0.08270676691729421,0.08270676691729421,0.29104477611939916,0.11940298507462656
M,1,90,7,Reflectance GREEN,0.26119402985075,-1.3226051092041486,1.0322580645161232,0.3632334131667901,0.2910447761193982,0.7211715049401177,-0.43408071519050034,-0.6140049321670398,5.348794880531987,3.2311299164001936,2.105829117150165,0.5671641791044814,0.17293233082708342,2.171428571428601,1.1142857142856935,0.6764705882353131,3.307692307692476,2.4545454545454954,2.100000000000199,1.375000000000111,1.230769230769029,1.1818181818179938,1.0,0.26119402985075,8.724867026647306,20.718802866502276,0.04577162089753047,0.017063502935632576,0.14285714285713846,0.3458646616541395,0.5298507462686441,0.04511278195488776,0.23308270676692008,0.3157894736842109,0.3157894736842109,0.41791044776118413,0.563909774436097,0.0970149253731346,0.11194029850746474,0.04302730098910396,-0.6152079474831614,-0.11864387366060257,-0.596307651540325,-0.596307651540325,0.4912801070772951,-0.054601851812946196,0.5224435830061898,0.7235056903255244,0.7235056903255244,-0.1291853040372006,-1.8143754116774307,0.6869495006904077,0.6869495006904077,-0.00010157745290864357,0.12392768537907928,0.08208955223880662,0.08208955223880662,0.21804511278194816,0.059701492537312016
M,1,90,7,Reflectance IR,0.2611940298507467,-1.3236811288696497,1.032258064516076,0.3595332190910098,0.2910447761193859,0.6645316635514673,-0.37945126675109225,-0.6179097481673388,5.3381621058951705,3.2324107958730846,2.117424803284728,0.563909774436097,0.17293233082707601,2.1714285714284043,1.1142857142856029,0.6764705882352572,3.307692307692476,2.4545454545449847,2.0999999999997585,1.3750000000000222,1.230769230769029,1.1818181818179938,1.0,0.2611940298507467,3.4789604279142563,1.470190923313557,0.6442146100932531,0.24036100731909812,0.14285714285713846,0.3458646616541358,0.5263157894736905,0.04511278195488776,0.23308270676692008,0.3157894736842105,0.3157894736842105,0.41791044776118413,0.563909774436097,0.0970149253731346,0.11194029850746474,0.03729835312312573,-0.6190823202772572,-0.11672231850233539,-0.5981391178361637,-0.5981391178361637,0.4959345124373708,-0.05675426508446982,0.5880328044983475,0.7235286433875339,0.7235286433875339,-0.12552726782308612,-1.8199233048344785,0.5154869644013197,0.5154869644013197,-0.0027742983892642347,0.07859823349033168,0.0820895522388075,0.0820895522388075,0.21804511278194816,0.059701492537312016
M,1,90,7,Reflectance RED,0.26119402985074414,-1.3185334212012019,1.0322580645161081,0.3630033644900271,0.29104477611940266,0.6760820068145914,-0.3687820187047793,-0.6137623452310362,5.440707440261834,3.2601152105302296,2.186044719206299,0.5671641791044814,0.17293233082708342,2.171428571428662,1.1142857142857114,0.6764705882353974,3.307692307692476,2.4545454545455603,2.100000000000199,1.4374999999986677,1.230769230769029,1.1818181818179938,1.0,0.26119402985074414,3.1738368052901107,2.815901885690953,0.33621424657352666,0.12549140410513257,0.14179104477612806,0.3458646616541358,0.5263157894737129,0.04511278195488727,0.23308270676692008,0.31578947368420757,0.31578947368420757,0.41791044776118413,0.5639097744361211,0.09701492537313615,0.11194029850746474,0.03647234260587252,-0.6143970331399166,-0.11880290738707822,-0.594156326490535,-0.594156326490535,0.48926283503372264,-0.05510495426790366,0.6005149148105438,0.7219259331355888,0.7219259331355888,-0.12876297295173134,-1.8075845102405137,0.49744987041072886,0.49744987041072886,-0.0016955145035725515,0.08218901769573184,0.0820895522388075,0.0820895522388075,0.21804511278194816,0.05970149253731328
M,1,90,7,Transmittance IR,0.2611940298507447,-1.2722455353403184,1.032258064516132,0.37185363911541663,0.29850746268655576,0.4265326454971417,-0.7260480589805782,-0.5772582196405875,1.9557552211845788,2.089990533869836,-0.1718513983338521,0.5820895522388053,0.17910447761194284,2.228571428571468,1.1428571428571392,0.6857142857142672,3.2222222222224564,2.5454545454544397,2.2000000000000144,1.437499999999889,1.2307692307692475,1.1818181818179938,1.000000000000203,0.2611940298507447,-2.933146767538112,3.9413142718236287,0.2397001492890539,0.08962159970163808,0.14179104477612206,0.3458646616541395,0.5298507462686554,0.04477611940298591,0.23308270676691012,0.3157894736842008,0.3157894736842008,0.4179104477611941,0.5671641791044882,0.09701492537313615,0.1127819548872146,0.07256510994677597,-0.6001987872331332,-0.1185159842843628,-0.5788782985301839,-0.5788782985301839,0.46391415445886847,-0.05518264208104033,0.14494662193150876,0.6918436068219315,0.6918436068219315,-0.11317607674274124,-1.737274930794351,4.583303412360848,4.583303412360848,-0.00022747637709499998,-0.15420362053859116,0.0820895522388075,0.0820895522388075,0.22388059701492005,0.059701492537312016
M,1,90,7,Transmittance RED,0.2611940298507469,-1.250278301859246,1.0491803278688143,0.3776147780463729,0.30075187969924955,1.0107526039388113,-0.717028154889976,-0.5466295772426114,8.387287223530722,4.268477763769431,4.080075696286125,0.592592592592616,0.18045112781951514,2.2647058823529487,1.1470588235294437,0.6857142857143228,3.259259259259462,2.5909090909090735,2.2499999999994316,1.437499999999889,1.2307692307692475,1.1818181818179938,1.000000000001624,0.2611940298507469,-2.9357768399194284,74.26943344867617,0.012581482595542946,0.004754930376740878,0.14179104477611904,0.35074626865670805,0.533834586466149,0.04477611940298496,0.23134328358210368,0.3157894736842008,0.3157894736842008,0.4179104477612019,0.5714285714285783,0.09701492537313615,0.11278195488721941,0.07236117103933351,-0.5876227172052272,-0.1187759715406462,-0.5712761538752359,-0.5712761538752359,0.446274913320292,-0.05789946066935306,0.1622333414426809,0.6716431874687941,0.6716431874687941,-0.09783312517279509,-1.6975946780369018,4.159316690784804,4.159316690784804,-1.1808142166697129e-05,0.43851935373782236,0.0820895522388075,0.0820895522388075,0.22388059701492716,0.05303030303030331
M,1,120,5,Reflectance GREEN,0.2799999999999727,-1.4747956641389013,2.43478260869546,0.17260588241555835,0.2599999999999909,0.7007703142832127,-0.3129741961743449,-1.1964923060476227,8.195502202966448,4.835606647129323,3.329087968359567,0.36000000000001364,0.17000000000001592,1.2857142857144597,0.9285714285714866,0.6071428571429731,1.5714285714287841,1.1176470588234113,1.0625000000000333,1.0,1.000000000000142,1.1249999999991118,1.0,0.2799999999999727,0.8588964543529964,45.7301138311612,0.012456165762762688,0.00838781373616127,0.1515151515151501,0.3838383838383803,0.6262626262626205,0.05,0.26,0.36,0.36,0.48,0.83,0.11,0.12,0.027612742656786055,-0.899380354113539,0.12332894376443136,-0.548529959359556,-0.548529959359556,0.8310808555908328,-0.2309748735592171,0.647336688424713,0.9169685115235031,0.9169685115235031,-0.3706243429231853,-2.3063016316441742,0.13757782186382364,0.13757782186382364,3.294302860244914e-05,0.1503711215083955,0.09999999999999998,0.09999999999999998,0.40404040404040037,0.21
M,1,120,5,Reflectance IR,0.2799999999999727,-1.4779659934812925,2.499999999999897,0.17525219685607507,0.2599999999999909,0.6737847276498397,-0.2629828453760758,-1.2001444438580402,7.67563436341676,4.62706357282708,3.073171474040901,0.3599999999999852,0.17000000000001592,1.2857142857144597,0.9285714285714866,0.6071428571429731,1.6190476190477932,1.0588235294120598,1.0624999999999334,1.0,1.0,1.1249999999991118,1.0,0.2799999999999727,0.6304266225403976,3.1640004566203546,0.1766824654897386,0.12111489225582475,0.1515151515151501,0.38,0.62,0.05,0.26,0.36,0.36,0.48,0.83,0.11,0.12,0.023151311021421466,-0.9070116049774557,0.1282600219396429,-0.5509981041490654,-0.5509981041490654,0.8410225445292663,-0.2313539287821804,0.7093441641826349,0.9175265130805238,0.9175265130805238,-0.36741889249896775,-2.3191772432340407,0.1051678706407549,0.1051678706407549,0.0002987960675492615,0.12277496913266206,0.09999999999999998,0.09999999999999998,0.41,0.22
M,1,120,5,Reflectance RED,0.2799999999999727,-1.4739141353074647,2.5454545454544406,0.1770273649471717,0.2599999999999909,0.6656048620135593,-0.2608912512219516,-1.1985849327617615,7.615243548694153,4.605802173029347,3.010688946888852,0.36000000000001364,0.17000000000001592,1.285714285714329,0.9285714285714866,0.6071428571429731,1.6190476190472194,1.1176470588234113,1.0624999999999556,1.0,1.0,1.1249999999991118,1.0,0.2799999999999727,0.6266737428709653,5.774131046725094,0.09701439180028985,0.06679292983232157,0.15151515151515882,0.3838383838383803,0.6262626262626205,0.05,0.26,0.36,0.36,0.48,0.84,0.11,0.12,0.02303897929684723,-0.9021563184698995,0.12432751025386664,-0.5509988941475005,-0.5509988941475005,0.835145318454474,-0.23631188724188065,0.7119966639625573,0.9195173074235518,0.9195173074235518,-0.37244847996445457,-2.3103649841995844,0.10561837807104449,0.10561837807104449,0.00016254025339088518,0.12299126997759313,0.09999999999999998,0.09999999999999998,0.4141414141414103,0.22
M,1,120,5,Transmittance IR,0.2799999999999727,-1.4709686001110556,2.5454545454544406,0.17968413310852258,0.2599999999999909,0.6382669083953828,-0.817115131476243,-1.1887331057935802,6.117715757176909,3.94053743707568,2.169947773122589,0.36000000000001364,0.17000000000001592,1.2857142857144597,0.9285714285714866,0.6071428571429731,1.5714285714293448,1.1176470588234113,1.0625000000000333,1.0,1.000000000000071,1.1249999999991118,1.0,0.2799999999999727,-5.863511349035785,4.5823088806156935,0.12203671357713733,0.08411171480724026,0.1515151515151501,0.38,0.6262626262626205,0.05,0.26,0.36,0.36,0.48,0.84,0.11,0.12,0.07205752293462873,-0.8995580490882584,0.12419246319229021,-0.5497909528811558,-0.5497909528811558,0.8294002774630945,-0.2424596432278061,-0.1551416877157405,0.913093612028788,0.913093612028788,-0.36437780545622694,-2.2992039731259033,-1.956046515265332,-1.956046515265332,-0.0003629319995918503,0.08061165933236158,0.09999999999999998,0.09999999999999998,0.4141414141414103,0.22
M,1,120,5,Transmittance RED,0.2799999999999727,-1.4598472573214993,2.19999999999984,0.16055060213241898,0.2600000000000193,0.7613341873004152,-0.8430626225942338,-1.1771021098302004,9.290274222919836,5.322664724605424,3.9563026012868123,0.36000000000001364,0.17000000000001592,1.2962962962962943,0.9285714285718926,0.6206896551721975,1.6190476190472194,1.1176470588234113,1.0625000000000333,1.0,1.0000000000002842,1.1249999999984013,1.0,0.2799999999999727,-5.0582835628140925,60.619146508222826,0.009897718137047705,0.0063097364330337415,0.1515151515151501,0.3838383838383803,0.63,0.05,0.26,0.36,0.36,0.48,0.83,0.11,0.12,0.07436933394725617,-0.8940120088136624,0.1266006864308376,-0.5492253822456459,-0.5492253822456459,0.8197260299963416,-0.247761515867539,-0.20418044784792852,0.905833672835201,0.905833672835201,-0.35124412525174603,-2.279844291325468,-1.4305180866781142,-1.4305180866781142,-2.591442753786785e-05,0.20880031536209642,0.09999999999999998,0.09999999999999998,0.38,0.1836734693877517
M,1,120,6,Reflectance GREEN,0.30303030303031175,-1.629573419431773,1.9354838709676854,0.076634368452688,0.27272727272725183,0.565016394664776,-0.374809723782664,-1.3801036729283438,8.014061050030008,5.12745838342985,2.8654874751053785,0.37373737373738025,0.18000000000000682,1.2333333333333019,0.9000000000000757,0.5999999999999053,1.909090909091238,1.055555555555503,1.0000000000000835,1.000000000000203,1.0,1.0,0.9999999999996447,0.30303030303031175,1.1608322037549177,39.78047707199982,0.020017797790368552,0.010948923318622208,0.18,0.42,0.67,0.07,0.29,0.4,0.4,0.52,0.8,0.11000000000000001,0.13,0.02975465001623919,-0.9524034459270675,0.12139533989109033,-0.5957494826018728,-0.5957494826018728,0.9375219529408786,-0.21577263775615957,0.5638113020961333,1.0385149203224193,1.0385149203224193,-0.4485945800154083,-2.565726997979973,0.08527818360564922,0.08527818360564922,6.407431739963003e-05,-0.03900633283675539,0.10101010101010012,0.10101010101010012,0.29,0.08
M,1,120,6,Reflectance IR,0.3030303030302917,-1.6334453006510947,1.9062500000000002,0.07118260368532628,0.27000000000001023,0.5186944441678043,-0.31697583846515687,-1.4035482424115084,7.137267864610835,4.730364035080244,2.4140361693192647,0.37373737373736143,0.18000000000000682,1.2333333333333019,0.8999999999999952,0.5999999999999243,1.954545454545447,1.055555555555503,1.0000000000000835,1.000000000000203,1.0,1.0,1.0,0.3030303030302917,0.829446862209392,2.7569727228446856,0.2893406965243529,0.15737663528873957,0.18,0.42,0.67,0.07,0.29,0.4,0.4,0.52,0.8,0.10999999999999999,0.13,0.025153418958169284,-0.9578893546361287,0.12648556335977257,-0.5879203385083716,-0.5879203385083716,0.9458800195899423,-0.21450686810067213,0.6396380209251751,1.0471738866161995,1.0471738866161995,-0.46323128889142473,-2.5779400799803933,0.057386810842677397,0.057386810842677397,0.0005025944515793314,-0.06738350745519112,0.10101010101010156,0.10101010101010156,0.28282828282828026,0.08
M,1,120,6,Reflectance RED,0.30303030303031175,-1.6308221735441766,1.9062500000000002,0.07358441281122227,0.27000000000003865,0.5183701284252185,-0.3115482529597152,-1.3903744165077274,7.17224439211763,4.751823260505078,2.4338086469990214,0.3737373737373749,0.18000000000000682,1.2333333333333019,0.9,0.5999999999999053,1.9130434782607084,1.055555555555503,1.0,1.0000000000000762,1.0,1.0,0.9999999999988631,0.30303030303031175,0.8082699315947997,5.135198925916103,0.15508157627016894,0.08463659668984433,0.18,0.42,0.67,0.07,0.29,0.4,0.4,0.52,0.8,0.10999999999999999,0.13,0.02476588896896189,-0.9541224516896665,0.12347705199780784,-0.5879243157074013,-0.5879243157074013,0.9397334678216906,-0.21523584101544807,0.6466702177153385,1.0414062383912408,1.0414062383912408,-0.4574075026599075,-2.569610993884785,0.057706583988416535,0.057706583988416535,0.00025810149407193544,-0.06836312678653589,0.10101010101010156,0.10101010101010156,0.28282828282828026,0.08
M,1,120,6,Transmittance IR,0.3030303030303017,-1.630328587328149,1.9062500000000002,0.07361255407747559,0.27000000000003865,0.48889199655257554,-0.8638569138543831,-1.3836349035647506,4.9043098534672565,3.672228938798713,1.2435942788031993,0.3737373737373749,0.18000000000000682,1.2333333333333019,0.9000000000000071,0.5999999999999527,1.9090909090909267,1.055555555555503,1.0,1.000000000000019,1.0,1.0,1.0,0.3030303030303017,-5.238248089434908,4.724264035193083,0.16815906489971272,0.09198013241019817,0.18,0.42,0.67,0.07,0.29,0.4,0.4,0.52,0.8,0.10999999999999999,0.13,0.0683669855292832,-0.9553885002347091,0.12860436160116798,-0.5882809903611322,-0.5882809903611322,0.940400040712485,-0.2258194696086932,-0.28131283153488507,1.0342745832707796,1.0342745832707796,-0.4488390538079691,-2.569635940090843,-0.4804172247192765,-0.4804172247192765,-0.0003392236932327257,-0.09709978308709674,0.10101010101010156,0.10101010101010156,0.2828282828282863,0.08
M,1,120,6,Transmittance RED,0.30303030303031175,-1.621915611704757,1.9677419354838706,0.0768472710758565,0.27272727272728836,0.6119109141175121,-0.8770965595259845,-1.3806465592176602,8.841427793969842,5.52495289979368,3.2938259336546265,0.3775510204081609,0.18000000000000682,1.2333333333333019,0.9000000000000947,0.5999999999999243,1.914855072464321,1.0526315789474707,1.0000000000001672,1.0000000000000508,1.0,1.0,1.0,0.30303030303031175,-4.903664728972846,71.35690776825909,0.011046478542708672,0.006120022397921353,0.18,0.42,0.6767676767676706,0.06060606060606179,0.29,0.4,0.4,0.52,0.8,0.11000000000000001,0.13,0.06938073401486859,-0.9529443722746171,0.12958336042333102,-0.58280139804888,-0.58280139804888,0.9333270342831363,-0.24146785869764942,-0.31065849496560866,1.0326419412415764,1.0326419412415764,-0.447538208275868,-2.5563879232130438,-0.4666392660785771,-0.4666392660785771,-2.199560889511442e-05,0.027659089730176556,0.1089108910891094,0.1089108910891094,0.29,0.08
M,1,120,7,Reflectance GREEN,0.33000000000000185,-1.6631620532804405,2.4814814814814814,0.0811618312201249,0.2970297029702828,0.42168141713995533,-0.42641326112479055,-1.2673859826191805,7.619906079904999,5.411601832890092,2.2090890231461566,0.41000000000000014,0.19191919191918785,1.2424242424242384,0.9062499999999944,0.5757575757575967,1.1666666666667456,1.0500000000000995,1.055555555555503,1.000000000000379,1.0909090909087387,1.0,1.0,0.33000000000000185,1.624807110986026,35.240883145412575,0.02359195885011813,0.014009204104861806,0.19191919191919016,0.45,0.7171717171717106,0.08,0.32,0.4242424242424203,0.4242424242424203,0.55,0.8181818181818107,0.11881188118811987,0.1313131313131313,0.03197278170125461,-0.9188305394909074,0.04873508400230271,-0.636603928604609,-0.636603928604609,0.8848626989762416,-0.19562490175760455,0.5011932236330534,1.0197873448692447,1.0197873448692447,-0.3757520668901523,-2.54694145937926,0.11717411386171214,0.11717411386171214,0.00016880790775061782,-0.21241729406173887,0.10999999999999999,0.10999999999999999,0.3030303030303002,0.08910891089108912
M,1,120,7,Reflectance IR,0.3299999999999983,-1.6729353843400374,2.444444444444362,0.07674464356185362,0.2929292929292938,0.3994485554550309,-0.3572913833999149,-1.286115908318445,7.021280394097059,5.082068642965704,1.9447852451691165,0.4099999999999966,0.19000000000005457,1.2424242424242058,0.8823529411765689,0.5757575757575967,1.1666666666665089,1.050000000000025,1.055555555555503,1.000000000000379,1.0909090909087387,1.0,1.0,0.3299999999999983,1.0694317195279983,2.5405573838890123,0.33132426725553593,0.19417226176042435,0.19191919191919016,0.45,0.71,0.08,0.32,0.4242424242424203,0.4242424242424203,0.55,0.81,0.11111111111111648,0.1313131313131301,0.026736032486361118,-0.9262216639664889,0.05524097523744829,-0.6345098561051645,-0.6345098561051645,0.8964544261242234,-0.19858941227118448,0.592802213097653,1.026726676537718,1.026726676537718,-0.393371166397222,-2.5682201765143384,0.07638510815298656,0.07638510815298656,0.0008076707401153454,-0.2366669023881427,0.10999999999999999,0.10999999999999999,0.3,0.08080808080808007
M,1,120,7,Reflectance RED,0.33000000000000007,-1.6670616529235005,2.481481481481398,0.07965400426129647,0.29292929292932773,0.39133148653207805,-0.3532439676003995,-1.2864734430355635,7.0113648084832,5.06418341401903,1.9204307195656005,0.4099999999999966,0.19000000000005457,1.2424242424242384,0.9062499999999944,0.5757575757575967,1.1666666666666272,1.0500000000000267,1.055555555555503,1.000000000000379,1.090909090908997,1.000000000000142,1.0,0.33000000000000007,1.052109076888503,4.718712702921222,0.1784419355408572,0.10456067010530103,0.19191919191919016,0.45,0.7171717171717106,0.08,0.32,0.4242424242424203,0.4242424242424203,0.55,0.8181818181818107,0.11881188118811989,0.1313131313131301,0.026476284058592123,-0.9212878939921446,0.05095051598003876,-0.6333673073721006,-0.6333673073721006,0.8883186748298796,-0.19718385103656721,0.5982696046584584,1.0272893791285842,1.0272893791285842,-0.3899931108349492,-2.5544161153028093,0.07754973398083502,0.07754973398083502,0.0004195954344146312,-0.23943134985451875,0.10999999999999999,0.10999999999999999,0.3,0.08080808080808007
M,1,120,7,Transmittance IR,0.3300000000000054,-1.6594654973308713,2.481481481481463,0.079718006996063,0.29999999999998295,0.37797006812097145,-0.8977364472985642,-1.299382227965864,5.078790285290779,4.025695021037052,1.0506021686572682,0.4100000000000108,0.19191919191918785,1.2424242424242384,0.9090909090906586,0.5757575757575967,1.1666666666666272,1.050000000000025,1.055555555555503,1.000000000000379,1.0909090909087387,1.000000000000071,1.0,0.3300000000000054,-4.303564541485646,5.121061127930101,0.16325013249219802,0.09633588757698044,0.19191919191919016,0.45,0.7171717171717518,0.08,0.32,0.4242424242424447,0.4242424242424447,0.5555555555555505,0.8181818181818107,0.12000000000000001,0.13131313131313765,0.06702901448150467,-0.9229412991636979,0.05671865011790772,-0.630689347494177,-0.630689347494177,0.8890107031993097,-0.21132521839658663,-0.3020021559588229,1.0318802483716816,1.0318802483716816,-0.40097762478645044,-2.5468474191982264,-0.499264924050124,-0.499264924050124,-0.00028057571142250134,-0.25540077219367957,0.10999999999999999,0.10999999999999999,0.3,0.08
M,1,120,7,Transmittance RED,0.3300000000000409,-1.6467328816447837,2.555555555555297,0.08560839648152825,0.2999999999999545,0.47608372959869094,-0.8963132133085622,-1.299778347189168,9.500286237559845,6.394103190039358,3.0655607370687115,0.41414141414140687,0.19387755102046025,1.2424242424243364,0.9062500000000833,0.5882352941176913,1.333333333333289,1.0500000000002416,1.055555555555503,1.000000000000379,1.0,1.0,1.0,0.3300000000000409,-4.191101670309613,84.91356290815222,0.009650304059795573,0.005832391234337245,0.19191919191919016,0.45454545454545037,0.7171717171717518,0.08,0.32,0.43,0.43,0.5555555555555585,0.8181818181818107,0.11881188118811989,0.13725490196078338,0.0672410658231957,-0.9197358341638708,0.060232946113206204,-0.6182499406747048,-0.6182499406747048,0.8892811360173078,-0.23013712547269594,-0.3083234605722105,1.0318883560540977,1.0318883560540977,-0.40805954346582674,-2.53498313022435,-0.532148424180286,-0.532148424180286,-1.667591285651595e-05,-0.15256670721562918,0.10999999999999999,0.10999999999999999,0.3069306930693097,0.08080808080808007
M,2,60,5,Reflectance GREEN,0.21105527638190533,-1.5518470940590923,0.764705882352945,0.41553189586196004,0.21000000000000796,0.946010256931789,-0.40431686970778974,-1.2134744688973016,4.493959414452647,2.3826316899096733,2.104083032265316,0.5929648241206037,0.13000000000000256,2.809523809523719,0.9999999999999492,0.6190476190475739,4.22580645161288,3.7199999999999136,3.5217391304349492,1.210526315789946,1.1333333333336113,1.1666666666665089,1.000000000001421,0.21105527638190533,7.086337920388325,23.47981137389975,0.032663032158408836,0.011377936199572402,0.125,0.28,0.425,0.055,0.19597989949749214,0.2613065326633154,0.2613065326633154,0.335,0.47,0.07035175879396952,0.08040201005025091,0.03570259276533114,-0.705970902762145,0.06477560341575336,-0.5685751562508612,-0.5685751562508612,0.7899766452850805,-0.13976586849918687,0.5325955291314581,0.9848030331815146,0.9848030331815146,-0.41553184699725654,-2.339855971540834,0.7896309007690121,0.7896309007690121,-0.00010143048778249862,0.3720651174030625,0.065,0.065,0.225,0.1
M,2,60,5,Reflectance IR,0.21105527638189406,-1.557743111109842,0.7647058823529344,0.4088333447033978,0.20603015075376765,0.9971476796674128,-0.35432608985548397,-1.23438380746566,5.090167367316392,2.5604343499606177,2.52919568475465,0.5879396984924676,0.12999999999999545,2.7857142857144064,0.9761904761905333,0.6190476190475739,4.19354838709678,3.680000000000007,3.4782608695654216,1.2105263157895838,1.0999999999998737,1.0833333333332544,1.0000000000007105,0.21105527638189406,3.14863760883824,1.7151106622535486,0.4453671514534347,0.15561181473034352,0.125,0.27638190954773945,0.425,0.055,0.19597989949748726,0.2613065326633154,0.2613065326633154,0.335,0.4673366834170867,0.07035175879396952,0.08040201005025091,0.031006178441505675,-0.7141182500618477,0.0678587956700189,-0.5682726929094626,-0.5682726929094626,0.8004872645928922,-0.14006950302684537,0.5975213301720403,0.9928622626535895,0.9928622626535895,-0.4271956793766576,-2.358550979787096,0.5893319496896492,0.5893319496896492,-0.0032116093258918415,0.43784827006425614,0.065,0.065,0.225,0.10050251256281362
M,2,60,5,Reflectance RED,0.21105527638190533,-1.5514901699047958,0.7669902912621359,0.41414988613087933,0.21000000000000796,0.9999888425892239,-0.35169017492323257,-1.2156089106495576,5.127787410872607,2.570358844591051,2.558576923788683,0.5900000000000034,0.13000000000000256,2.809523809523719,0.9999999999999947,0.6190476190475739,4.22580645161288,3.7199999999998,3.521739130434761,1.2105263157895838,1.1333333333333064,1.1666666666665089,1.0000000000003553,0.21105527638190533,3.169733676161755,3.147232555564428,0.24337175025215052,0.08497990456541858,0.125,0.2763819095477414,0.425,0.055,0.19597989949748795,0.2613065326633154,0.2613065326633154,0.335,0.47,0.07035175879396952,0.08040201005025091,0.030972662972858098,-0.7072993737897906,0.06516640070082319,-0.5680302130930222,-0.5680302130930222,0.7934882239761542,-0.13916893196918176,0.6017897134379816,0.9859795257119557,0.9859795257119557,-0.418479169665137,-2.3430747448300835,0.5926332893083641,0.5926332893083641,-0.0016964409923611416,0.450089129104162,0.065,0.065,0.225,0.1
M,2,60,5,Transmittance IR,0.211055276381888,-1.460016143296813,0.7669902912621359,0.43028474036661346,0.2150000000000034,-0.002044596264735876,-0.6549086012434424,-1.1955414389791272,0.9426616297170309,1.4017013260931455,-0.46129102718692194,0.6030150753768759,0.1349999999999909,2.857142857142915,1.0238095238095013,0.6279069767441999,4.290322580645078,3.653846153846238,3.6086956521738056,1.263157894736905,1.1333333333333555,1.0769230769232283,1.0,0.211055276381888,-3.1899417232848495,3.3891059641811063,0.22504938770128838,0.07875153422054329,0.12060301507537632,0.28,0.425,0.05,0.19597989949748654,0.265,0.265,0.34,0.47,0.07035175879396952,0.08500000000000002,0.05902624788702887,-0.6897395150715644,0.072417794558668,-0.5129139087023679,-0.5129139087023679,0.7587118075546955,-0.146994524413495,0.1534201303194043,0.9517917590495604,0.9517917590495604,-0.43647588267694215,-2.2176788435886285,5.297735362164236,5.297735362164236,-0.0002657279603376306,-0.48146356712835914,0.06532663316582954,0.06532663316582954,0.225,0.1
M,2,60,5,Transmittance RED,0.21105527638190533,-1.4186415348537889,0.7669902912621359,0.44338082765204345,0.21890547263684407,1.3848665212008384,-0.6487016774002886,-1.172540108880927,7.108332660949115,3.1388503801893477,4.013094545574399,0.6099999999999994,0.13500000000000512,2.880952380952748,1.046511627906967,0.6428571428570752,4.281250000000106,3.7199999999998994,3.6086956521735583,1.263157894736905,1.1333333333336113,1.0769230769232283,1.0000000000003553,0.21105527638190533,-3.1083981443503435,55.45870730618512,0.013782488561085382,0.004834971649309173,0.12,0.28,0.4271356783919578,0.04522613065326621,0.19597989949748654,0.265,0.265,0.34,0.47,0.07070707070707083,0.08500000000000002,0.05954787886785099,-0.6788544073829442,0.07510824961613749,-0.4920051603698582,-0.4920051603698582,0.7419154540727118,-0.1637896970389051,0.15926954378426772,0.9261655769870525,0.9261655769870525,-0.4402429332892083,-2.165368421938907,5.342578236922309,5.342578236922309,-1.565045202912002e-05,0.8755650724551014,0.07,0.07,0.2236154254110166,0.095
M,2,60,6,Reflectance GREEN,0.21999999999999886,-1.3703352918414688,0.788888888888889,0.38607616090540076,0.28000000000000114,0.9693851466660436,-0.39740400561393513,-0.4067695475445726,3.826738248815686,2.0884067269115003,1.7326030677450919,0.634999999999998,0.1500000000000341,2.886363636363642,1.2727272727272845,0.6818181818182112,4.031249999999994,3.7407407407411695,3.6249999999998814,1.8000000000001706,1.3750000000000222,1.3076923076920386,1.1249999999999722,0.21999999999999886,-36.23905890394747,18.34864175775125,0.03632573199521077,0.015376499445592594,0.12562814070351702,0.285,0.425,0.055276381909547485,0.19597989949748654,0.2562814070351747,0.2562814070351747,0.3316582914572849,0.425,0.07035175879396952,0.08999999999999997,0.040886789951089235,-0.5114890508781454,-0.15958951896131396,-0.6678271691106853,-0.6678271691106853,0.37674541678755086,0.08513920196418029,0.5755904220357388,0.6995920085269309,0.6995920085269309,-0.029854624344425703,-1.7454304824263984,0.7362445342794868,0.7362445342794868,-6.98679041309507e-05,0.313593045413636,0.06,0.06,0.295,0.18000000000000008
M,2,60,6,Reflectance IR,0.21999999999999886,-1.371441740401427,0.7888888888888934,0.38223958135257935,0.276381909547737,1.0294683676921736,-0.3433519168283238,-0.40573301649018995,4.585430803351118,2.2777216687789976,2.304743850392483,0.6331658291457212,0.15000000000000568,2.886363636363237,1.2500000000000646,0.6818181818182112,4.031249999999994,3.8461538461531397,3.5833333333332544,1.7999999999993748,1.3749999999996003,1.3076923076920386,1.1249999999999112,0.21999999999999886,7.313832824584639,1.3582717358616476,0.4903153176165608,0.20764066977920093,0.12562814070351702,0.285,0.425,0.055276381909547485,0.19597989949748654,0.2562814070351747,0.2562814070351747,0.3316582914572849,0.425,0.07035175879396952,0.08999999999999997,0.035042736946284105,-0.5160701970755776,-0.15900030516741287,-0.6708395507625676,-0.6708395507625676,0.38115014707622596,0.08602941982140726,0.6368070543514854,0.702248594395898,0.702248594395898,-0.029133959381479734,-1.7512984111326306,0.5579087669782896,0.5579087669782896,-0.0014182698759287317,0.36465647584420824,0.06,0.06,0.295,0.18
M,2,60,6,Reflectance RED,0.21999999999999886,-1.3627816886895798,0.788888888888889,0.3866430313281407,0.28000000000000114,1.0266775386514606,-0.344803149300653,-0.3977014008743211,4.565756026177194,2.2679350554965483,2.296419591986014,0.6350000000000193,0.1500000000000341,2.8863636363636744,1.2727272727272845,0.6818181818182112,4.03125000000015,3.740740740741064,3.6249999999998814,1.8000000000001706,1.375000000000444,1.3076923076922573,1.1250000000002665,0.21999999999999886,8.214951497670077,2.5667407024024618,0.25946705196065706,0.10982117635786869,0.12562814070351702,0.285,0.425,0.055276381909547485,0.19597989949748654,0.2562814070351747,0.2562814070351747,0.3316582914572849,0.425,0.07035175879396952,0.08999999999999997,0.03545267035434265,-0.510184317989835,-0.16039548512136817,-0.6712241069396402,-0.6712241069396402,0.3729553678420288,0.08716342311691837,0.6356618876862704,0.692653861490521,0.692653861490521,-0.02430617004055703,-1.736371958839452,0.57280048515689,0.57280048515689,-0.000715484357417315,0.3482521307288704,0.06,0.06,0.295,0.18
M,2,60,6,Transmittance IR,0.21999999999999886,-1.2647675745646125,0.8,0.405825934693146,0.2950000000000159,-0.06295434463166692,-0.5972348478880601,-0.3376029448126473,0.6977671379598823,1.3478342485335972,-0.6626855715609432,0.6500000000000341,0.15577889447236334,2.954545454545748,1.34090909090917,0.7209302325581334,4.000000000000172,3.8148148148149708,3.6399999999998727,1.9500000000000426,1.4375000000000235,1.2857142857144597,1.1111111111123744,0.21999999999999886,-2.7655211109273794,3.89512147968961,0.17046908514021059,0.07230103072266361,0.12060301507537632,0.2864321608040188,0.4271356783919578,0.05025125628140681,0.19095477386934587,0.255,0.255,0.3366834170854256,0.4271356783919578,0.07035175879396952,0.09499999999999997,0.06186293076706037,-0.4829756312190914,-0.1579631546954254,-0.6338263007866929,-0.6338263007866929,0.325272854292596,0.09011322086222995,0.3490831850964346,0.6406079515577585,0.6406079515577585,-0.004783882785179074,-1.5911383838266657,1.9889272488616512,1.9889272488616512,-0.0001783089326038427,-0.7111342424255569,0.06030150753768816,0.06030150753768816,0.2964824120603001,0.18
M,2,60,6,Transmittance RED,0.21999999999997044,-1.2124639433575841,0.8333333333333502,0.42592433754873177,0.3084577114427897,1.3982112557205304,-0.5807436610600055,-0.33297612574810065,7.921174939707308,3.335026965245343,4.118133743843003,0.6616915422885523,0.16080402010049835,3.0227272727272743,1.4090909090908812,0.7333333333333333,4.03125000000015,3.851851851852187,3.7200000000000273,2.000000000000284,1.4705882352944717,1.3076923076929132,1.1111111111116725,0.21999999999997044,-2.7419615137355278,75.48872969801941,0.008688552834029943,0.0037165272760505547,0.12,0.2864321608040188,0.43,0.04522613065326677,0.19095477386934587,0.255,0.255,0.34,0.4321608040201016,0.07070707070707007,0.0954773869346729,0.06198008208391266,-0.46918297003450415,-0.14273774571952022,-0.6056436453161576,-0.6056436453161576,0.3117523680796856,0.03897712519057685,0.3630300991402442,0.6213964637322078,0.6213964637322078,-0.007093178734305979,-1.5234195175705485,2.0305419918488368,2.0305419918488368,-8.735493651439772e-06,0.8390134407749811,0.060606060606060046,0.060606060606060046,0.3030303030303002,0.18
M,2,60,7,Reflectance GREEN,0.2311557788944896,-0.9996742132106453,1.0795454545454533,0.44104435245678497,0.3819095477386871,0.31322546319478667,-0.15112640613325348,-0.9890354129340015,3.5127922890598864,2.7789211805555456,0.7510509098504872,0.6834170854271394,0.22613065326632928,2.9565217391303515,1.6521739130433277,0.9782608695652362,3.6944444444446307,3.533333333333542,3.2142857142858343,2.3043478260869215,1.8947368421053576,1.8125000000000153,1.4999999999998757,0.2311557788944896,-5.7585184330085015,15.589517862221257,0.04544445696086334,0.019335337842060818,0.11557788944723565,0.3919597989949731,0.5527638190954867,0.045,0.1809045226130645,0.306532663316582,0.3417085427135663,0.45728643216080195,0.575,0.075,0.2110552763819086,0.045964246497143244,-0.33792968402827717,-0.11796043601242909,-0.09906625785911899,-0.11584206581485537,0.20251862517780878,-0.012073412006225472,0.8487975782473169,0.9007053113645038,0.8844287839643048,-0.7858872573485944,-1.2048893635020015,0.6297346150727003,0.6297346150727003,-3.252498658050856e-05,0.19928376539079953,0.12562814070351702,0.16080402010050182,0.33,0.235
M,2,60,7,Reflectance IR,0.23115577889447256,-1.0008377380379825,1.0795454545454546,0.43771102779281995,0.38000000000000966,0.45198740825380995,-0.12919519353586537,-0.9951793486900185,4.359943432362046,3.0372933962248014,1.3350999905514576,0.6834170854271372,0.22613065326632492,2.956521739130455,1.6521739130433277,0.9782608695652362,3.6944444444450015,3.533333333333687,3.2142857142859462,2.3043478260866554,1.8947368421053576,1.8125000000000333,1.599999999999318,0.23115577889447256,-43.747709991554444,1.199544545222956,0.5892587293340596,0.25061014254391734,0.11557788944723565,0.39,0.555,0.045,0.18,0.3065326633165815,0.3417085427135663,0.45728643216080195,0.575,0.075,0.2110552763819086,0.03897836711649553,-0.33697864602078675,-0.11661124385806376,-0.09501099875582172,-0.11110734408000486,0.20173222723635792,-0.009514904983748965,0.8708043442303801,0.9048421812828553,0.8889765717888352,-0.7937673729091197,-1.202281885547001,0.5145438922829415,0.5145438922829415,-0.000553745266258473,0.344638752496018,0.12562814070351702,0.16080402010050182,0.33,0.23618090452261198
M,2,60,7,Reflectance RED,0.23115577889447614,-0.9945601375808251,1.0795454545454546,0.4416260245120166,0.3849999999999909,0.43800915326364886,-0.1266310006786346,-0.9812508513530538,4.2752666162030035,3.012387088167511,1.2571985945027009,0.6850000000000023,0.22613065326634244,2.9782608695649917,1.6521739130435016,0.978260869565298,3.6944444444450015,3.566666666666509,3.214285714286251,2.3043478260878807,1.8947368421053576,1.8125000000001499,1.4772727272737431,0.23115577889447614,-31.943771796981572,2.305466124714724,0.30674010584486133,0.1305872796810404,0.11557788944723565,0.39,0.555,0.045,0.18,0.3065326633165815,0.3417085427135663,0.45728643216080195,0.575,0.075,0.2110552763819086,0.03925878516762559,-0.3355711178303705,-0.1179261862221677,-0.09917968601767424,-0.11353606120480444,0.199570716929903,-0.009419634467152195,0.8733157576541122,0.8963165254621497,0.8813438025695215,-0.7816246266306519,-1.1941834416602104,0.5227131535246945,0.5227131535246945,-0.0002698351184609332,0.32813833015773397,0.12562814070351702,0.16080402010050182,0.33,0.23618090452261198
M,2,60,7,Transmittance IR,0.2300000000000182,-0.9312925853958804,1.0795454545454546,0.47405527126724484,0.4170854271356804,-0.014625123360954739,-0.1788377769494321,-0.8914374347686084,0.8506260493567657,1.9852788189376047,-1.1410161272833879,0.710000000000008,0.2412060301507475,3.0869565217391117,1.8043478260871257,1.043478260869588,3.777777777777782,3.7333333333325,3.464285714286149,2.5652173913043423,2.052631578947321,1.8823529411767361,1.5454545454548978,0.2300000000000182,-2.288494656888418,5.710459481368116,0.12258754699254328,0.052451940482628835,0.11055276381909497,0.395,0.555,0.04,0.175,0.3,0.3417085427135663,0.46,0.58,0.07500000000000001,0.22110552763818994,0.06830184489281195,-0.3149604474770126,-0.11494991699502963,-0.09486724581091203,-0.11993474671380075,0.1755630869608742,-0.013040836649434813,0.8206407911334777,0.8360096842931442,0.8108288326405116,-0.7161164208052887,-1.1064864929990648,1.0286616558104549,1.0286616558104549,-5.6495974288034073e-05,-0.13967768210264797,0.125628140703517,0.16582914572864368,0.3366834170854256,0.24120603015075265
M,2,60,7,Transmittance RED,0.2300000000000182,-0.9020796146015465,1.0760869565217286,0.5029376491035622,0.437185929648254,1.0502170714167394,-0.16319914759820384,-0.9159087989369763,8.822407488582698,4.342965464035503,4.409791056054256,0.7200000000000273,0.24875621890547375,3.130434782608443,1.9111111111111279,1.0851063829786411,3.8055555555557246,3.7096774193557853,3.551724137931136,2.6799999999998363,2.052631578947321,1.9411764705884516,1.6363636363634955,0.2300000000000182,-2.348148148308181,137.85316042727305,0.005252846635104557,0.002171363632171378,0.10945273631840846,0.39393939393939315,0.54,0.035175879396984765,0.17,0.29,0.34673366834170694,0.4623115577889426,0.5771144278606963,0.07070707070707007,0.22335025380710996,0.06784814599709883,-0.31763885903509526,-0.09070771460497846,-0.05271619539725052,-0.16719046788185385,0.21070423072968417,-0.08624811691927856,0.8368008524017961,0.8506326827809514,0.7490128023264128,-0.7071833410148353,-1.1209123104270353,1.0901331358872186,1.0901331358872186,-2.2564224380244348e-06,0.8702384997168775,0.11616161616161845,0.17587939698492383,0.33,0.2178217821782167
M,2,90,5,Reflectance GREEN,0.2462686567164426,-1.611003827061694,1.2400000000000002,0.36907866380913573,0.23134328358209066,0.9987701382312154,-0.36137104245109664,-1.4835472573445752,7.0394672298924235,3.592018649848777,3.417217540840585,0.39552238805968853,0.1492537313432844,1.6060606060604965,0.9393939393938298,0.6060606060606005,3.5599999999999454,1.600000000000199,3.2631578947367457,1.0666666666667046,1.0,1.0,1.0,0.2462686567164426,2.0133473236814203,31.036129108396995,0.020974350576339208,0.010570982591720316,0.14179104477612806,0.3308270676691769,0.518796992481187,0.05263157894736793,0.2330827067669151,0.31578947368421006,0.31578947368421006,0.4104477611940288,0.5820895522388077,0.08955223880597017,0.09701492537313615,0.034094124782181205,-0.841489261888533,0.18939842475059646,-0.5469263630784919,-0.5469263630784919,0.9738433060823622,-0.26002267476341895,0.5764272514254659,1.062943870194477,1.062943870194477,-0.5135964229132539,-2.5841266973757966,0.501249219731313,0.501249219731313,0.0006805564181732927,0.43371851651520277,0.0820895522388075,0.0820895522388075,0.30827067669173297,0.1492537313432832
M,2,90,5,Reflectance IR,0.24626865671642661,-1.6212400189571223,1.2399999999999953,0.36613846626938196,0.23134328358208575,0.9367588628898398,-0.30457791824479113,-1.5054268432652311,6.583624549549899,3.418400305394649,3.1651866245216893,0.40298507462685873,0.14925373134328307,1.636363636363605,0.9393939393938193,0.6060606060605832,3.520000000000209,1.6999999999994884,3.210526315789584,1.0666666666666778,1.0000000000000593,1.0000000000000178,1.0,0.24626865671642661,1.2721739583328235,2.2721375756978124,0.2855184035078239,0.1442500790179021,0.14179104477612206,0.3308270676691769,0.518796992481187,0.052631578947369057,0.23308270676691759,0.3157894736842143,0.3157894736842143,0.4104477611940288,0.5820895522388045,0.08955223880597016,0.09701492537313615,0.028604090038164637,-0.8496128649627042,0.19561487779381642,-0.5500766146711474,-0.5500766146711474,0.9847583123261912,-0.2669831275429776,0.6520631574495029,1.0723889032667284,1.0723889032667284,-0.5204183859609539,-2.606440895662277,0.35910957592538445,0.35910957592538445,0.0012612364458748566,0.39527927492125775,0.0820895522388075,0.0820895522388075,0.30827067669173297,0.1492537313432832
M,2,90,5,Reflectance RED,0.24626865671642661,-1.614408411186903,1.2399999999999953,0.3682161003399511,0.23134328358209066,0.9192048853433485,-0.3058235519313714,-1.492059927888666,6.481496285815385,3.3866821130700977,3.081669700997543,0.3955223880597053,0.14925373134328532,1.6060606060606009,0.9393939393939055,0.6060606060606009,3.5200000000000387,1.6500000000000141,3.263157894737881,1.0666666666668057,1.0000000000000149,1.000000000000071,1.0,0.24626865671642661,1.2994864748888417,4.092771044200302,0.15848025848385922,0.08004550045527728,0.14179104477612806,0.3308270676691769,0.518796992481198,0.052631578947368494,0.23308270676691759,0.3157894736842143,0.3157894736842143,0.4104477611940288,0.5820895522388061,0.08955223880597087,0.09701492537313615,0.02883049940902057,-0.8439153676241166,0.19169281499881136,-0.5459548539402196,-0.5459548539402196,0.9789080102823574,-0.26316893680651243,0.6508852865831793,1.065153765577505,1.065153765577505,-0.5212309623209049,-2.5932783795402687,0.3653142277560102,0.3653142277560102,0.0007318377837066803,0.369178525758336,0.0820895522388075,0.0820895522388075,0.3082706766917297,0.1492537313432832
M,2,90,5,Transmittance IR,0.2462686567164426,-1.5988678873547504,1.240000000000062,0.37738686233706814,0.2313432835820931,0.7920331692064058,-0.7467798717226173,-1.482808651354376,2.734380051993414,2.064216813268446,0.6787933661737546,0.388059701492544,0.1492537313432869,1.5757575757574975,0.9393939393939296,0.6060606060606009,3.520000000000003,1.599999999999318,3.315789473684226,1.0666666666667015,1.0,1.0,1.0,0.2462686567164426,-3.5409318676004973,3.598037870209901,0.1799975345640195,0.0911739939534253,0.14179104477612206,0.3358208955223801,0.5187969924812091,0.05223880597015024,0.23308270676691759,0.3157894736842143,0.3157894736842143,0.4104477611940299,0.5864661654135158,0.08955223880597088,0.09701492537313615,0.07084023169820805,-0.8391991794389877,0.19575617850008625,-0.5386670868504352,-0.5386670868504352,0.9705652876011441,-0.2680070825362654,-0.07461807623367528,1.0573208068726108,1.0573208068726108,-0.5190916278455866,-2.569351062901343,-10.105000728730344,-10.105000728730344,-0.0003535010949628262,0.25884761436650894,0.0820895522388075,0.0820895522388075,0.31343283582088804,0.1492537313432832
M,2,90,5,Transmittance RED,0.2481203007518707,-1.5835989834403865,1.2599999999999427,0.38490546672424997,0.23308270676691395,1.0902902856764753,-0.7570003464807863,-1.4687320087648141,8.101405789959838,3.945076126006834,4.153955959349554,0.40601503759398383,0.14925373134332032,1.6562500000001277,0.9393939393939511,0.6060606060606009,3.5599999999999454,1.7000000000001136,3.263157894737881,1.066666666666995,1.0000000000000073,1.0000000000000089,1.0,0.2481203007518707,-3.3627107005162205,52.557707325667685,0.012343277823354162,0.006261780043268734,0.14179104477612206,0.3358208955223801,0.5223880597014912,0.05223880597015024,0.23308270676691759,0.3157894736842278,0.3157894736842278,0.41044776119403753,0.5895522388059686,0.08955223880597182,0.09774436090225472,0.07211169295027318,-0.8326367451062501,0.19690805019765548,-0.5372820702771046,-0.5372820702771046,0.9577414844400417,-0.2728980314103286,-0.09183698317214203,1.0476516625012953,1.0476516625012953,-0.5077042251132583,-2.5401106002520177,-8.622233845117544,-8.622233845117544,-2.349750790913491e-05,0.5460777499104157,0.08208955223881098,0.08208955223881098,0.3106060606060756,0.14925373134328004
M,2,90,6,Reflectance GREEN,0.25373134328356817,-1.4246117521497232,1.2452830188678499,0.3225454835699238,0.253731343283584,0.8239262616991726,-0.430558101843529,-1.0362034288465467,6.424151860450517,3.621240769410281,2.802401575070123,0.6917293233082482,0.164179104477586,2.7352941176470513,1.0,0.6470588235292642,3.480000000000018,3.3809523809525195,1.368421052631697,1.1250000000006217,1.1666666666665089,1.0999999999998864,1.1666666666665089,0.25373134328356817,4.16889497675254,23.20154123640815,0.031166095619879604,0.014562003369964363,0.14179104477611942,0.33834586466165817,0.533834586466149,0.04477611940298591,0.23308270676691012,0.3157894736842143,0.3157894736842143,0.417910447761193,0.5895522388059562,0.09701492537313408,0.1044776119403049,0.039722256267044835,-0.7410441650694024,0.055127777404335554,-0.5487169698545096,-0.5487169698545096,0.7198298325380257,-0.13775873166721328,0.5025789892077134,0.8751415675256966,0.8751415675256966,-0.3260144996602165,-2.144292873670062,0.5990491463212784,0.5990491463212784,-0.0001590473718307416,0.26025723591613936,0.08270676691729067,0.08270676691729067,0.28358208955223807,0.11278195488721938
M,2,90,6,Reflectance IR,0.25373134328356817,-1.4293314683378013,1.245283018867962,0.31906267905492813,0.253731343283582,0.7630059996749302,-0.354137734535147,-1.0543281260216175,6.1260182076692935,3.5172481475185755,2.614360188860312,0.6865671641791,0.1578947368421345,2.705882352941422,1.0,0.6363636363637774,3.5599999999999454,3.380952380951698,1.3684210526315475,1.1250000000006217,1.1666666666665089,1.0999999999998864,1.1666666666665089,0.25373134328356817,1.9377623046141093,1.7457808266631036,0.4129662120647236,0.19398876450630603,0.14179104477612206,0.33834586466165817,0.533834586466149,0.044776119402987806,0.2330827067669151,0.3208955223880521,0.3208955223880521,0.417910447761193,0.5895522388059624,0.09701492537313408,0.10526315789473362,0.03252111501431845,-0.7473418632950365,0.059456623965676816,-0.5497386937020643,-0.5497386937020643,0.7286551257877123,-0.1395953753468761,0.6008761402667127,0.8800455922258477,0.8800455922258477,-0.33085746447777153,-2.1576686961755263,0.39443259617485105,0.39443259617485105,0.00915692058376815,0.21073725612732064,0.08270676691729245,0.08270676691729245,0.2835820895522441,0.11940298507462656
M,2,90,6,Reflectance RED,0.25373134328357605,-1.4237142078613174,1.245283018867962,0.32184147195910096,0.253731343283584,0.7440953041204729,-0.3654310171412445,-1.0465100803776504,5.981118275123137,3.4624590061430123,2.509075199486019,0.6865671641791292,0.164179104477586,2.7272727272727533,1.0,0.6470588235292642,3.4230769230770997,3.380952380952371,1.3684210526315475,1.1250000000002665,1.1666666666665089,1.0999999999998864,1.1666666666665089,0.25373134328357605,2.181698535058176,3.164062092241443,0.22871769489999594,0.10726369473950507,0.14179104477612053,0.3383458646616654,0.5338345864661603,0.04477611940298591,0.23308270676691759,0.3208955223880521,0.3208955223880521,0.41791044776119524,0.5895522388059686,0.09701492537313408,0.10447761194030047,0.033748920555890696,-0.7422576589596279,0.056276527420399916,-0.5482772633608577,-0.5482772633608577,0.7221827352890011,-0.13795511184107218,0.5860221234253434,0.8792162616587924,0.8792162616587924,-0.3258277853018561,-2.145651202506045,0.4259668440781448,0.4259668440781448,-0.010207883135240778,0.19722407054171354,0.08270676691729245,0.08270676691729245,0.28358208955223807,0.11278195488721938
M,2,90,6,Transmittance IR,0.25373134328357605,-1.3857048719132652,1.264150943396244,0.3317819594470496,0.2556390977443452,0.5883851639955061,-0.7803324737985415,-1.0268971472188473,3.1186580527378194,2.4002520455895135,0.7184060071483058,0.7067669172932398,0.16417910447761552,2.794117647058729,1.029411764705853,0.6470588235294155,3.4230769230770997,3.4761904761904874,2.3746867167929064,1.1874999999998002,1.1666666666665089,1.0999999999998864,1.1666666666665089,0.25373134328357605,-3.1119308513406323,3.4705474625213135,0.2076393699560014,0.0978166772862478,0.14179104477611904,0.3432835820895514,0.5373134328358081,0.04477611940298543,0.23308270676691012,0.3208955223880589,0.3208955223880589,0.4179104477612019,0.5939849624059967,0.09701492537313408,0.10526315789473811,0.0722641239834019,-0.7326795520497323,0.06029021947307635,-0.5345442888743993,-0.5345442888743993,0.7013933216261159,-0.14190347905026687,-0.033448480832321686,0.8604693348855457,0.8604693348855457,-0.3302924484898053,-2.088825847345733,-19.511626142366048,-19.511626142366048,-0.0002996872440644346,0.0656378370524211,0.08270676691729421,0.08270676691729421,0.2857142857142769,0.11940298507462403
M,2,90,6,Transmittance RED,0.25373134328356817,-1.3646699568622593,1.2692307692308082,0.34279309819039766,0.2611940298507257,0.9749460396102134,-0.7787480522685719,-0.9979082998922612,9.075739312674383,4.6563003218011145,4.440862424301988,0.7153846153846137,0.1641791044776284,2.823529411764701,1.0294117647058554,0.6470588235294314,3.423076923077209,3.4761904761909017,2.256578947367963,1.187500000000011,1.1538461538462084,1.0999999999987495,1.166666666664456,0.25373134328356817,-3.0478845910585664,57.08599106934282,0.012473188820521779,0.0059277310050070454,0.14179104477611604,0.3432835820895514,0.5373134328358196,0.04477611940298401,0.23308270676691012,0.3208955223880555,0.3208955223880555,0.42105263157893447,0.5970149253731202,0.09701492537313615,0.10646541753412234,0.07280197466163851,-0.7239409297409045,0.06271755008344973,-0.5288464418358028,-0.5288464418358028,0.6880392713802762,-0.1506663476577798,-0.030483501885336883,0.8375932013975126,0.8375932013975126,-0.31453815304202193,-2.048664149635681,-15.398063916388963,-15.398063916388963,-1.7685158711058304e-05,0.44838200909477055,0.08270676691729421,0.08270676691729421,0.28571428571428914,0.11278195488721879
M,2,90,7,Reflectance GREEN,0.26119402985075196,-1.319839624929781,1.032258064516076,0.3669511823296196,0.29104477611940344,0.7802681239338792,-0.43367058725423546,-0.61118610810234,5.636754719359672,3.324305525464248,2.3100789029375974,0.5671641791044814,0.1729323308270908,2.171428571428662,1.114285714285734,0.6764705882353974,3.3076923076922404,2.4545454545455603,2.149999999999261,1.375000000000444,1.230769230769029,1.1818181818179938,1.0,0.26119402985075196,9.037762041616432,19.886811125673418,0.04812875574675096,0.01778272368302877,0.14285714285713846,0.3458646616541395,0.5263157894736848,0.04511278195488776,0.23308270676693005,0.3157894736842109,0.3157894736842109,0.41791044776118413,0.5639097744361211,0.09701492537313434,0.11194029850746301,0.04315431290768332,-0.613672311631936,-0.11815002813824498,-0.5945876496196112,-0.5945876496196112,0.49190201933141153,-0.059842794732791256,0.5222751818663587,0.7224695737716539,0.7224695737716539,-0.1260352410166468,-1.810558687627854,0.6969790257089588,0.6969790257089588,-0.00010421724741866604,0.17979668343891886,0.08208955223880597,0.08208955223880597,0.2164179104477652,0.052631578947369057
M,2,90,7,Reflectance IR,0.2611940298507469,-1.3224580628424205,1.032258064516076,0.3629816928027846,0.2910447761193982,0.7128993115345962,-0.3632055185590158,-0.625796787206622,5.646878535845516,3.344396205543267,2.3083391597166987,0.5671641791044694,0.17293233082708342,2.171428571428567,1.1142857142856029,0.6764705882352956,3.307692307692476,2.454545454545431,2.100000000000199,1.3750000000000222,1.230769230769029,1.1818181818179938,1.0,0.2611940298507469,2.9622965786983166,1.4852699322867078,0.6388756080954384,0.23795942001202744,0.14285714285713846,0.3458646616541395,0.5263157894736905,0.04511278195488776,0.23308270676693005,0.3157894736842143,0.3157894736842143,0.41791044776118413,0.5671641791044642,0.09701492537313434,0.11194029850746474,0.0358626838668167,-0.6174989930579664,-0.11693917793416131,-0.5950173160297535,-0.5950173160297535,0.49461967776879007,-0.059559892434943605,0.6064422695561872,0.7274252453023657,0.7274252453023657,-0.1317994893402979,-1.8171883703065528,0.4847950385865079,0.4847950385865079,-0.0037419552262914027,0.11708568467077207,0.08208955223880662,0.08208955223880662,0.2164179104477652,0.052631578947369057
M,2,90,7,Reflectance RED,0.261194029850748,-1.3166209401221876,1.0322580645161232,0.36529451336654223,0.29104477611940344,0.6937195724901146,-0.368570080734793,-0.6113564215396607,5.475148155381556,3.283013748686498,2.192300554615529,0.5671641791044814,0.179104477611908,2.1714285714286214,1.1142857142857114,0.6857142857142161,3.307692307692421,2.4545454545454954,2.149999999999261,1.4374999999995337,1.230769230769029,1.1818181818179938,1.0,0.261194029850748,3.175691726017866,2.8010264052477307,0.3384418843753055,0.12618735820800844,0.14285714285713846,0.3458646616541395,0.5263157894736905,0.04511278195488727,0.23308270676692008,0.3157894736842109,0.3157894736842109,0.41791044776118413,0.5671641791044642,0.0970149253731346,0.11194029850746474,0.03643904954488868,-0.6133126418610311,-0.1190679543723145,-0.5952656801353434,-0.5952656801353434,0.48931936789595837,-0.057705491512927594,0.6005641782123401,0.7209008944465989,0.7209008944465989,-0.12354038401759829,-1.8061861291638202,0.4998468459783559,0.4998468459783559,-0.0016981127938667173,0.09991648062970104,0.0820895522388062,0.0820895522388062,0.21804511278194816,0.059701492537312016
M,2,90,7,Transmittance IR,0.2611940298507469,-1.269037467460429,1.032258064516132,0.37462306807955115,0.29850746268656747,0.5090003139735464,-0.7241674289593469,-0.5721893961229504,2.2768662500737338,2.2099950472149947,0.06252575960089102,0.5820895522388069,0.17910447761194662,2.228571428571468,1.142857142857145,0.6857142857142672,3.2222222222224564,2.5454545454545365,2.200000000000114,1.437499999999839,1.2307692307692475,1.1818181818179938,1.000000000000203,0.2611940298507469,-2.9278514720689444,3.9649821272372554,0.23838662894565404,0.0891268109869661,0.14179104477612206,0.3458646616541395,0.5298507462686554,0.04477611940298591,0.2330827067669151,0.3157894736842008,0.3157894736842008,0.4179104477611941,0.5671641791044882,0.09701492537313615,0.112781954887217,0.07258418458230562,-0.5977675327421372,-0.11936113788615448,-0.578809839112086,-0.578809839112086,0.4613561520912224,-0.05730071802371742,0.14810696549389596,0.6881280182096539,0.6881280182096539,-0.10915521046883483,-1.732334245673982,4.5225865933232985,4.5225865933232985,-0.00022497928954638339,-0.08779365335331868,0.0820895522388075,0.0820895522388075,0.22388059701492005,0.059701492537312016
M,2,90,7,Transmittance RED,0.26119402985074736,-1.240976424536133,1.049180327868822,0.37943064906072865,0.30370370370371713,1.0284286191835983,-0.7122923917959777,-0.5366534046758866,8.816408954409013,4.442498172945166,4.342628576822787,0.59259259259257,0.18045112781955017,2.2647058823532213,1.1714285714285668,0.6857142857144899,3.259259259259462,2.59090909090848,2.238095238096192,1.4375000000001443,1.2307692307694662,1.1818181818179938,1.1428571428552867,0.26119402985074736,-2.9328214641912425,75.55764217559408,0.012385803093678427,0.004672299369899188,0.14179104477611904,0.35074626865670805,0.5298507462686666,0.04477611940298401,0.23308270676691012,0.31343283582091463,0.31343283582091463,0.4179104477612019,0.5714285714285661,0.09774436090225264,0.11278195488721941,0.07218198228027985,-0.5842510242632288,-0.11827376025404049,-0.571987081172291,-0.571987081172291,0.43686830093066636,-0.0611218196639722,0.16658700092545653,0.6681972372652717,0.6681972372652717,-0.09676619550609036,-1.6829330513132545,4.026094903349826,4.026094903349826,-1.1608098558497451e-05,0.4525746960253463,0.0820895522388075,0.0820895522388075,0.2238805970149248,0.052631578947371305
M,2,120,5,Reflectance GREEN,0.2799999999999798,-1.4927794349012533,2.4347826086955564,0.16200612015253796,0.2599999999999909,0.6929192570515414,-0.3154384905298122,-1.2355628887224852,8.24971691672328,4.910516456187079,3.3435023890383,0.36000000000001364,0.17000000000001592,1.2857142857142785,0.9285714285714866,0.6071428571429115,1.6666666666662155,1.058823529412227,1.0624999999999445,1.0,1.0000000000000355,1.1249999999991118,1.0,0.2799999999999798,0.8674099180812164,43.640142206556206,0.01322336278067323,0.008851871725682768,0.16,0.3838383838383886,0.63,0.05,0.2626262626262602,0.36363636363636026,0.36363636363636026,0.48,0.83,0.11,0.12,0.027636739114400392,-0.9098437036838214,0.12471502312458815,-0.5509272034631375,-0.5509272034631375,0.8476492134303459,-0.21294916930332425,0.6434970319292044,0.940276061360003,0.940276061360003,-0.3862904318192308,-2.3399621752443576,0.13068451512671658,0.13068451512671658,3.523770194482959e-05,0.12592017077899387,0.09999999999999998,0.09999999999999998,0.4,0.20202020202020454
M,2,120,5,Reflectance IR,0.2799999999999727,-1.4981857386138073,2.4347826086956528,0.1648760252068171,0.2599999999999909,0.6722386225877958,-0.24880084309047873,-1.2389057757825612,7.834056505018271,4.695047311433556,3.1294561289775453,0.3599999999999852,0.17000000000001592,1.2857142857142276,0.9285714285714866,0.6071428571428739,1.6666666666669374,1.0588235294117943,1.0000000000007105,1.0,1.0,1.1249999999987566,1.0,0.2799999999999727,0.5726271156083313,3.2415398217380584,0.17595972174727165,0.11950103026882192,0.16,0.38383838383839136,0.6262626262626565,0.05,0.2626262626262602,0.36363636363636026,0.36363636363636026,0.48,0.83,0.11,0.12,0.021698926215319506,-0.9153024564084119,0.1292636791173713,-0.5506434764455878,-0.5506434764455878,0.8543900246491898,-0.21939289615486157,0.7262682099161536,0.9388963725116425,0.9388963725116425,-0.3897812470076373,-2.352112687313813,0.09063931280826654,0.09063931280826654,0.0002569627252849932,0.12012922764424777,0.09999999999999998,0.09999999999999998,0.41,0.21
M,2,120,5,Reflectance RED,0.2799999999999727,-1.4924520993080002,2.5454545454544406,0.16756627468852417,0.2599999999999909,0.6568133195339345,-0.26171999901652954,-1.2300939323256608,7.606391153873973,4.603442556801101,3.004062901714162,0.36000000000001364,0.17000000000001592,1.2857142857142785,0.9285714285714866,0.6071428571429115,1.6666666666665764,1.0588235294120598,1.0624999999999445,1.0,1.0000000000000355,1.1249999999991118,1.0,0.2799999999999727,0.6248836420533888,5.780005588332108,0.09807732257786525,0.0670917242823303,0.16,0.38383838383840235,0.63,0.05,0.2626262626262602,0.36363636363636026,0.36363636363636026,0.48,0.8383838383838788,0.11,0.12,0.022878486146689702,-0.9110998879153114,0.12606124526951595,-0.5504670287074699,-0.5504670287074699,0.8483065677695643,-0.2271145821745755,0.710541401674199,0.9345623606675422,0.9345623606675422,-0.3840203446482221,-2.3422070422387313,0.0999511132574076,0.0999511132574076,0.00016197228231590066,0.10450632266993987,0.09999999999999998,0.09999999999999998,0.41,0.21212121212121016
M,2,120,5,Transmittance IR,0.27999999999999736,-1.4876520197139667,2.5454545454544406,0.17045611820641396,0.2599999999999909,0.6464978668250749,-0.8171197488029653,-1.2175551932760853,6.25341216239773,4.023179367413493,2.24214558516286,0.36000000000001364,0.17000000000001592,1.2857142857142785,0.9285714285714866,0.6071428571428762,1.6666666666664862,1.0588235294123942,1.062499999999939,1.0,1.0000000000000178,1.1249999999991118,1.0,0.27999999999999736,-5.9811265433057805,4.606924362247174,0.12238665390666484,0.08419559442897695,0.16,0.3838383838384134,0.63,0.05,0.2626262626262602,0.36363636363636026,0.36363636363636026,0.48,0.84,0.11,0.12,0.07143988777712998,-0.9086713534794627,0.12625728261660885,-0.5537045428944272,-0.5537045428944272,0.8440636616804911,-0.23330454506315434,-0.16272007129829957,0.9274361329631953,0.9274361329631953,-0.37509758456856773,-2.3332533801672932,-1.7707848103206907,-1.7707848103206907,-0.00036546065071873537,0.092666087061264,0.09999999999999998,0.09999999999999998,0.41,0.21999999999999764
M,2,120,5,Transmittance RED,0.2799999999999727,-1.4845632482739006,2.13461538461531,0.1495655823936466,0.2600000000000051,0.7534003912960314,-0.8428611428791687,-1.201854408864181,9.268783310861822,5.370958775991083,3.9194151120778282,0.36000000000001364,0.17000000000001592,1.2857142857144597,0.9285714285714866,0.6071428571429115,1.6666666666669374,1.0588235294118826,1.0625000000000215,1.0,1.000000000000071,1.0000000000006315,1.0,0.2799999999999727,-5.2237558418828165,62.52621220946679,0.00989372734634382,0.006174094799557381,0.16,0.39,0.63,0.05,0.2626262626262602,0.36363636363636026,0.36363636363636026,0.48,0.8282828282828325,0.11,0.12060606060606005,0.0734973244799629,-0.9054588377145232,0.12668202591473532,-0.5582626669027668,-0.5582626669027668,0.8382034845449945,-0.23266770472719522,-0.20697670743737157,0.9250447942781584,0.9250447942781584,-0.37093866651954316,-2.3230641224912154,-1.3105789695187533,-1.3105789695187533,-2.547611277621202e-05,0.1897842092795954,0.09999999999999998,0.09999999999999998,0.37,0.1791089108910899
M,2,120,6,Reflectance GREEN,0.30303030303031175,-1.6303298875454388,1.9677419354838135,0.07438006621082408,0.27272727272726816,0.5706354559706054,-0.37485356456297225,-1.3810328685277953,8.143427655751259,5.21517788453795,2.9046105764210433,0.37999999999999545,0.18000000000000682,1.2333333333333019,0.9000000000000757,0.5999999999996969,1.9545454545452432,1.0526315789479352,1.0000000000001672,1.0,1.0,1.0,1.0,0.30303030303031175,1.1569205721116467,38.51362826002209,0.020726682170142008,0.011382555770375826,0.18,0.42,0.67,0.07,0.29,0.4,0.4,0.52,0.8,0.10999999999999999,0.13,0.02963654360308415,-0.9522126738652942,0.12232641885916011,-0.5940367944859861,-0.5940367944859861,0.9344948536963255,-0.22088709822628808,0.5644832052138749,1.0376015772367861,1.0376015772367861,-0.4424497314754187,-2.566514945162222,0.0823102928001062,0.0823102928001062,6.561812549353575e-05,-0.02735413393093944,0.10101010101010102,0.10101010101010102,0.29,0.08
M,2,120,6,Reflectance IR,0.30303030303031175,-1.6359309743750785,1.9062500000000002,0.06894757377724633,0.27000000000003865,0.5440924624157437,-0.29620944973570157,-1.3926643037163866,7.602074414336259,4.952912975781447,2.6505125925976394,0.3737373737373749,0.18000000000000682,1.2333333333333019,0.8999999999999976,0.5999999999998106,2.0000000000002585,1.055555555555503,1.0,1.0000000000000253,1.0,1.0,0.9999999999994316,0.30303030303031175,0.7296922945848314,2.887084216427808,0.2765083755429659,0.1509001708999074,0.18,0.42,0.67,0.07,0.29,0.4,0.4,0.52,0.8,0.10999999999999999,0.13,0.023358090336158488,-0.9587814017117962,0.12699240959339855,-0.5899339399005877,-0.5899339399005877,0.9445387227083911,-0.21938769303204883,0.6665800744183238,1.0430633338177684,1.0430633338177684,-0.45211723150090344,-2.578216446627843,0.04919684382677698,0.04919684382677698,0.0003937111850239177,-0.0493546061934641,0.10101010101010156,0.10101010101010156,0.28712871287128766,0.08
M,2,120,6,Reflectance RED,0.30303030303031175,-1.630738579592678,1.9354838709680402,0.07207958883564931,0.27272727272725183,0.5148021316721395,-0.31118133385663,-1.3737885516750772,7.100100466703901,4.7469221958567465,2.37311702276702,0.37999999999999545,0.18000000000000682,1.2333333333333019,0.9000000000000757,0.5999999999996969,1.9545454545454957,1.0555555555548537,1.0,1.0,1.0,1.0,1.0,0.30303030303031175,0.7985198260143952,5.168363151620781,0.1541015581582983,0.08435693999161938,0.18,0.42,0.67,0.07,0.29,0.4,0.4,0.52,0.8,0.10999999999999999,0.13,0.024527619150586308,-0.9543626006124643,0.12287120230540412,-0.5922390664070886,-0.5922390664070886,0.9370381582846684,-0.21777324365249978,0.6481131746235123,1.036942935410955,1.036942935410955,-0.4424734375382726,-2.5682100616091947,0.05594507964803828,0.05594507964803828,0.00025017316387108203,-0.07256758657474749,0.10101010101010084,0.10101010101010084,0.29,0.08
M,2,120,6,Transmittance IR,0.30303030303031175,-1.6298111720622546,1.9375000000000546,0.07172009883633351,0.27272727272725183,0.5353838673006595,-0.8651871674149043,-1.3766713781790025,5.653262308931279,4.013453509084167,1.6206582303333272,0.37999999999999545,0.18000000000000682,1.2333333333333019,0.9000000000000853,0.5999999999998106,1.9545454545457481,1.0000000000005984,1.0,1.0,1.0,1.0,1.0,0.30303030303031175,-5.277470007925795,4.7784376665215,0.16633520538265073,0.0912019172766392,0.18,0.42,0.67,0.07,0.29,0.4,0.4,0.52,0.8,0.10999999999999999,0.13,0.06807233349999234,-0.9560287140045642,0.1283102834554808,-0.5864358105341854,-0.5864358105341854,0.9393051195915,-0.22883425447941252,-0.28230790917551063,1.0322831401626844,1.0322831401626844,-0.44445040758761356,-2.567871061208645,-0.46633825975196563,-0.46633825975196563,-0.0003348204108970288,-0.057312709396074246,0.10101010101010592,0.10101010101010592,0.29,0.08
M,2,120,6,Transmittance RED,0.30612244897959495,-1.6212251236261397,2.000000000000058,0.07905685316074929,0.275510204081609,0.6215009272645429,-0.8776437815507893,-1.3769187004273502,9.477483104061434,5.853224336983705,3.5980879887580945,0.37999999999999545,0.18000000000000682,1.2333333333333019,0.9000000000004548,0.5999999999996969,1.9130434782607084,1.0526315789473213,1.0000000000003344,1.0,1.0,1.0,1.0000000000011369,0.30612244897959495,-4.92269465108525,72.49456891868294,0.010747919887043867,0.006063392812328422,0.18,0.42,0.6767676767676779,0.06930693069306897,0.2929292929292902,0.4,0.4,0.52,0.8,0.11111111111111008,0.13,0.06910422012474056,-0.9521911229878689,0.1317738062845136,-0.5901028149317692,-0.5901028149317692,0.9346979610169989,-0.24791513897112039,-0.3084900450046853,1.0291418283072387,1.0291418283072387,-0.4376972879263237,-2.5527744629560214,-0.48221685701924843,-0.48221685701924843,-2.1673012975972175e-05,0.030803929641010974,0.10784313725490087,0.10784313725490087,0.2929292929292944,0.08080808080808123
M,2,120,7,Reflectance GREEN,0.3300000000000125,-1.6571199173123017,2.4814814814814814,0.07994716469495457,0.2999999999999545,0.41773966345791946,-0.4289061226444899,-1.2926724232300777,7.500435643895845,5.35157373909954,2.1528714443518027,0.410000000000025,0.19191919191918785,1.2424242424242427,0.9090909090906586,0.5757575757576697,1.1666666666666963,1.0500000000000995,1.055555555555503,1.000000000000379,1.090909090908997,1.000000000000142,1.0,0.3300000000000125,1.648547643798284,33.94094167422153,0.024532414921691385,0.014566941668648876,0.19191919191919016,0.45,0.7171717171717311,0.08,0.32,0.4242424242424447,0.4242424242424447,0.5555555555555505,0.8181818181818107,0.12,0.13265306122448733,0.032026641365054884,-0.922375282600025,0.057537908403605995,-0.630281066328589,-0.630281066328589,0.8864703617685522,-0.21254776802750178,0.497002704734791,1.0277196017425712,1.0277196017425712,-0.3977694965012211,-2.5452351640793993,0.11791849658123854,0.11791849658123854,0.00018418165219324058,-0.21603643432253367,0.10999999999999999,0.10999999999999999,0.3,0.08
M,2,120,7,Reflectance IR,0.33000000000000185,-1.6667803457478652,2.4444444444444424,0.0762187793945207,0.2929292929293109,0.3913548296748519,-0.33881431106162574,-1.3161429258514532,7.04432276932205,5.104676765154873,1.95464528419748,0.4099999999999966,0.19000000000005457,1.2424242424242058,0.906249999999914,0.5757575757575967,1.1250000000001332,1.0499999999999898,1.055555555555503,1.000000000000379,1.090909090908997,1.0,1.0,0.33000000000000185,0.9596193471291004,2.5988404174931854,0.32359303924274174,0.1899662294481321,0.19191919191919016,0.45,0.7171717171717106,0.08,0.32,0.4242424242424325,0.4242424242424325,0.5555555555555505,0.8181818181818107,0.12000000000000001,0.13131313131313152,0.02524858089392175,-0.9291211773409341,0.06198733399066977,-0.6308599310231405,-0.6308599310231405,0.9014657502328485,-0.21430231193150281,0.6158634249595122,1.0405775678856983,1.0405775678856983,-0.4110478170811373,-2.5683338517516145,0.06859744471532224,0.06859744471532224,0.0006432116931520523,-0.23402063839825893,0.10999999999999999,0.10999999999999999,0.3,0.08
M,2,120,7,Reflectance RED,0.3300000000000125,-1.6628104960409058,2.481481481481398,0.07864882508341024,0.2999999999999545,0.3806082494191138,-0.3546110027983033,-1.3015338553734837,6.824532906379712,4.975932156522226,1.8344642112011398,0.41000000000000014,0.19191919191918785,1.2424242424242384,0.9090909090906586,0.5757575757575967,1.1666666666665089,1.050000000000008,1.055555555555503,1.000000000000379,1.0909090909087387,1.0,1.0,0.3300000000000125,1.0564798486676386,4.683559405840912,0.17923560519216286,0.10542783631352985,0.19191919191919016,0.45,0.7171717171717106,0.08,0.32,0.4242424242424447,0.4242424242424447,0.5555555555555505,0.8181818181818107,0.12000000000000001,0.1313131313131301,0.026450641192290174,-0.9248434206659404,0.05881956273496269,-0.633484601860743,-0.633484601860743,0.8944253087818657,-0.2120834231911654,0.5955245951407433,1.0323186112635694,1.0323186112635694,-0.40043875674797436,-2.555804498050133,0.07728231632635257,0.07728231632635257,0.00042388118766489835,-0.24625685479199716,0.10999999999999999,0.10999999999999999,0.3,0.08
M,2,120,7,Transmittance IR,0.3300000000000125,-1.650731343337775,2.4814814814814814,0.07879255276899173,0.29999999999999716,0.3754460335622539,-0.9002806612659294,-1.2998129737254398,4.959476896038262,4.002160056393617,0.9912543275859096,0.410000000000025,0.19191919191918785,1.2424242424242427,0.909090909090823,0.5757575757576697,1.1666666666666616,1.050000000000008,1.055555555555503,1.000000000000379,1.0000000000004736,1.000000000000071,1.0,0.3300000000000125,-4.2950941320438645,5.125757374554436,0.16175993349185966,0.09631738028888213,0.19191919191919016,0.45,0.72,0.08,0.32,0.43,0.43,0.56,0.8181818181818107,0.12000000000000001,0.14,0.06689061774049951,-0.9259933118242551,0.06510460811781259,-0.6206556763611162,-0.6206556763611162,0.8935693252129641,-0.22841067764624792,-0.31322381716464237,1.026952890758896,1.026952890758896,-0.4091683874546568,-2.5443365619415905,-0.4788637020078877,-0.4788637020078877,-0.0002776819238057964,-0.24081016631849483,0.10999999999999999,0.10999999999999999,0.3,0.08
M,2,120,7,Transmittance RED,0.3300000000000409,-1.6452494374524496,2.5185185185186034,0.08126036180548764,0.3000000000000007,0.4782976676914991,-0.901118195553303,-1.3059145811230364,9.257466949035093,6.292669570241746,2.964950404418019,0.4141414141413782,0.19387755102040788,1.242424242424292,0.9090909090906586,0.5882352941176594,1.29800724637676,1.0500000000001706,1.055555555555503,1.000000000000379,1.0,1.0,1.0,0.3300000000000409,-4.221157441100546,85.83891555765295,0.009598789703776452,0.005775146723534132,0.19191919191919016,0.45454545454545037,0.72,0.08,0.32,0.43,0.43,0.56,0.8181818181818459,0.12,0.13861386138613987,0.06710532227447805,-0.9245212410170591,0.06664564906638662,-0.6186770667997417,-0.6186770667997417,0.8912422506247528,-0.24024710637577446,-0.3207906374584808,1.0248203549153758,1.0248203549153758,-0.4102470612631397,-2.534296560509617,-0.48493393335086565,-0.48493393335086565,-1.641418254923084e-05,-0.1372652767067729,0.10999999999999999,0.10999999999999999,0.30303030303031764,0.08
M,3,60,5,Reflectance GREEN,0.21000000000002217,-1.5191719523798017,0.7669902912621359,0.41835205305464596,0.2150000000000034,0.9380559942405591,-0.3988690630246013,-1.0807077961316445,4.6099693267665405,2.446320859477237,2.1625582793459284,0.5949999999999989,0.1306532663316531,2.8333333333332207,1.0238095238095013,0.6190476190476287,4.258064516128979,3.7200000000000273,3.565217391304477,1.263157894736905,1.1333333333336113,1.1666666666665089,1.0000000000003553,0.21000000000002217,6.65943314023855,22.369101126686875,0.03464248050104006,0.011908306568184418,0.12060301507537804,0.27638190954773745,0.4271356783919578,0.05025125628140752,0.19597989949748654,0.26,0.26,0.3316582914572873,0.47,0.07035175879396952,0.08040201005025091,0.035660669000740386,-0.6795412711956532,0.042329735453320555,-0.5863514706194981,-0.5863514706194981,0.7324908837820574,-0.10717592553873029,0.5469159122171887,0.9328816217966651,0.9328816217966651,-0.3468771671409464,-2.251689374880063,0.7567303461962991,0.7567303461962991,-0.00010754482230977726,0.36012689027330835,0.065,0.065,0.225,0.10050251256281362
M,3,60,5,Reflectance IR,0.21000000000000796,-1.5256409083660816,0.7669902912621359,0.41368661100797,0.21105527638191057,1.0536079649387937,-0.3153527013168339,-1.0866679208830208,5.601168514434303,2.727358671815714,2.8704464815136834,0.5929648241206008,0.1306532663316531,2.8095238095238533,1.0000000000000677,0.6190476190476192,4.225806451613837,3.7200000000000273,3.5652173913040364,1.263157894736905,1.1333333333336113,1.1666666666665089,1.0000000000007105,0.21000000000000796,2.1635484826017284,1.8345453230436202,0.42100871021091435,0.14516216153413597,0.12060301507537804,0.27638190954773745,0.425,0.055,0.19597989949748654,0.26,0.26,0.33165829145728654,0.46733668341708334,0.07035175879396952,0.08040201005025091,0.028107133623256002,-0.6843212119335762,0.04318450067172615,-0.5850744856487367,-0.5850744856487367,0.73672166311392,-0.09738396617228268,0.6510923151350385,0.9343503688062329,0.9343503688062329,-0.3495081995068606,-2.2629449189779,0.4812624465387133,0.4812624465387133,0.019446327605137537,0.4724346250288397,0.065,0.065,0.225,0.10050251256281362
M,3,60,5,Reflectance RED,0.21000000000003638,-1.512015170083557,0.7669902912621397,0.4196369028225017,0.21500000000003183,0.9856703305374745,-0.3462731892428784,-1.0781584857064181,5.161574205917862,2.602537871250112,2.5575441895858377,0.5950000000000273,0.1306532663316531,2.8333333333333166,1.0238095238095013,0.6190476190476352,4.258064516128979,3.759999999999991,3.5652173913046004,1.263157894736905,1.1333333333336113,1.1666666666665089,1.0000000000003553,0.21000000000003638,3.1344360318327706,3.076690115662199,0.2522569133502054,0.08662062243936672,0.12060301507537698,0.27638190954773745,0.425,0.05025125628140701,0.19597989949748654,0.26,0.26,0.33165829145728964,0.47,0.07035175879396952,0.08040201005025091,0.03106898503204989,-0.6764999004305222,0.041927313733363114,-0.5726688673092235,-0.5726688673092235,0.725589669821483,-0.09683442070617361,0.6131285109929883,0.9292461902530524,0.9292461902530524,-0.35519848385134584,-2.2381475290702,0.5798731728250364,0.5798731728250364,-0.0017079326275391753,0.40466715548888016,0.065,0.065,0.225,0.10050251256281362
M,3,60,5,Transmittance IR,0.21000000000000796,-1.4313846549250007,0.7745098039215618,0.434815084241327,0.22110552763816024,0.22177062094356947,-0.6567981539089773,-1.0345817632134424,0.9692302891642137,1.4279912052816224,-0.46215271198041735,0.6080402010050121,0.13567839195978923,2.880952380952388,1.0476190476190466,0.6428571428571308,4.322580645161223,3.692307692307852,3.6521739130436557,1.3157894736842262,1.1999999999997726,1.0769230769232283,1.0,0.21000000000000796,-3.1311666687134196,3.0746697260127336,0.24847265063745916,0.08657447603468155,0.12060301507537632,0.27638190954773745,0.4271356783919578,0.05,0.195,0.26,0.26,0.3366834170854256,0.47,0.07035175879396952,0.08500000000000002,0.0598343629355615,-0.6588765950896293,0.046352214174838466,-0.5409854774253101,-0.5409854774253101,0.6917321054062132,-0.10264682155198662,0.17790718459755692,0.8892260291023355,0.8892260291023355,-0.3452873350604212,-2.1213220023476413,4.503902438421328,4.503902438421328,-0.00028611614930602023,-0.3074313255354657,0.06532663316582885,0.06532663316582885,0.22613065326633064,0.1
M,3,60,5,Transmittance RED,0.21000000000000796,-1.3800413321198945,0.7745098039215712,0.44736761459870134,0.22613065326631065,0.9205913723543151,-0.6521342451844668,-1.0242712009501664,2.79930751752055,1.9456365960236894,0.8701580538727988,0.6149999999999949,0.13567839195979636,2.928571428571361,1.0714285714285738,0.6428571428571863,4.3548387096769705,3.730769230769357,3.695652173912788,1.3684210526315475,1.1999999999999975,1.1538461538456408,1.0000000000007105,0.21000000000000796,-3.0255295438844763,48.292284612462616,0.015812178216755086,0.005513270050956095,0.12,0.27638190954773945,0.4271356783919594,0.045226130653266125,0.19095477386934723,0.2613065326633154,0.2613065326633154,0.3366834170854256,0.47236180904522396,0.07035175879396953,0.0854271356783916,0.06059086346062378,-0.6429951642669204,0.04746447170572731,-0.5123154059136782,-0.5123154059136782,0.6650326008404841,-0.1181667646655076,0.18133153471343477,0.8677628780402941,0.8677628780402941,-0.35866462236534236,-2.0416312869430575,4.617926056451999,4.617926056451999,-1.742261343001486e-05,0.4032499194315535,0.06532663316582954,0.06532663316582954,0.225,0.09547738693467293
M,3,60,6,Reflectance GREEN,0.21999999999999886,-1.33998801247073,0.7802197802197802,0.39075790268663146,0.28643216080402034,0.8470458538436136,-0.38929127537015584,-0.32785883651931463,3.6967749417644864,2.053995574386521,1.653450443287029,0.6350000000000051,0.15500000000000114,2.8863636363637393,1.3181818181817888,0.7045454545454415,4.062500000000123,3.7407407407408146,3.583333333333891,1.8999999999996802,1.4374999999995337,1.3076923076923666,1.1250000000006217,0.21999999999999886,-27.736779417533388,16.79970732436859,0.04004676857149121,0.016761393910724714,0.1253140703517585,0.285,0.4170854271356765,0.055,0.195,0.25125628140703404,0.25125628140703404,0.3316582914572849,0.4170854271356765,0.07035175879396952,0.08999999999999997,0.04124644307381149,-0.49150077778307866,-0.18049019834428015,-0.6754084056055636,-0.6754084056055636,0.33863684172482966,0.09086366497988753,0.5895757708274771,0.6647929359033329,0.6647929359033329,0.010770534086525813,-1.679117612815857,0.7263724379906691,0.7263724379906691,-7.3372696506613e-05,0.1815074996680714,0.06,0.06,0.295,0.1809045226130645
M,3,60,6,Reflectance IR,0.21999999999999886,-1.3450856364886978,0.7802197802197802,0.38739008250262924,0.285000000000025,1.0798838855170458,-0.3179845066252871,-0.3365822766078482,4.842148947722371,2.326221021757468,2.510513478497081,0.633165829145727,0.15075376884422612,2.8863636363636744,1.295454545454588,0.6976744186046665,4.0625000000000036,3.7037037037039533,3.5833333333332544,1.850000000000128,1.375000000000444,1.3076923076922993,1.125000000000444,0.21999999999999886,5.25564127931321,1.3906241472616983,0.4844763946931432,0.20241483158767754,0.125,0.2814070351758781,0.4170854271356765,0.055,0.195,0.25125628140703404,0.25125628140703404,0.33,0.4170854271356765,0.07035175879396952,0.08999999999999997,0.03345218119678886,-0.4947527466888446,-0.17980909206138612,-0.6779621150147703,-0.6779621150147703,0.3429377652317851,0.09038997630199402,0.6673178032247964,0.6691398718289836,0.6691398718289836,0.010438232912082132,-1.687949951286743,0.5102113592770968,0.5102113592770968,-0.0016207581006473504,0.3996051574503447,0.06,0.06,0.295,0.1809045226130645
M,3,60,6,Reflectance RED,0.21999999999999886,-1.3300368075243774,0.7802197802197802,0.39295698374197324,0.29000000000000625,1.0205617725829823,-0.3361448142930654,-0.31579964185376747,4.5303717700427,2.2528419512864035,2.270553604132214,0.6381909547738573,0.15500000000002956,2.909090909090862,1.3181818181818454,0.7045454545454634,4.062500000000123,3.74074074074069,3.6249999999998814,1.9000000000000852,1.4374999999999667,1.3076923076923666,1.2499999999989342,0.21999999999999886,8.962510659140293,2.4653218507201315,0.27293043451925336,0.11416064309211452,0.12562814070351702,0.285,0.4170854271356765,0.055,0.1954899497487433,0.25125628140703404,0.25125628140703404,0.3316582914572849,0.4170854271356765,0.07035175879396952,0.08999999999999997,0.03574813083129859,-0.4873717207582162,-0.18106739788640552,-0.6707020903932946,-0.6707020903932946,0.33110913721465984,0.09182047254290196,0.6478983497374552,0.6578840529946852,0.6578840529946852,0.015298820662130033,-1.6610685534110157,0.5716450383210824,0.5716450383210824,-0.0006998975114878528,0.35757125222814135,0.06,0.06,0.295,0.1809045226130645
M,3,60,6,Transmittance IR,0.21999999999997044,-1.2342197033052653,0.7888888888888934,0.4134900167989899,0.3065326633165598,0.15390755218684346,-0.5834027654989606,-0.2626381608158198,0.640507119784143,1.3449701738513893,-0.696474847673419,0.6550000000000011,0.160000000000025,2.9772727272730033,1.402219873150131,0.7272727272727801,4.030303030303177,3.8518518518516762,3.6399999999999864,2.0499999999993745,1.499999999999989,1.2857142857144597,1.1111111111116725,0.21999999999997044,-2.72237037486023,3.4901918750716137,0.1904033749342275,0.08045902693589327,0.12060301507537632,0.2864321608040188,0.42,0.05,0.19095477386934587,0.25125628140703404,0.25125628140703404,0.3316582914572849,0.42,0.07035175879396952,0.09499999999999997,0.06247850356288423,-0.4618159450851791,-0.1765887954189771,-0.630602151985406,-0.630602151985406,0.28923171055138375,0.09459902699740572,0.37400018076775,0.6032445581421253,0.6032445581421253,0.02676337015384938,-1.5241091409917962,1.8795140852281123,1.8795140852281123,-0.00019271770892398686,-0.4715299958815401,0.06030150753768816,0.06030150753768816,0.2964824120603001,0.18
M,3,60,6,Transmittance RED,0.21999999999997044,-1.1807240000421717,0.8021978021978022,0.42870969043480706,0.3181818181818147,1.3283285857620042,-0.568269982237462,-0.2105714358811837,5.507471553357348,2.624212538206435,2.633941711276556,0.6683417085427025,0.1658291457286059,3.0681818181817566,1.454545454545619,0.7500000000000323,4.060606060606353,3.888888888889193,3.7199999999999136,2.0999999999995382,1.5624999999997558,1.3571428571429731,1.1111111111116725,0.21999999999997044,-2.6828867054874044,66.15049816459143,0.00996163953598449,0.004220796863101724,0.12,0.2864321608040188,0.42,0.045226130653266125,0.19,0.25,0.25,0.335,0.42,0.07035175879396996,0.09595959595959505,0.06286780533075705,-0.4417946284317267,-0.17552640772493402,-0.6160971913764506,-0.6160971913764506,0.26293085247478015,0.08330309123104374,0.38832712266403546,0.5659859378607338,0.5659859378607338,0.0442381235295235,-1.442784209062161,1.8894474643443404,1.8894474643443404,-9.518945763220871e-06,0.6933843697761899,0.06030150753768816,0.06030150753768816,0.3,0.18
M,3,60,7,Reflectance GREEN,0.22613065326632734,-1.0495996630120772,1.0555555555555556,0.43989394361623746,0.36683417085427883,0.3128452469542249,-0.1890184429231193,-1.1389657037879224,3.3981257620384016,2.699619658298492,0.701556281716504,0.6800000000000068,0.21608040201005269,3.022222222222138,1.6222222222222404,0.9555555555555949,3.857142857143101,3.689655172413799,3.37037037037,2.318181818181789,1.944444444444497,1.8666666666660603,1.4000000000002273,0.22613065326632734,-6.4498726278949166,14.625498111097542,0.04805995578648062,0.019972968638537675,0.11557788944723565,0.39,0.5427135678391954,0.045226130653266125,0.1809045226130645,0.3065326633165815,0.35,0.45728643216080195,0.5778894472361782,0.07035175879396953,0.2099999999999999,0.045870129946428494,-0.3223222173586148,-0.09593219971667429,-0.042751181126033856,-0.07577395347278555,0.2111550375280425,-0.03138201357393294,0.8108804446185758,1.0047029981829576,0.9703656202934166,-0.9265526350145408,-1.2616382121809444,0.6448698679537916,0.6448698679537916,-4.172255383024158e-05,0.24701822282589925,0.12562814070351702,0.16999999999999998,0.31658291457286486,0.22110552763818994
M,3,60,7,Reflectance IR,0.22613065326632492,-1.047876099809395,1.055555555555545,0.43741420420203153,0.3650000000000091,0.4914461909588205,-0.15635941384312216,-1.1466528461214653,4.594925508722325,3.081929080970705,1.5027661658265987,0.6799999999999997,0.21554020100502796,3.0222222222219473,1.6222222222220988,0.9555555555555345,3.9411764705877927,3.6896551724135094,3.42307692307694,2.3181818181814893,1.944444444444497,1.800000000000341,1.4000000000002273,0.22613065326632492,26.902613944735837,1.2104163806005663,0.5802221695778701,0.24110891320041034,0.11557788944723565,0.3869346733668338,0.5427135678391936,0.04500000000000008,0.18045226130653258,0.3065326633165815,0.35,0.45728643216080195,0.5778894472361782,0.07035175879396953,0.20603015075377087,0.03745511351688201,-0.3229113071362813,-0.09489516243338886,-0.04062029655527248,-0.07419871752259911,0.21254086951442785,-0.031222305802821194,0.8435463298343079,1.0075074096086358,0.9730877746569904,-0.9313173442964678,-1.2615206555636356,0.5014875835757144,0.5014875835757144,-0.0007228744549684246,0.428976579646372,0.12562814070351702,0.16999999999999998,0.31658291457286286,0.22110552763818994
M,3,60,7,Reflectance RED,0.22613065326632492,-1.0404154713210176,1.0555555555555556,0.44323238379588115,0.37000000000000455,0.4615663070470985,-0.1583213505070376,-1.1253402614181405,4.385059634150366,3.01731179623488,1.3649889182926365,0.6834170854271394,0.21608040201005577,3.0222222222223287,1.6444444444442985,0.9565217391302306,3.9117647058823506,3.6896551724144286,3.37037037037069,2.3636363636359876,1.9444444444449576,1.866666666666414,1.400000000000341,0.22613065326632492,-120.52740182777744,2.265984430837829,0.30984412414472734,0.12885989885921337,0.11557788944723565,0.38693467336684345,0.5427135678391974,0.045,0.18,0.3065326633165815,0.35,0.45728643216080195,0.5778894472361782,0.07035175879396953,0.21000000000000002,0.0391248369335834,-0.3208203356686957,-0.09658830222380727,-0.0441939179106832,-0.0777232512083182,0.20875764193298293,-0.030297246779069496,0.8416002856391396,0.9958883724359182,0.9606456703071182,-0.9164258816466493,-1.2499062226381161,0.5326522612850081,0.5326522612850081,-0.0003474419760746638,0.3981151028319424,0.12562814070351702,0.16999999999999998,0.3165829145728719,0.22110552763818994
M,3,60,7,Transmittance IR,0.2250000000000003,-0.972442487276741,1.0555555555556115,0.47176308463788824,0.40201005025125164,-0.2018672572123928,-0.23736669677975591,-1.0193194041188782,0.8390709433981897,1.9360160492381349,-1.099953103314843,0.70854271356782,0.231155778894461,3.133333333333468,1.7954545454545368,1.022222222222329,3.914285714285791,3.8620689655169844,3.592592592592936,2.545454545454532,2.111111111111006,1.875000000000444,1.599999999999318,0.2250000000000003,-2.3334029696387315,4.722622981037444,0.14679399834092485,0.061480555556378796,0.11055276381909497,0.3919597989949731,0.545,0.040100502512562725,0.175,0.3,0.34673366834170694,0.46,0.58,0.07035175879396953,0.2160804020100493,0.06840855027737917,-0.30494025446314477,-0.09380245495762572,-0.05174470663325918,-0.08847659560945442,0.18872625041705507,-0.03385396229004355,0.7626333032202441,0.9192094336911785,0.8822436531833782,-0.8297159424418018,-1.1609623993439477,1.085190755893653,1.085190755893653,-8.075807924143747e-05,-0.2863855065474456,0.125628140703517,0.175,0.325,0.22613065326633064
M,3,60,7,Transmittance RED,0.22500000000000853,-0.9429458429977214,1.0681818181818128,0.48858480990166,0.42499999999999716,0.9443873435974024,-0.21394658041306225,-0.9785909311672067,7.2193512412165255,3.9284587926280072,3.4037977797293713,0.7199999999999989,0.23618090452263243,3.199999999999975,1.8888888888888677,1.045454545454569,3.942857142856874,3.8666666666665086,3.6980056980053844,2.6956521739135164,2.1052631578949415,1.9705882352937611,1.5505050505051803,0.22500000000000853,-2.3529982556475435,108.01352705176973,0.006395367257874696,0.002685156691568146,0.11055276381909497,0.39054455445544733,0.5427135678391936,0.0398009950248758,0.17085427135678316,0.3,0.34343434343434276,0.4623115577889426,0.5829145728643189,0.07035175879397054,0.22110552763818994,0.06804874768470745,-0.2985666258672538,-0.0889709512769632,-0.05263865054241035,-0.1054552236197468,0.18405114451041024,-0.05561965401015807,0.7860451743798695,0.8921555790120228,0.8434655103765023,-0.7959285915044487,-1.1301305571226203,1.0900059054071594,1.0900059054071594,-3.3235467530206906e-06,0.8133285034499012,0.12562814070351702,0.17499999999999996,0.33,0.22613065326633064
M,3,90,5,Reflectance GREEN,0.24626865671642661,-1.5729952179577922,1.1960784313727195,0.3825647228495027,0.23308270676691806,0.9546594541405279,-0.3528599648638765,-1.384206941252309,6.505573210310642,3.394501435339521,3.1092392440770813,0.7014925373134315,0.14925373134331396,2.8484848484847336,0.9393939393939916,0.6060606060606009,3.5599999999999454,3.6999999999992044,3.263157894737881,1.1333333333323734,1.0000000000001183,1.0000000000000355,1.0,0.24626865671642661,2.091405263227985,28.646180088998005,0.02342270881539249,0.011447933867359626,0.14179104477612206,0.33082706766916276,0.5149253731343161,0.05263157894736681,0.23134328358210368,0.31343283582090137,0.31343283582090137,0.4060150375939898,0.5746268656716403,0.08955223880597182,0.09701492537313615,0.034541526448681824,-0.802313851072395,0.15915996014005862,-0.548155509617702,-0.548155509617702,0.9158483067715769,-0.23101352146362672,0.5922805247160126,1.0232879202684493,1.0232879202684493,-0.4764674996287482,-2.489446560066275,0.5040536543455911,0.5040536543455911,0.0012045866933264966,0.40945136644175073,0.08208955223880662,0.08208955223880662,0.3007518796992481,0.14179104477612206
M,3,90,5,Reflectance IR,0.24626865671641765,-1.5801481707782894,1.1960784313725863,0.3789564807046429,0.23308270676690862,0.9634157322136369,-0.26318094580093965,-1.3853184056189907,6.9029970691644085,3.5265887988313596,3.3810886809519554,0.7014925373134144,0.14925373134329592,2.8484848484844885,0.9393939393939916,0.6060606060606009,3.666666666666509,3.6500000000013357,3.315789473684226,1.066666666666995,1.0000000000001183,1.0,1.0,0.24626865671641765,0.9991481991877746,2.3854726991833455,0.280746848483118,0.13717107845987367,0.14179104477612206,0.3283582089552439,0.5149253731343161,0.05263157894736681,0.23134328358209386,0.31343283582090137,0.31343283582090137,0.4060150375939855,0.5746268656716403,0.08955223880597182,0.09701492537313615,0.025569448997381825,-0.8072812692123291,0.16242694322758364,-0.5595773957894336,-0.5595773957894336,0.9224708507506616,-0.23446433873126268,0.7075732529232085,1.0253985073872367,1.0253985073872367,-0.4665250742928631,-2.500730669735702,0.2974545229026914,0.2974545229026914,0.0007171130969245759,0.41017466891858345,0.08208955223880597,0.08208955223880597,0.30075187969924855,0.14179104477612206
M,3,90,5,Reflectance RED,0.24626865671642661,-1.5737748506694715,1.1960784313725863,0.38183804062448784,0.2330827067669193,0.9318174460531137,-0.3031797467609102,-1.379277088018686,6.520210892021712,3.393389454660638,3.1289776267605505,0.7014925373134293,0.14925373134331396,2.8484848484847336,0.9393939393939916,0.6060606060606009,3.5200000000000387,3.6999999999992044,3.315789473684226,1.066666666667374,1.0000000000000295,1.0,1.0,0.24626865671642661,1.3794254362831264,3.8360437971992467,0.17501300604703238,0.08532020633234459,0.14179104477612206,0.33082706766916276,0.5149253731343161,0.05263157894736681,0.23134328358209386,0.31343283582090137,0.31343283582090137,0.4060150375939855,0.5746268656716403,0.0895522388059704,0.09701492537314026,0.029607331807034804,-0.8026980861384243,0.1596130099952741,-0.5530880213615359,-0.5530880213615359,0.9143503658639105,-0.23234961359827458,0.6573815028840817,1.0224287188597125,1.0224287188597125,-0.4694354326150909,-2.4884464324373274,0.38046096465982837,0.38046096465982837,0.0009016256790060098,0.37576881182864486,0.08208955223880597,0.08208955223880597,0.3007518796992477,0.14179104477612206
M,3,90,5,Transmittance IR,0.24626865671642661,-1.5600034378324967,1.2156862745097279,0.38943087917777464,0.23308270676695456,0.7833921373837937,-0.7364121504441091,-1.365209508744465,3.28802066653159,2.233585916704445,1.0332414150765667,0.7089552238805867,0.1503759398496109,2.878787878787487,0.9687500000000278,0.6060606060606178,3.5599999999999454,3.700000000000256,3.3157894736842635,1.133333333333207,1.0833333333332544,1.0000000000002842,1.0,0.24626865671642661,-3.3832511022408625,3.171457882770356,0.20973598242958977,0.10327239170071137,0.14179104477612206,0.33082706766916276,0.5149253731343284,0.05223880597015024,0.23134328358209386,0.31343283582090137,0.31343283582090137,0.4060150375939898,0.5789473684210348,0.08955223880597182,0.09774436090225264,0.07227196921157869,-0.7975835190208195,0.16247884286778483,-0.5462075214210899,-0.5462075214210899,0.9077956427215041,-0.23568645369529562,-0.022898238224737865,1.0109936767306726,1.0109936767306726,-0.46185981354171435,-2.467207826922811,-33.60964090184852,-33.60964090184852,-0.0003868488982939593,0.235508418556013,0.0820895522388075,0.0820895522388075,0.3007518796992517,0.14179104477612206
M,3,90,5,Transmittance RED,0.2462686567164426,-1.5461824142602458,1.2156862745097956,0.3956022718161299,0.2388059701492531,1.0132868484474353,-0.7493639935828363,-1.3417555806169192,6.278391019687581,3.3092283720346853,2.9855490266891302,0.714285714285712,0.1503759398496173,2.8787878787879833,0.9696969696969541,0.6060606060606347,3.5599999999999454,3.7499999999996803,2.0555555555558276,1.1333333333333302,1.0833333333332544,1.0000000000005684,1.0,0.2462686567164426,-3.1932292233876867,43.94844881317307,0.015143719261095446,0.007465044597427306,0.14179104477612206,0.3308270676691716,0.514925373134338,0.05223880597014968,0.23134328358209386,0.31343283582090137,0.31343283582090137,0.41044776119402016,0.5789473684210595,0.08955223880597182,0.09774436090225264,0.07384230265904308,-0.7900691103254093,0.16141122957381468,-0.5498777800155277,-0.5498777800155277,0.8964828477091016,-0.2338355700475549,-0.04388443363055682,0.9971938051847096,0.9971938051847096,-0.4476891504209202,-2.441853133665178,-18.313685117290124,-18.313685117290124,-2.6952934971224542e-05,0.44845492463032477,0.0820895522388075,0.0820895522388075,0.30597014925372407,0.14179104477612206
M,3,90,6,Reflectance GREEN,0.2556390977443452,-1.4427752863547658,1.2592592592593177,0.3172847491014831,0.2556390977442915,0.6669920345780638,-0.4357032290461329,-1.044144104885286,5.303488629054792,3.2731238484475083,2.017707322365652,0.6616541353383433,0.16417910447761067,2.5882352941176077,1.0,0.6470588235292642,3.346153846153981,3.190476190475443,1.4210526315784435,1.187499999999023,1.1666666666665089,1.0999999999997443,1.166666666664456,0.2556390977443452,4.484427501787608,21.009934040960502,0.03529675264052771,0.01628583836715959,0.14179104477612206,0.34328358208955867,0.5373134328358209,0.05223880597014802,0.23880597014925312,0.3208955223880657,0.3208955223880657,0.42105263157893447,0.5970149253731202,0.09701492537313408,0.10447761194030047,0.039857284704159085,-0.7384631786039274,0.04414974647974425,-0.5590425606700291,-0.5590425606700291,0.7189486098915818,-0.13845490925750034,0.49622224093867495,0.8869053047158417,0.8869053047158417,-0.33198734495805515,-2.161659721696213,0.6050693791265467,0.6050693791265467,-0.00016368165663128108,0.09918827116234552,0.08208955223880923,0.08208955223880923,0.27611940298507975,0.10526315789473811
M,3,90,6,Reflectance IR,0.2537313432835998,-1.4459334169695761,1.2592592592593177,0.3138754590138163,0.2537313432835998,0.7189467983472936,-0.33199899530989485,-1.0501101548505807,6.141035579109522,3.590569869241672,2.5458204386694465,0.6567164179104427,0.16417910447761067,2.5882352941173914,1.0,0.6470588235292642,3.3846153846147455,3.1428571428586896,1.3684210526315475,1.1250000000002665,1.1666666666665089,1.0999999999998864,1.1666666666665089,0.2537313432835998,1.625155600975243,1.7982675133285286,0.4113259170395221,0.1900118693097975,0.14179104477612206,0.343283582089555,0.5373134328358196,0.05223880597014802,0.23880597014925312,0.3208955223880657,0.3208955223880657,0.42105263157893447,0.5939849624060222,0.09701492537313408,0.10447761194030047,0.030236767840137353,-0.7439586093552775,0.04761710998446801,-0.5627947025181479,-0.5627947025181479,0.7258742033137733,-0.1401326009639588,0.6297406487352382,0.8898464864495862,0.8898464864495862,-0.32968497482194636,-2.1730828398642648,0.3443561939103161,0.3443561939103161,0.003061838905656971,0.15609083376206662,0.0820895522388075,0.0820895522388075,0.27611940298509147,0.1119402985074624
M,3,90,6,Reflectance RED,0.2556390977443452,-1.4378653555336225,1.2592592592593177,0.3172271160516053,0.2556390977442915,0.6756358104550961,-0.36981067217287866,-1.0439233741737268,5.701003735590065,3.4243147937165106,2.2765808664777216,0.6616541353383504,0.16417910447761067,2.5882352941176454,1.0,0.6470588235293724,3.3846153846147455,3.190476190476078,1.4210526315784435,1.1874999999998002,1.1666666666665089,1.0999999999998864,1.1666666666665089,0.2556390977443452,2.2604411368436317,3.012681753470498,0.2458663310385241,0.11355170874243001,0.14179104477612206,0.34328358208955867,0.5373134328358209,0.045112781954889686,0.23880597014925312,0.3208955223880657,0.3208955223880657,0.42105263157894346,0.5970149253731202,0.09701492537313408,0.10447761194030047,0.03378971804117464,-0.73851558001418,0.044504726157684096,-0.5612575591413415,-0.5612575591413415,0.7178247226539057,-0.13804797200140734,0.5824846148384233,0.8893497319054608,0.8893497319054608,-0.3262832115122186,-2.1574182753190554,0.42649885757588146,0.42649885757588146,-0.010673326643775148,0.11512823255801646,0.0820895522388075,0.0820895522388075,0.27611940298507975,0.11194029850746003
M,3,90,6,Transmittance IR,0.2556390977443133,-1.4012824130886483,1.2830188679244514,0.3276278340275642,0.2611940298507467,0.4928211723059581,-0.7798538387805494,-1.0097764191412963,2.0610995356264645,2.0291000911568204,0.02490895266945925,0.6791044776119428,0.1641791044776284,2.676470588235117,1.029411764705853,0.6470588235294019,3.3846153846154854,3.2857142857141506,1.4736842105265597,1.187500000000011,1.076923076923447,1.0000000000005167,1.166666666664456,0.2556390977443133,-3.119223386312753,3.036905228285688,0.24240194844213914,0.1125753168816327,0.14179104477612206,0.34328358208955867,0.5373134328358309,0.04477611940298591,0.23880597014924806,0.3208955223880657,0.3208955223880657,0.42537313432834806,0.5970149253731455,0.09701492537313511,0.10526315789473811,0.07153140303495537,-0.7276893734565635,0.048837403673362006,-0.5488271794797164,-0.5488271794797164,0.6955955751989529,-0.1433985343343409,-0.023514397425524414,0.8575790462513179,0.8575790462513179,-0.3133415624018915,-2.097623732498346,-26.834095833281104,-26.834095833281104,-0.00033796214645135693,-0.04804393942980292,0.0820895522388075,0.0820895522388075,0.2835820895522321,0.11194029850746003
M,3,90,6,Transmittance RED,0.2556390977443452,-1.3740986581399566,1.2830188679245202,0.3357956561107528,0.2611940298507792,0.8619280471676862,-0.7835056482984744,-0.9679032271261947,6.563577697892937,3.742367208595144,2.828732685989852,0.6917293233082693,0.16417910447763537,2.7058823529411127,1.0294117647058554,0.64705882352941,3.3846153846154854,3.285714285714473,2.1578947368420316,1.187500000000011,1.0769230769232283,1.090909090908997,1.0,0.2556390977443452,-3.029513581307932,48.685007659131074,0.015084057270179255,0.00704267733544559,0.14179104477611942,0.34328358208955867,0.541353383458653,0.04477611940298591,0.23880597014924806,0.32089552238806396,0.32089552238806396,0.4253731343283571,0.6015037593985034,0.09701492537313511,0.11194029850746004,0.07225477592322868,-0.716209360546432,0.048288110090184064,-0.5433954957303656,-0.5433954957303656,0.6748181735144676,-0.14488346016925568,-0.025228287137650685,0.8323297697900942,0.8323297697900942,-0.29002159403066574,-2.0488241690150946,-25.307244452977706,-25.307244452977706,-2.0425760672498638e-05,0.3137669614096077,0.08270676691729421,0.08270676691729421,0.2835820895522321,0.10526315789473811
M,3,90,7,Reflectance GREEN,0.2611940298507257,-1.3381056346529956,1.0322580645161232,0.3510179400340891,0.2835820895522287,0.7193935773907124,-0.43981790824034717,-0.6911429253089422,5.259258088481046,3.1887164688950373,2.07031570358883,0.5746268656716994,0.17164179104478924,2.2285714285715676,1.0857142857143784,0.6571428571429732,3.346153846153981,2.545454545454569,2.100000000000199,1.3125000000004885,1.153846153846238,1.090909090909138,1.0,0.2611940298507257,7.914835941574739,18.771202656485627,0.05000724510894613,0.01868658052202958,0.14179104477612206,0.3432835820895732,0.5298507462686441,0.04511278195488583,0.2330827067669151,0.3157894736842008,0.3157894736842008,0.417910447761193,0.5671641791044882,0.09701492537313434,0.11194029850746268,0.04283782156823037,-0.6383738689654437,-0.08828354139834013,-0.5872206571079633,-0.5872206571079633,0.5323999495795877,-0.06938857118825456,0.5102744926302952,0.7504445819311557,0.7504445819311557,-0.16132960230299312,-1.8719371275061798,0.6786227256413533,0.6786227256413533,-0.0001206041574136355,0.1294890031357172,0.0820895522388075,0.0820895522388075,0.21804511278195282,0.059701492537312016
M,3,90,7,Reflectance IR,0.255639097744377,-1.3405592255690375,1.0322580645161232,0.348103564388367,0.27819548872180533,0.730705295248164,-0.34317343057758015,-0.6995833160948326,5.830393553621233,3.38987111345368,2.4554194384651353,0.5746268656716389,0.1716417910447856,2.2352941176468226,1.088235294117566,0.6571428571430799,3.346153846153981,2.500000000001292,2.0500000000002414,1.3125000000000777,1.153846153846238,1.0909090909090895,1.0,0.255639097744377,2.214639371540618,1.5489971582345952,0.5964298457183979,0.2227909687499901,0.14179104477612206,0.34328358208955867,0.5298507462686441,0.044776119402987806,0.23134328358210368,0.31343283582091463,0.31343283582091463,0.41791044776118413,0.5671641791044882,0.0970149253731343,0.11194029850746268,0.03330179379747196,-0.6416570680992124,-0.0862954944071999,-0.5877031628825384,-0.5877031628825384,0.5358822741382322,-0.07025650806835387,0.6271618876854009,0.752968544670522,0.752968544670522,-0.16583614737329233,-1.877273657408952,0.41478731303329236,0.41478731303329236,-0.021301196091047744,0.14144321873255605,0.0820895522388075,0.0820895522388075,0.21804511278195282,0.059701492537312016
M,3,90,7,Reflectance RED,0.2611940298507257,-1.331834088581782,1.0322580645161232,0.35197778321374834,0.2835820895522347,0.6902750249262952,-0.37201994095575164,-0.686840079822584,5.418741442980318,3.2511965680997754,2.1769092689716807,0.5789473684210531,0.1716417910447856,2.2352941176468226,1.085714285714527,0.6571428571429732,3.346153846153981,2.545454545454569,2.100000000000199,1.3749999999987566,1.153846153846238,1.090909090909138,1.0,0.2611940298507257,3.0272430509069683,2.7511984688349034,0.34177349739136764,0.12773972280976517,0.14179104477612206,0.3432835820895732,0.5298507462686554,0.04511278195488583,0.23308270676691012,0.3157894736842008,0.3157894736842008,0.417910447761193,0.5671641791044882,0.09701492537313511,0.11194029850746474,0.03627405929305606,-0.6360032313740767,-0.08815567399246331,-0.5827441950056761,-0.5827441950056761,0.5275355687866122,-0.06876018015465725,0.5931374739357815,0.746809385676675,0.746809385676675,-0.1622353708397669,-1.859808190287106,0.4871777286645476,0.4871777286645476,-0.0020088074784291084,0.11028629237954846,0.0820895522388075,0.0820895522388075,0.21804511278195515,0.059701492537312016
M,3,90,7,Transmittance IR,0.2556390977443879,-1.2857373353663417,1.0322580645161707,0.3613402432537427,0.2857142857142857,0.5038086271674576,-0.7383185531140612,-0.6400450661157309,2.0908979487841997,2.1198350636600454,-0.028937114875845715,0.5970149253731286,0.17164179104480018,2.3142857142857585,1.1176470588234113,0.676470588235299,3.3846153846151155,2.636363636363642,2.200000000000114,1.3750000000000222,1.230769230769029,1.1818181818179938,1.0,0.2556390977443879,-2.9528093999347127,3.364870603121496,0.2735044594231386,0.10271917031689959,0.14179104477612053,0.3432835820895732,0.5298507462686666,0.04477611940298591,0.23134328358210368,0.31343283582091463,0.31343283582091463,0.4179104477612019,0.5746268656716403,0.09701492537313511,0.11194029850746479,0.07277524479459722,-0.6208577416401594,-0.08828047325672558,-0.5727862864285839,-0.5727862864285839,0.5013666779118265,-0.06825453982740806,0.11311466170742165,0.7101945397408376,0.7101945397408376,-0.13758796027181588,-1.7878619505906923,5.800581592106954,5.800581592106954,-0.0002707464661978571,-0.06250748156292935,0.0820895522388075,0.0820895522388075,0.2238805970149248,0.059701492537312016
M,3,90,7,Transmittance RED,0.2611940298507257,-1.2594158337540986,1.048387096774236,0.37066232121963266,0.29323308270674764,0.9609960640349627,-0.7348872568609172,-0.6135519545687866,7.100421025410819,3.8419652503540735,3.2716744857567135,0.6090225563910031,0.17910447761194284,2.3529411764706545,1.142857142857166,0.6857142857142672,3.346153846153981,2.727272727272234,2.299999999999936,1.4117647058822742,1.2307692307692475,1.1818181818179938,1.0,0.2611940298507257,-2.9180124166165062,61.11336401819216,0.015071876014103707,0.005714287243332863,0.14179104477611904,0.3458646616541247,0.533834586466149,0.04477611940298496,0.23134328358209386,0.31343283582091463,0.31343283582091463,0.4179104477612019,0.5746268656716526,0.09701492537313615,0.1127819548872146,0.0729792418599186,-0.6074198095832989,-0.09097075796632913,-0.5630430312669634,-0.5630430312669634,0.4796288165938622,-0.06855506517211184,0.12423798468957575,0.6947606847148797,0.6947606847148797,-0.13208514715847233,-1.736977399217958,5.4125650204871,5.4125650204871,-1.4576455862148542e-05,0.3881206185618469,0.0820895522388075,0.0820895522388075,0.22388059701492954,0.05925925925926076
M,3,120,5,Reflectance GREEN,0.28000000000000114,-1.507716558009331,2.4782608695652173,0.17068453855787213,0.2600000000000193,0.6705618233813609,-0.32100476221477325,-1.2625205176782481,7.810642299534218,4.707848693700439,3.096977349526057,0.36000000000001364,0.17000000000001592,1.2857142857142785,0.9285714285714866,0.6071428571428608,1.6190476190479284,1.1176470588227032,1.0624999999999445,1.0,1.0000000000000355,1.1249999999991118,1.0,0.28000000000000114,0.9005478967116659,39.522691351731964,0.014490763308159797,0.009869933108101393,0.16,0.39,0.63,0.05,0.27,0.37,0.37,0.48,0.83,0.11,0.12,0.027994782806420287,-0.9124829610888373,0.1286971408370185,-0.5597198455934781,-0.5597198455934781,0.8611913973533485,-0.2157236337421687,0.6359529218467938,0.9564968313045439,0.9564968313045439,-0.39743481374156575,-2.3677178733878113,0.14410256400229896,0.14410256400229896,4.117215038024008e-05,0.10537044229146209,0.09999999999999998,0.09999999999999998,0.40404040404040037,0.21
M,3,120,5,Reflectance IR,0.28000000000000114,-1.5140556485935188,2.5454545454544406,0.16933485274432847,0.259999999999998,0.6609538788795302,-0.22472063834868305,-1.281098159373676,7.8646797104953095,4.740823386749899,3.1196675900490165,0.36000000000001364,0.17000000000001592,1.2857142857142276,0.928571428571443,0.6071428571428608,1.6666666666665764,1.0588235294118826,1.0624999999999334,1.0,1.0,1.1249999999987566,1.0,0.28000000000000114,0.4932977113880179,3.416266251382917,0.16662824181803365,0.11409710842600285,0.16,0.39,0.63,0.05,0.27,0.37,0.37,0.48,0.83,0.11,0.12,0.019544345222756887,-0.9176589316791806,0.13174530187523253,-0.5582390528847809,-0.5582390528847809,0.869223445478263,-0.20986000981429642,0.7548079122392999,0.964906479692901,0.964906479692901,-0.3993481411713722,-2.3814457620664293,0.08083997992519347,0.08083997992519347,0.00019811249258352775,0.10818252287802183,0.09999999999999998,0.09999999999999998,0.41,0.21
M,3,120,5,Reflectance RED,0.28000000000000114,-1.5107194583463608,2.5454545454544406,0.17077169058119437,0.2600000000000051,0.6357994700770104,-0.27022751856004135,-1.272438156342416,7.452473439002873,4.56499997885854,2.881638702531475,0.36000000000001364,0.17000000000001592,1.2857142857142567,0.9285714285714866,0.6071428571428579,1.6190476190483667,1.1176470588227032,1.0624999999999445,1.0,1.000000000000071,1.1249999999991118,1.0,0.28000000000000114,0.6595094333542055,5.367247875409209,0.10620346410370059,0.07271101820848497,0.16,0.39,0.63,0.05,0.27,0.37,0.37,0.48,0.8383838383838307,0.11,0.12,0.0234850424457929,-0.9136628472911608,0.12947585072874157,-0.5596885694552162,-0.5596885694552162,0.8630625502874134,-0.21866356739903747,0.7000532565443036,0.9612632911010363,0.9612632911010363,-0.39737474692943175,-2.373408459586271,0.10743375417914719,0.10743375417914719,0.00018669906135648215,0.07834675798763968,0.09999999999999998,0.09999999999999998,0.41,0.21
M,3,120,5,Transmittance IR,0.28000000000000114,-1.5092204714334954,2.5454545454544406,0.17271431108809948,0.2600000000000051,0.6214082574058317,-0.8183426615186884,-1.2747843452459646,6.170382085862995,3.9939364516348936,2.179061384379611,0.36000000000001364,0.17000000000001592,1.2857142857142785,0.9285714285714866,0.6071428571428608,1.6190476190479284,1.1176470588234113,1.0624999999999445,1.0,1.0,1.1249999999984013,1.0,0.28000000000000114,-5.854637826237728,4.022815919493196,0.14159872069335702,0.09692616927538512,0.16,0.39,0.63,0.05,0.27,0.37,0.37,0.48,0.8383838383838307,0.11,0.12,0.07125396713739689,-0.9131970485654766,0.1303835832968139,-0.5561952711482563,-0.5561952711482563,0.8599391480114611,-0.2233351944123102,-0.16993582132648488,0.9618463498011098,0.9618463498011098,-0.40559751731494353,-2.365043881872536,-1.7514339378130162,-1.7514339378130162,-0.0004132620870085248,0.06073895182218225,0.09999999999999998,0.09999999999999998,0.41,0.21
M,3,120,5,Transmittance RED,0.28000000000000114,-1.5027198518385818,2.4782608695652173,0.17419972285643187,0.26262626262625105,0.697604808962058,-0.8452280234370528,-1.2601743883158085,7.901635684720949,4.767367682365368,3.1342680023555807,0.36000000000001364,0.17000000000001592,1.2857142857142785,0.9285714285714866,0.6071428571428608,1.6190476190476033,1.1176470588234113,1.0624999999999445,1.0,1.000000000000142,1.1249999999987566,1.0,0.28000000000000114,-5.010934730148195,52.83206542582978,0.010839044079732213,0.00738689725495632,0.16,0.39,0.63,0.05,0.27,0.37,0.37,0.48484848484848037,0.83,0.11,0.12,0.07368287410697177,-0.9094877944923153,0.12994967254912207,-0.5555930536290424,-0.5555930536290424,0.8538159300572365,-0.2264804898584098,-0.22395597491234207,0.9549820358312104,0.9549820358312104,-0.39902480277804697,-2.3555410177953435,-1.3980471943004735,-1.3980471943004735,-2.9969637956752977e-05,0.15203646503764945,0.09999999999999998,0.09999999999999998,0.40404040404040037,0.21
M,3,120,6,Reflectance GREEN,0.30303030303036915,-1.63304660027943,1.9677419354838135,0.07839295441004607,0.27272727272728836,0.5393907485613394,-0.3775848958774382,-1.3775344665143285,7.527403372506511,4.947012514573642,2.592213958444117,0.37999999999999545,0.18000000000000682,1.233333333333068,0.9000000000001895,0.5806451612906302,1.9090909090909267,1.0000000000005984,1.0000000000000417,1.0,1.0,1.0,0.9999999999998579,0.30303030303036915,1.1931857045223844,35.17900587727566,0.022816387910393816,0.012513549616855671,0.18,0.42,0.67,0.07,0.29,0.4,0.4,0.52,0.8,0.10999999999999999,0.13,0.029959403286119086,-0.9499597569894587,0.11878898167184501,-0.5919468577785207,-0.5919468577785207,0.9361183992460578,-0.21677547480516401,0.5599473882748462,1.0371637779031475,1.0371637779031475,-0.4440735381689027,-2.5701677259148563,0.08918469275746985,0.08918469275746985,7.67735522346416e-05,-0.05899662975156733,0.10101010101010302,0.10101010101010302,0.29,0.08
M,3,120,6,Reflectance IR,0.30303030303031175,-1.6363563361475375,1.9062500000000002,0.07563119929912715,0.27272727272725183,0.5334324147460543,-0.2704247896093769,-1.3941065531564352,7.528627175346825,4.931650499125142,2.6047408325403087,0.37999999999999545,0.18000000000000682,1.2333333333333019,0.9000000000000853,0.5999999999996969,1.909090909091238,1.0000000000005984,1.0,1.0,1.0,1.0,0.9999999999994316,0.30303030303031175,0.637140690055785,3.005222146694697,0.26651636648553667,0.14570304832075412,0.18,0.42,0.67,0.07,0.29,0.4,0.4,0.52,0.7979797979797907,0.10999999999999999,0.13,0.02146929095726599,-0.9526630633612541,0.12088719277283835,-0.5876639055834871,-0.5876639055834871,0.9421564646458158,-0.21585706599037624,0.6991627691059443,1.0430033856588885,1.0430033856588885,-0.45662816392837074,-2.579023489392606,0.0469342527921188,0.0469342527921188,0.00030893022083190334,-0.05114529719445607,0.10101010101010302,0.10101010101010302,0.28282828282828026,0.08
M,3,120,6,Reflectance RED,0.30999999999994543,-1.634565027700382,1.9677419354838135,0.078035020730359,0.2727272727273093,0.5105279975420985,-0.31445062029949045,-1.3872510415881643,7.09745771612036,4.733153218688783,2.367089462337563,0.37999999999999545,0.18000000000000682,1.225806451613094,0.9000000000002653,0.5806451612903403,1.9090909090908035,1.0000000000000748,1.0,1.0,1.0,1.0,0.8333333333352281,0.30999999999994543,0.8290164327140421,4.9578119575043385,0.16370155866412472,0.08965844207869622,0.18,0.42,0.67,0.07,0.2929292929292902,0.4,0.4,0.52,0.7979797979797907,0.10999999999999999,0.13,0.024967722918653547,-0.9509098927754478,0.11912406425336332,-0.5889451141468774,-0.5889451141468774,0.9376125645199792,-0.21694337542532433,0.6433782940097643,1.0406997257607764,1.0406997257607764,-0.4525719058470342,-2.5720114343689033,0.062291488591009976,0.062291488591009976,0.00028050252268448165,-0.07720575488401113,0.1010101010101011,0.1010101010101011,0.2828282828282843,0.08
M,3,120,6,Transmittance IR,0.30999999999994543,-1.6305657620842733,1.9677419354838135,0.0775063473275106,0.2799999999999727,0.5224732089506936,-0.8635950792970046,-1.3766068385667116,5.254538175432538,3.8682086142779513,1.4031883923041188,0.37999999999999545,0.18000000000000682,1.2258064516131044,0.9032258064513526,0.5806451612903403,1.9090909090904864,1.0000000000000748,1.0,1.0,1.0,1.0,0.9999999999988631,0.30999999999994543,-5.1356023567365465,4.254680277023507,0.19067054350129675,0.10463136175193162,0.18,0.42,0.6767676767676706,0.07,0.2929292929292902,0.4,0.4,0.52,0.8,0.10999999999999999,0.13,0.06832776342915176,-0.9518113712491949,0.12350828505887489,-0.5864108341109548,-0.5864108341109548,0.9376817846918077,-0.22651724509652943,-0.27915278051406156,1.0322535639127812,1.0322535639127812,-0.44416849027028094,-2.56732543127198,-0.5123819758226864,-0.5123819758226864,-0.0003782029790305228,-0.060759890919560744,0.10999999999999999,0.10999999999999999,0.2871287128712816,0.08
M,3,120,6,Transmittance RED,0.30999999999994543,-1.6249260460691537,1.9999999999999996,0.08071921984612604,0.2799999999999727,0.5885513678987552,-0.8811538258943661,-1.3694544485678364,8.513414926054022,5.398371816011152,3.088290983797883,0.37999999999999545,0.18000000000000682,1.2258064516131044,0.9032258064515183,0.5806451612904172,1.8893280632410674,1.0000000000005984,1.0000000000001672,1.0,1.0,1.0,0.9999999999981052,0.30999999999994543,-4.729704673041646,61.41454966703222,0.013033391973179858,0.007219614972168997,0.18,0.42,0.6767676767676998,0.07,0.2929292929292902,0.4,0.4,0.52,0.8,0.11000000000000001,0.13,0.06966539914436182,-0.9486577611223123,0.12215385349828542,-0.5907475073910449,-0.5907475073910449,0.9350089719733496,-0.23361488664971736,-0.3145408541506318,1.0315806238012128,1.0315806238012128,-0.4369704495383978,-2.5606184704308945,-0.4824640783155165,-0.4824640783155165,-2.531486082209441e-05,-0.0007090300460747545,0.10891089108910988,0.10891089108910988,0.29,0.08
M,3,120,7,Reflectance GREEN,0.32999999999992724,-1.6571966870875563,2.357142857142857,0.08152641703886886,0.2929292929292535,0.42542156942670417,-0.4202234417170832,-1.2924272517617448,7.222071860342741,5.133729583816338,2.1001506755115886,0.40404040404041186,0.18999999999999934,1.242424242424378,0.9062499999999543,0.5757575757578184,1.666666666667377,1.0500000000000995,1.055555555555503,1.0714285714282958,1.0909090909084802,1.1111111111097076,1.0,0.32999999999992724,1.5645511124392522,32.21027560093838,0.02597123939883071,0.015132007189539363,0.19,0.45,0.71,0.08,0.31,0.42,0.42,0.55,0.81,0.11111111111111648,0.1313131313131301,0.0317725178411386,-0.926143333536847,0.06470513830658602,-0.6271449049967812,-0.6271449049967812,0.897443279725352,-0.21149222798782652,0.5075061929259348,1.0209458191082381,1.0209458191082381,-0.3926222025171422,-2.5563206070048476,0.1145767949119246,0.1145767949119246,0.00016472285165768352,-0.20644621593509224,0.10999999999999999,0.10999999999999999,0.3,0.08
M,3,120,7,Reflectance IR,0.32999999999992724,-1.6644514035071576,2.357142857142857,0.07751528786673534,0.29000000000002046,0.40925188793978984,-0.30556856615420724,-1.3147157416075639,7.0994621625600365,5.062242004800844,2.042108967902561,0.4000000000000341,0.18999999999999773,1.242424242424378,0.9062499999999056,0.575757575757868,1.1739130434786262,1.0500000000000995,1.0555555555548537,1.071428571428499,1.0000000000002585,1.1111111111097076,1.0,0.32999999999992724,0.7925540576576222,2.7643086518108486,0.3031170584209014,0.1762386690674468,0.19,0.45,0.71,0.08,0.31,0.42,0.42,0.55,0.81,0.11111111111111009,0.1313131313131301,0.02307595203523968,-0.9319696894353802,0.06926152020030601,-0.6224287062616173,-0.6224287062616173,0.9077470004201277,-0.21233405878506173,0.6574326282834382,1.0269137563956017,1.0269137563956017,-0.4052051684398177,-2.569201587794219,0.05850485576006462,0.05850485576006462,0.0004475952140963462,-0.21934585853641733,0.10999999999999999,0.10999999999999999,0.3,0.08
M,3,120,7,Reflectance RED,0.3299999999999841,-1.6600220121882518,2.357142857142857,0.0800317030406125,0.2900000000000773,0.39962004622894054,-0.3485958637434865,-1.2980332163690045,6.796190779807889,4.9036649281463855,1.8962844837930497,0.404040404040409,0.18999999999999773,1.242424242424378,0.9062499999999543,0.575757575757868,1.800000000000182,1.0500000000000995,1.055555555555503,1.071428571428499,1.0909090909079635,1.1111111111097076,1.0,0.3299999999999841,1.0207018905615155,4.615772996185975,0.18209139721555861,0.10592830013204318,0.19,0.45,0.71,0.08,0.31313131313131026,0.42,0.42,0.55,0.81,0.11881188118811906,0.1313131313131301,0.026310146474610357,-0.9277972107895079,0.06624218420215,-0.6221099497221978,-0.6221099497221978,0.8998718555415018,-0.21259245464699592,0.6030187262640894,1.0224984344527677,1.0224984344527677,-0.4015743014585639,-2.5570866364066553,0.07628648335678967,0.07628648335678967,0.00040926632070785495,-0.2249971502590628,0.10999999999999999,0.10999999999999999,0.3,0.08
M,3,120,7,Transmittance IR,0.3299999999999841,-1.6527402345931312,2.357142857142857,0.07995627499030379,0.29292929292927034,0.3875288818535142,-0.8935844010468356,-1.3277521330337272,4.736107181339713,3.824505739855546,0.9285606941779432,0.4040404040404348,0.1900000000000009,1.242424242424378,0.9062499999999966,0.5937499999999334,1.8750000000000517,1.0500000000000995,1.055555555555503,1.0714285714280785,1.0909090909089323,1.0000000000011369,1.0,0.3299999999999841,-4.391593429098625,4.499662495921303,0.1863316057336109,0.10868438282886239,0.19,0.45,0.71,0.07535353535353478,0.31313131313131026,0.42,0.42,0.55,0.81,0.12,0.1313131313131301,0.0672483683114363,-0.9290923744307185,0.07261523823871945,-0.6196416524321823,-0.6196416524321823,0.901620069483615,-0.22716621248279065,-0.3052313586939502,1.0399242237532373,1.0399242237532373,-0.41888974504568366,-2.552338774894666,-0.4944881248556098,-0.4944881248556098,-0.00032418788091267026,-0.23520442772542735,0.10999999999999999,0.10999999999999999,0.3,0.08
M,3,120,7,Transmittance RED,0.3299999999999841,-1.6447594605038733,2.357142857142857,0.08113911531655235,0.2929292929293109,0.48217541694016935,-0.9050945016428664,-1.3044386884453185,8.09928970405958,5.589444781640751,2.5175024533407906,0.40999999999996817,0.19191919191913046,1.2424242424243364,0.9062500000000749,0.5937499999999334,1.7253846153848604,1.0500000000000995,1.055555555555503,1.0000000000007578,1.0909090909084802,1.000000000000142,1.0,0.3299999999999841,-4.208198194603781,70.67183138954871,0.011766945161783195,0.00691804780930976,0.19,0.45,0.71,0.07070707070707007,0.31313131313131026,0.42,0.42,0.55,0.81,0.12,0.13131313131313765,0.06793564669370086,-0.9265088359122486,0.0730049926089181,-0.61673364493624,-0.61673364493624,0.8970080781205809,-0.2346284554864334,-0.325830310700924,1.0258811478353567,1.0258811478353567,-0.40610904320113383,-2.544538393902296,-0.4811449032791727,-0.4811449032791727,-2.0146402582956585e-05,-0.12639576938315028,0.10999999999999999,0.10999999999999999,0.3,0.08
P,1,60,5,Reflectance GREEN,0.21000000000000796,-1.507875286943118,0.7821782178217751,0.41230241457893246,0.2150000000000034,0.7432195927298593,-0.48250914736625905,-1.0601672719535196,3.4108604252686336,2.1313819968085665,1.278816322633209,0.5929648241206037,0.1306532663316531,2.8095238095240997,1.0238095238095013,0.6190476190476577,4.225806451613837,3.7200000000000273,3.5652173913040364,1.263157894736905,1.1333333333336113,1.1666666666665089,1.0000000000003553,0.21000000000000796,-21.694469578517186,16.318520198899932,0.04620712416781195,0.01631073118293102,0.12060301507537655,0.27638190954773745,0.42713567839197003,0.05025125628140681,0.19597989949748654,0.26,0.26,0.335,0.4773869346733646,0.07035175879396952,0.08040201005025091,0.042942384728214746,-0.6775833936392649,0.037696804929584125,-0.5757391986741414,-0.5757391986741414,0.7170683795049781,-0.10117440006293349,0.4350626385109366,0.9241377037734113,0.9241377037734113,-0.3458036198437745,-2.2235683063939504,1.161685419505492,1.161685419505492,-8.750541286422016e-05,0.15778931683430897,0.065,0.065,0.23,0.10552763819095429
P,1,60,5,Reflectance IR,0.21000000000000796,-1.5239719421771776,0.7821782178217862,0.4073892858622222,0.21105527638190663,0.9564897930223166,-0.3555472191449849,-1.0730547613257777,5.084288495363665,2.608857526814625,2.4774059004989493,0.5900000000000034,0.1306532663316531,2.809523809523719,1.0000000000000677,0.6190476190476213,4.22580645161288,3.7199999999998,3.5217391304348404,1.263157894736905,1.1333333333336113,1.1666666666665089,1.0000000000007105,0.21000000000000796,3.2287333337827517,1.5295458866361442,0.4968055241804783,0.17420299619667368,0.12060301507537804,0.27638190954773745,0.42713567839195954,0.05025125628140896,0.19597989949748654,0.26,0.26,0.331658291457287,0.475,0.07,0.08040201005025091,0.03138482708814444,-0.6843042565183528,0.03971971256539562,-0.5854944322311381,-0.5854944322311381,0.7277964070424463,-0.0926189900721544,0.6016106466034266,0.9331620578345443,0.9331620578345443,-0.3460876887410637,-2.250299063962464,0.5791937677869132,0.5791937677869132,-0.0032991695406284225,0.3766359833191184,0.065,0.065,0.23,0.10552763819095429
P,1,60,5,Reflectance RED,0.21000000000000796,-1.5033893711127788,0.7843137254901891,0.41543013214503,0.21608040201002413,0.9408216542975301,-0.36269580498768944,-1.0466784537242222,4.995627389692115,2.580044215225115,2.4173259972621874,0.5949999999999989,0.1306532663316531,2.8333333333332207,1.023809523809502,0.6190476190476577,4.258064516128979,3.7200000000000273,3.565217391304337,1.263157894736905,1.1333333333336113,1.1666666666665089,1.0000000000003553,0.21000000000000796,3.7529199093751333,2.133886749499829,0.35410761518163614,0.1246114106622557,0.12060301507537687,0.27638190954773745,0.43,0.05025125628140699,0.195,0.26,0.26,0.33165829145730386,0.4773869346733646,0.07035175879396952,0.08040201005025091,0.03233011377254513,-0.6731932889119248,0.03661902942865855,-0.581405701630005,-0.581405701630005,0.7099126767367245,-0.09323406055148187,0.5936136891520607,0.9172180185530061,0.9172180185530061,-0.3334604396222327,-2.2138804219858796,0.6185742398729612,0.6185742398729612,-0.0017744665288804437,0.35465257433241276,0.065,0.065,0.23,0.10552763819095429
P,1,60,5,Transmittance IR,0.21000000000000796,-1.4312175279165116,0.7843137254901961,0.42871235924042345,0.21999999999999886,0.18998302130004574,-0.6549336248965807,-1.0293066539190914,1.0039089470995672,1.4460510183027575,-0.43366762758029165,0.6049999999999898,0.1353391959799185,2.880952380952223,1.047619047619038,0.642857142857135,4.290322580645125,3.6538461538464566,3.652173913043204,1.3157894736842262,1.1999999999997726,1.0769230769232283,1.0000000000000444,0.21000000000000796,-3.2098238442194917,2.9205862537257783,0.25696906558122273,0.09114941941189375,0.12060301507537632,0.27638190954773745,0.43,0.05,0.195,0.26,0.26,0.3366834170854256,0.4773869346733646,0.07035175879396952,0.08500000000000002,0.059144534786313596,-0.6592028562099035,0.042775455053119936,-0.5401478210839122,-0.5401478210839122,0.6832764001681215,-0.09635569867977305,0.1823082641520402,0.8896934671101244,0.8896934671101244,-0.3493157158165513,-2.115519782791539,4.270531412621336,4.270531412621336,-0.00030484789958191267,-0.33524553081581343,0.06532663316582885,0.06532663316582885,0.23,0.105
P,1,60,5,Transmittance RED,0.21000000000000796,-1.3959657475982752,0.7864077669902912,0.4379112733969432,0.22499999999999432,1.1106329810897728,-0.6567620301319534,-1.0024812163477153,3.888558648614227,2.259220310692389,1.625405821330015,0.6100000000000136,0.13567839195978923,2.904761904761875,1.0714285714285037,0.6428571428571622,4.290322580645656,3.692307692307961,3.6521739130434354,1.3684210526313427,1.1999999999999669,1.076923076923447,1.0000000000003553,0.21000000000000796,-3.1183920554128033,33.44172132693464,0.022479431069047907,0.007963428133113657,0.12,0.27638190954774533,0.43108040201004927,0.04522613065326637,0.195,0.26,0.26,0.3366834170854256,0.48,0.07035175879396953,0.08500000000000002,0.05971948312364782,-0.6476523082630221,0.044497233922161504,-0.5249812772468848,-0.5249812772468848,0.6635131412075137,-0.12016191804121652,0.1824251288432479,0.8692878387178439,0.8692878387178439,-0.3427701151051888,-2.0600865953212155,4.400808286772339,4.400808286772339,-2.5691956053243085e-05,0.5837381203117447,0.06532663316582885,0.06532663316582885,0.23,0.1005025125628138
P,1,60,6,Reflectance GREEN,0.21999999999999886,-1.3028803051821036,0.7802197802197802,0.38891354411426937,0.2949999999999591,0.6517354566148099,-0.4313541207715501,-0.2285263369621506,2.8663530046271184,1.8656629123414157,1.0227315061330777,0.6399999999999864,0.15577889447236223,2.9090909090909105,1.340909090909041,0.7209302325581334,4.062499999999223,3.7407407407408146,3.5833333333332544,1.9499999999994884,1.499999999999467,1.3846153846150482,1.2499999999996447,0.21999999999999886,-5.808364687569228,12.383898960542322,0.05434821041136756,0.022743279200926444,0.125,0.285,0.41,0.050251256281408245,0.1909547738693486,0.25125628140703404,0.25125628140703404,0.33,0.41,0.07035175879396952,0.09045226130653228,0.04791295272504241,-0.4686966111307695,-0.21140662286777606,-0.6821117930717375,-0.6821117930717375,0.28321555772069423,0.10220074906303764,0.5412918471234515,0.6242179788155335,0.6242179788155335,0.060017168451317694,-1.5868720838525694,0.9193075897058166,0.9193075897058166,-7.544922386341125e-05,-0.015578179259538638,0.06,0.06,0.295,0.18499999999999475
P,1,60,6,Reflectance IR,0.21999999999999886,-1.3222023995321237,0.7802197802197802,0.38275820242785163,0.28999999999999204,0.9916304927511762,-0.33002092714167364,-0.23937528914455708,4.4502176525196075,2.237558770995972,2.204451613795831,0.6331658291457574,0.155778894472361,2.88636363636361,1.3181818181817888,0.7045454545454634,4.03125000000015,3.7037037037039533,3.541666666666627,1.8999999999999502,1.4375000000001443,1.384615384615225,1.2499999999996447,0.21999999999999886,10.366306782595936,1.1967981691820175,0.5646242228982371,0.23576213012280853,0.12562814070351702,0.285,0.41,0.055,0.195,0.25125628140703404,0.25125628140703404,0.33,0.41,0.07035175879396952,0.09045226130653222,0.03623589853111203,-0.4768946340219303,-0.2106463567516814,-0.688930500441033,-0.688930500441033,0.2958015416306868,0.10339869000235702,0.6543119742513075,0.6316015596895621,0.6316015596895621,0.05669505086235366,-1.6176815251829557,0.5589468530504478,0.5589468530504478,-0.0013718190715410357,0.3040857869494611,0.05527638190954906,0.05527638190954906,0.295,0.185
P,1,60,6,Reflectance RED,0.21999999999999886,-1.30308851755554,0.7802197802197802,0.39041428619641794,0.2950000000000017,0.9718022960230405,-0.3325953474939207,-0.22166345164517487,4.330673222906773,2.207679864666822,2.1287908489288423,0.6399999999999864,0.15577889447236445,2.9090909090909265,1.340909090909041,0.7209302325581572,4.062499999999223,3.740740740740959,3.5833333333332544,1.949999999999975,1.4999999999998224,1.384615384614443,1.2499999999989342,0.21999999999999886,14.675950306990272,1.6962540440409055,0.3986744589051376,0.16635432060333855,0.125,0.285,0.41,0.055,0.1909547738693486,0.25125628140703404,0.25125628140703404,0.33,0.41,0.07035175879396952,0.09045226130653228,0.03712030358254308,-0.46733254239712396,-0.21210005792496037,-0.6827005515449621,-0.6827005515449621,0.28237806614327854,0.10329773080172976,0.6520175846188576,0.6193237763033237,0.6193237763033237,0.06247096873167521,-1.585413516291582,0.5869443457970296,0.5869443457970296,-0.0008848385700738989,0.29719983961567065,0.06,0.06,0.295,0.185
P,1,60,6,Transmittance IR,0.21999999999999886,-1.2173357148263921,0.788888888888881,0.41014542757364064,0.3099999999999987,0.006625595802564302,-0.5492078584976172,-0.16345460182193094,0.898181996628236,1.4003166913601135,-0.4922409091844495,0.6582914572864303,0.16499999999999204,2.977272727272748,1.4090909090909267,0.7499999999999677,4.0000000000002585,3.8518518518519316,3.6000000000000227,2.049999999999808,1.5624999999997558,1.3571428571429731,1.1111111111116725,0.21999999999999886,-2.7573085313963484,3.2592244969405804,0.20667584196183725,0.0865083729215185,0.12060301507537632,0.2864321608040188,0.41,0.05,0.19095477386934587,0.25,0.25,0.3316582914572849,0.41,0.07035175879396952,0.0954773869346729,0.06194805606917074,-0.4431101996735927,-0.21040885494234698,-0.6457678529543832,-0.6457678529543832,0.24502103364093986,0.10335689640542828,0.41431745957127525,0.5682766242523364,0.5682766242523364,0.0817392334264102,-1.4623792691448578,1.6600455756015366,1.6600455756015366,-0.00020357774856390306,-0.6357257800434685,0.06,0.06,0.3,0.1809045226130645
P,1,60,6,Transmittance RED,0.21999999999999886,-1.1896028016660334,0.7934782608695574,0.41980627282022753,0.3165829145728606,1.0909528083668336,-0.5452497881078028,-0.14977327961404407,3.283681598486328,2.0209768585777326,1.161093777972455,0.6650000000000016,0.16582914572864993,3.022727272727317,1.4418604651161346,0.7500000000001937,4.030303030303068,3.888888888888374,3.6799999999998363,2.0476190476192797,1.5625000000000333,1.3571428571429731,1.1111111111116725,0.21999999999999886,-2.725009153046232,41.17066226047441,0.016207656027604666,0.006838762808765319,0.12,0.2864321608040188,0.41,0.045226130653266125,0.19,0.25,0.25,0.335,0.41,0.07035175879396978,0.09999999999999998,0.06225277621965912,-0.4310169548874765,-0.20833188369704006,-0.6361612657736292,-0.6361612657736292,0.22876238592413922,0.09862907592856954,0.42051026643153866,0.5539035083384032,0.5539035083384032,0.08125587049417517,-1.413884590507208,1.6705231202943696,1.6705231202943696,-1.543814526629725e-05,0.5293092704826885,0.06,0.06,0.3015075376884408,0.18090452261306578
P,1,60,7,Reflectance GREEN,0.2311557788944753,-0.9873192607972299,1.0919540229885056,0.4380739332298202,0.38693467336682325,0.14313438504181064,-0.15636510690496452,-0.9505771282318465,2.449456031937512,2.460093467366428,-0.0073037158993336515,0.6834170854271394,0.231155778894461,2.9565217391304337,1.6739130434781924,0.9999999999999942,3.6944444444450015,3.5333333333336148,3.2142857142857215,2.347826086956425,1.9473684210526787,1.874999999999778,1.4545454545462533,0.2311557788944753,-3.6370779681203103,10.992439475088865,0.06339075766434604,0.027536615611818055,0.11557788944723565,0.39,0.5577889447236196,0.045,0.18,0.305,0.34,0.455,0.5728643216080376,0.07035175879397029,0.2110552763819086,0.05265008341907839,-0.33589299616942014,-0.12340838798694634,-0.1061997819593069,-0.12415783030873939,0.1942783202240982,-0.004273139328512742,0.8434831836551137,0.8807983366691481,0.8625384370790617,-0.7567511127592426,-1.1822310091011285,0.7176043560904846,0.7176043560904846,-3.82879599660188e-05,0.019601923574813766,0.125,0.16080402010050182,0.3366834170854256,0.245
P,1,60,7,Reflectance IR,0.23115577889447297,-0.9930974013762399,1.0804597701149312,0.43717539809245975,0.38190954773873,0.4108815138191824,-0.12375021940541056,-0.9638597070948958,4.173973374288716,2.9761516878696375,1.2074344584418772,0.6834170854271109,0.22999999999998977,2.956521739130382,1.652173913043532,0.9787234042555173,3.6944444444450015,3.533333333333207,3.1785714285718925,2.304347826087472,1.947368421051797,1.8125000000006661,1.4545454545475216,0.23115577889447297,-17.43951440928269,1.048537678844709,0.6659092922769873,0.28680300544778004,0.11557788944723565,0.39,0.5577889447236156,0.045,0.18,0.305,0.34,0.455,0.57,0.07035175879397054,0.2110552763819086,0.04049095352717648,-0.33669777629776043,-0.12343597425847766,-0.10408029187909593,-0.12106030299199524,0.1957227670205649,-0.0034047702773322116,0.8761573904949385,0.8888768747334049,0.872047291422111,-0.7680271124989748,-1.190037813762482,0.5295235349196592,0.5295235349196592,-0.0005588925605399232,0.2940565278998197,0.125,0.16000000000000003,0.335,0.24120603015075265
P,1,60,7,Reflectance RED,0.2311557788944753,-0.9864479182290036,1.0804597701149312,0.4421452564590679,0.3869346733668629,0.4078081468036946,-0.12093194348924417,-0.948087371144101,4.1432000241902145,2.9653976807823863,1.1776531850064869,0.6850000000000023,0.231155778894461,2.956521739130596,1.6739130434782568,1.0,3.6944444444446307,3.5666666666656437,3.214285714285844,2.34782608695655,1.9473684210526787,1.874999999999778,1.454545454545619,0.2311557788944753,-14.621117300356566,1.5313330566336827,0.45632111358255356,0.19654201038982555,0.11557788944723565,0.39,0.5577889447236156,0.045,0.18,0.30150753768844946,0.34,0.455,0.57,0.07035175879397054,0.2110552763819086,0.04093088979577925,-0.334859360884492,-0.12455704653556332,-0.10689788285502551,-0.12440649840754328,0.19331244659798566,-0.003189144107165217,0.8789888414547475,0.8792390973931044,0.8626216230564729,-0.7560465351775936,-1.1800578220537585,0.5407370300988568,0.5407370300988568,-0.0003700877272449518,0.28844901193068273,0.125,0.16000000000000003,0.335,0.24120603015075265
P,1,60,7,Transmittance IR,0.23115577889444566,-0.9359652255765911,1.0795454545454783,0.46871961969743264,0.41500000000002046,-0.10879930863363207,-0.16917208647086907,-0.8823080895507296,0.9433607735130871,2.023670330675709,-1.0827399563447568,0.7050000000000125,0.24120603015073325,3.065217391304335,1.8043478260869217,1.0434782608695643,3.7777777777776724,3.6999999999992044,3.4285714285713924,2.5652173913040364,2.052631578947321,1.8823529411762543,1.5454545454548978,0.23115577889444566,-2.328718319042672,4.2888582458414,0.16275443511815485,0.06987195064096281,0.11055276381909497,0.39195979899497535,0.555,0.04,0.175,0.2964824120603001,0.34,0.45728643216080195,0.575,0.07035175879397154,0.22000000000000003,0.06737238256211095,-0.3182121705796002,-0.12144196614331906,-0.10077105427165012,-0.1270643798320362,0.1737466714890933,-0.0061603147291949874,0.8302649693720239,0.8351570712788856,0.8078831221101536,-0.7079089282195619,-1.1095825056286104,0.9914796363381492,0.9914796363381492,-7.538161533947588e-05,-0.2359976147348772,0.125,0.16582914572864246,0.34,0.245
P,1,60,7,Transmittance RED,0.23115577889445332,-0.9221856847966362,1.0941176470588174,0.4770510497968283,0.42500000000001137,0.9220998602015589,-0.15898853240340882,-0.8684946814900967,6.637249417414496,3.7480732089734876,2.9170689614324403,0.7135678391959847,0.24500000000000455,3.0869565217393022,1.8478260869564773,1.0652173913042873,3.780780780781126,3.699999999999763,3.464285714286149,2.5833333333332926,2.102631578947106,1.94117647058796,1.6363636363634955,0.23115577889445332,-2.3326915034521787,59.07564086365381,0.011838048674376694,0.005064819099913249,0.11055276381909497,0.394469696969698,0.5477386934673342,0.04,0.17085427135678316,0.2964824120603001,0.34,0.4572864321608039,0.5743020304568571,0.07070707070707005,0.22110552763818994,0.06737243306457233,-0.3142154567080505,-0.11694163766366747,-0.09166275013931008,-0.13867345441560203,0.1710701965809662,-0.028787474437607923,0.8406044673831583,0.8303863294160951,0.7871061106477033,-0.6950328689122074,-1.0932329057864183,1.0051006768934703,1.0051006768934703,-5.226253645969059e-06,0.7831466175745607,0.12499999999999997,0.16999999999999998,0.34,0.24
P,1,90,5,Reflectance GREEN,0.24626865671641732,-1.5844011411678622,1.2156862745098418,0.3719911752459423,0.23134328358209558,0.9130100572293759,-0.4523933837862317,-1.3981036893624308,5.760546117886052,3.1155005291987004,2.633587161857036,0.6992481203007505,0.14925373134328532,2.8181818181819747,0.9393939393939511,0.6060606060606009,3.666666666666509,3.6500000000002983,3.263157894736905,1.066666666666995,1.0,1.0,1.0,0.24626865671641732,5.518849214345864,21.816277418380885,0.03017697240208658,0.014979521035254323,0.14179104477612206,0.3283582089552439,0.514925373134327,0.05263157894736793,0.23134328358209386,0.31343283582090137,0.31343283582090137,0.40601503759398117,0.5746268656716526,0.08955223880597016,0.09701492537313615,0.04341390326665093,-0.8157250887211988,0.1636075122496972,-0.5564343363995976,-0.5564343363995976,0.925486418624413,-0.22609482799760877,0.45359252342311157,1.0288790337134754,1.0288790337134754,-0.4740892511760511,-2.5106499204127144,0.8382267611058464,0.8382267611058464,-0.00015808752817439022,0.3550124834048034,0.08208955223880662,0.08208955223880662,0.30597014925373706,0.1492537313432832
P,1,90,5,Reflectance IR,0.246268656716416,-1.5893320166464382,1.2156862745097956,0.3699880081489545,0.2313432835820931,0.9269782142430649,-0.2978712438394239,-1.391129792671168,6.499527950568737,3.3903262215736873,3.1212169079991807,0.6940298507462996,0.14925373134328532,2.8181818181819747,0.9393939393939511,0.6060606060606009,3.666666666666509,3.6500000000002983,3.263157894736905,1.066666666666995,1.0000000000000593,1.0000000000000355,1.0,0.246268656716416,1.2504011887031656,2.067938913300418,0.3175647570774454,0.15758981625215804,0.14179104477612206,0.32835820895523,0.514925373134327,0.05263157894736821,0.23134328358209386,0.31343283582090137,0.31343283582090137,0.4060150375939725,0.5746268656716419,0.08955223880596992,0.09701492537313615,0.0285573508260911,-0.8172859745559701,0.1637173185123794,-0.560611230163205,-0.560611230163205,0.9291998952296726,-0.2253060471741654,0.6640089367281589,1.0295166671004283,1.0295166671004283,-0.46871435118851285,-2.5188861834358844,0.3493558804825927,0.3493558804825927,0.001326440116602896,0.36593117116212714,0.08208955223880597,0.08208955223880597,0.30597014925373706,0.1492537313432832
P,1,90,5,Reflectance RED,0.246268656716416,-1.5779419547079305,1.2156862745097956,0.37417066458014314,0.23134328358212816,0.9164320569159283,-0.3140913189791686,-1.3721049130455805,6.324957742326471,3.3385485960941077,2.99688120443513,0.7014925373134144,0.14925373134329592,2.8484848484846608,0.9393939393939916,0.6060606060606009,3.666666666666509,3.6500000000013357,3.315789473683234,1.066666666666995,1.0000000000000593,1.0000000000000355,1.0,0.246268656716416,1.4490698979228058,2.78272526952854,0.23703427498332505,0.11741813328107868,0.14179104477612206,0.32835820895523,0.514925373134327,0.05263157894736681,0.23134328358209386,0.31343283582089804,0.31343283582089804,0.4060150375939725,0.5746268656716419,0.08955223880597016,0.09701492537313615,0.030319025159917135,-0.8080303449413204,0.15830333108125996,-0.559548921104065,-0.559548921104065,0.913125522355149,-0.220700194441004,0.6437730151113711,1.0220074323122028,1.0220074323122028,-0.46245636279506724,-2.490739574710989,0.3900096781164523,0.3900096781164523,0.001426576350294622,0.364773028217918,0.08208955223880575,0.08208955223880575,0.30597014925373056,0.14925373134328004
P,1,90,5,Transmittance IR,0.24626865671642661,-1.5662490023915736,1.2156862745098633,0.3826970344936699,0.2330827067669193,0.7718558935541174,-0.7337656106002054,-1.3609098425569348,3.3599894784880684,2.268918417513857,1.0910710609742114,0.7067669172932323,0.14925373134332032,2.848484848484979,0.9393939393939916,0.6060606060606037,3.5599999999999454,3.700000000000256,3.315789473684226,1.066666666667374,1.000000000000237,1.0,1.0,0.24626865671642661,-3.5277479493495094,3.0873863903604555,0.21345240467047305,0.10596039401685989,0.14179104477612206,0.33082706766916276,0.5149253731343297,0.05223880597015024,0.23134328358209386,0.31343283582090137,0.31343283582090137,0.4060150375939898,0.5789473684210534,0.08955223880597087,0.09701492537314026,0.0712058426702483,-0.8034540000624328,0.16183387785002584,-0.5522591653360641,-0.5522591653360641,0.9085047058897311,-0.22488289224304697,-0.016081657459413375,1.0108637132521374,1.0108637132521374,-0.4570503510532871,-2.4757502214774276,-45.97079080742435,-45.97079080742435,-0.00040571322769672956,0.21752519341178833,0.0820895522388062,0.0820895522388062,0.30597014925373706,0.1492537313432832
P,1,90,5,Transmittance RED,0.2462686567164426,-1.5577467883615324,1.2352941176470504,0.38776101310127264,0.23703703703705403,1.01089408461156,-0.7437156081924553,-1.3563914287783836,6.075363987268218,3.24272900872819,2.869477588839809,0.7089552238806017,0.1503759398496109,2.878787878787821,0.9687500000003775,0.6060606060606178,3.5599999999999454,3.700000000000256,2.166666666667193,1.133333333333207,1.0833333333332544,1.0000000000002842,1.0,0.2462686567164426,-3.3550463071924446,32.47893817116778,0.020269549224327006,0.010094021913993983,0.14179104477612206,0.3308270676691698,0.514925373134338,0.05223880597015024,0.23134328358209386,0.31343283582090137,0.31343283582090137,0.4060150375940072,0.5789473684210595,0.08955223880597182,0.09774436090225264,0.07248354172768412,-0.7980687257807849,0.16168322136726,-0.5463184064150846,-0.5463184064150846,0.9018923345220115,-0.22495585914242291,-0.034630957274592825,1.0086944752225926,1.0086944752225926,-0.4587816863226586,-2.459934955557604,-21.911804218370122,-21.911804218370122,-3.75456715184238e-05,0.4726078627668945,0.0820895522388075,0.0820895522388075,0.3082706766917198,0.14925373134328004
P,1,90,6,Reflectance GREEN,0.2537313432835998,-1.4311197180257205,1.2363636363636723,0.31688544209151637,0.25563909774436655,0.6263086433588759,-0.5263086180801548,-0.9755188579305876,4.933552121127755,3.156411822464736,1.7711345057399195,0.6691729323308253,0.1641791044776164,2.6176470588235468,1.0000000000000626,0.6470588235294019,3.3846153846153606,3.2380952380947097,1.4736842105261898,1.187500000000011,1.1666666666665089,1.0999999999997443,1.166666666664456,0.2537313432835998,153.1210448386019,15.64241418451142,0.049221780854380566,0.021852900043274892,0.14179104477612206,0.3432835820895523,0.5373134328358196,0.04867579396251885,0.23880597014924806,0.3208955223880589,0.3208955223880589,0.4179104477612019,0.5895522388059686,0.09701492537313408,0.1044776119403049,0.04854240728676345,-0.7240900402458063,0.025166699531664876,-0.5705994959413994,-0.5705994959413994,0.6887864724335131,-0.10848340130538936,0.3769035902710363,0.861395694263783,0.861395694263783,-0.2890277405095758,-2.1209573111566264,0.9909699562504057,0.9909699562504057,-0.00011488075710385797,0.05818568208256719,0.0820895522388075,0.0820895522388075,0.2686567164179098,0.10447761194029603
P,1,90,6,Reflectance IR,0.2537313432835998,-1.44329657793683,1.2363636363636403,0.313718158173014,0.2556390977443452,0.670373890155186,-0.3646003166412788,-0.9952207392782852,5.731418281863119,3.4544702990943628,2.2839728869791114,0.664179104477586,0.16417910447761067,2.588235294118257,1.0,0.6470588235293724,3.3846153846153006,3.190476190476577,1.4210526315790182,1.1874999999999947,1.1666666666665089,1.0999999999998864,1.1666666666665089,0.2537313432835998,2.1855246523932106,1.5428041280980431,0.4995967563717171,0.22138424754833952,0.14179104477612206,0.3432835820895514,0.5373134328358196,0.05223880597014802,0.23880597014924806,0.3208955223880589,0.3208955223880589,0.41791044776119746,0.5895522388059686,0.09701492537313408,0.10447761194030047,0.033566158063870276,-0.7285892398290841,0.025974990806227668,-0.5715140258697718,-0.5715140258697718,0.6981642771916925,-0.10866387813626871,0.591216775425445,0.8713297729748153,0.8713297729748153,-0.2970149309963817,-2.1412831553994267,0.4086747301660054,0.4086747301660054,-0.021063649463775168,0.09934024702375183,0.0820895522388075,0.0820895522388075,0.2686567164179098,0.10447761194029603
P,1,90,6,Reflectance RED,0.2537313432835998,-1.4305224467293542,1.2363636363636288,0.3184986053053561,0.26119402985074136,0.6455118378358699,-0.3813435291803349,-0.9688947509405307,5.528133231917826,3.3902654916931754,2.1448364683027448,0.6691729323308676,0.1641791044776284,2.6176470588236818,1.0000000000003344,0.6470588235294019,3.3846153846153006,3.2380952380955863,1.4736842105263395,1.187500000000011,1.1666666666665089,1.0999999999998864,1.1666666666654035,0.2537313432835998,2.6024640980776583,2.0996196336676025,0.36811198913875776,0.16289267540578178,0.14179104477612206,0.34328358208955173,0.5373134328358196,0.05223880597014802,0.23880597014924806,0.3208955223880589,0.3208955223880589,0.4179104477612019,0.5895522388059686,0.09701492537313408,0.10447761194030047,0.035273390666695645,-0.7217577760218679,0.02353707023284552,-0.5715835779076217,-0.5715835779076217,0.6863021884616666,-0.10633745579187726,0.5706075220251547,0.858518929140978,0.858518929140978,-0.2893470283666293,-2.1169174276488514,0.45450890073931,0.45450890073931,-0.00488394189402072,0.07664289092797089,0.0820895522388075,0.0820895522388075,0.26865671641790406,0.09774436090225681
P,1,90,6,Transmittance IR,0.25563909774432925,-1.3981367252799035,1.2545454545455115,0.3260001608365879,0.261194029850757,0.5235416792302622,-0.7678283565952715,-0.9608044107189492,2.223304428158606,2.1114265652369606,0.12794969415404145,0.6865671641790934,0.1641791044776284,2.6764705882355644,1.0294117647058554,0.6470588235294019,3.3846153846154854,3.3333333333331527,1.5263157894736605,1.187500000000011,1.076923076923447,1.090909090908997,1.166666666664456,0.25563909774432925,-3.176225709411911,2.8937876545885106,0.2616690875045332,0.11816689844218833,0.14179104477612206,0.34328358208955867,0.5373134328358309,0.04477611940298591,0.23880597014924806,0.3208955223880589,0.3208955223880589,0.4179104477612196,0.5939849624060158,0.09701492537313434,0.1044776119403049,0.07097948212291455,-0.7143482137633665,0.02779303163844088,-0.5628379964524044,-0.5628379964524044,0.6718110312344105,-0.11144047443660296,0.011272789351143182,0.8494163321811594,0.8494163321811594,-0.2867139395652126,-2.0716771954897464,46.587849693189014,46.587849693189014,-0.00035699901806628056,-0.039518728051368135,0.0820895522388075,0.0820895522388075,0.27067669172931497,0.10447761194029825
P,1,90,6,Transmittance RED,0.2556390977443452,-1.3802428111363771,1.2592592592592635,0.3313182587149814,0.2631578947368354,0.7656196876749527,-0.7746518115382831,-0.9250035763306439,5.51382857003833,3.375175365417992,2.123814222634197,0.6940298507462712,0.16417910447763537,2.705882352941422,1.0294117647058578,0.6470588235294019,3.3846153846154854,3.333333333333604,1.9473684210526787,1.187500000000222,1.0769230769232283,1.090909090908997,1.000000000000812,0.2556390977443452,-3.095385830480999,33.03483672333351,0.022935525512816232,0.010369691611657125,0.14179104477612015,0.34328358208955867,0.5413533834586473,0.04477611940298591,0.23880597014924806,0.3208955223880589,0.3208955223880589,0.42105263157894796,0.5970149253731202,0.09701492537313564,0.11194029850746,0.07169015211349394,-0.7059355123053128,0.02743486113592233,-0.5592973373778156,-0.5592973373778156,0.6571388407942959,-0.11086853092142698,0.007178610706282352,0.8232718724556874,0.8232718724556874,-0.2659395407266405,-2.0380332674164388,41.37079594903115,41.37079594903115,-3.055889290470049e-05,0.20046687491577148,0.08270676691729067,0.08270676691729067,0.27067669172932507,0.10447761194029603
P,1,90,7,Reflectance GREEN,0.261194029850757,-1.3157592155357192,1.0158730158730562,0.37176821935577786,0.2932330827067904,0.5833471023100866,-0.5039546338714693,-0.5586179867510054,4.093206280852374,2.826838305094448,1.2837845765165987,0.5563909774436463,0.17910447761194284,2.142857142857004,1.1428571428570036,0.6857142857142672,3.307692307691534,2.4090909090904864,2.100000000000199,1.4374999999999667,1.2307692307692475,1.1818181818179938,1.000000000000203,0.261194029850757,-15.053234840375563,13.550614849937688,0.07160388676370796,0.02611901751109724,0.14285714285713846,0.3458646616541395,0.5223880597015023,0.04511278195488776,0.23308270676692008,0.3157894736842008,0.3157894736842008,0.41353383458647114,0.5597014925373002,0.09701492537313434,0.11194029850746474,0.05128190312187962,-0.6004457254854935,-0.14150314860770288,-0.609645281622627,-0.609645281622627,0.46454147589132866,-0.04750303120186291,0.436193045598701,0.7050865426843335,0.7050865426843335,-0.0965452358544242,-1.7805163208893584,1.0234951129648104,1.0234951129648104,-0.00010234101670270298,-0.020808234769621348,0.08208955223880575,0.08208955223880575,0.21641791044776176,0.059701492537312016
P,1,90,7,Reflectance IR,0.261194029850757,-1.3258922743661599,1.0158730158730218,0.36845171449548847,0.29104477611941326,0.6969645000832089,-0.3568136873603464,-0.5820139563593112,5.468591107126453,3.273028437399395,2.1983787699086066,0.5522388059701546,0.17910447761193413,2.114285714285734,1.1142857142857747,0.6857142857142416,3.3076923076922404,2.3636363636364224,2.099999999999318,1.437499999999889,1.2307692307692413,1.1818181818179938,1.0,0.261194029850757,3.0745991582893573,1.3777414343564578,0.7046182613681828,0.25679308906098525,0.14285714285714152,0.3458646616541395,0.5223880597015023,0.05223880597014802,0.23308270676693005,0.3157894736842008,0.3157894736842008,0.41353383458647114,0.5597014925373002,0.09701492537313408,0.1119402985074636,0.036179938497155256,-0.6058338297768502,-0.13930923885618332,-0.6087227643220814,-0.6087227643220814,0.4743272607360178,-0.04998805425796544,0.6139700070997473,0.7180880845860377,0.7180880845860377,-0.10894522246928105,-1.7999499679884077,0.4909279263408705,0.4909279263408705,-0.0037216637113928483,0.09391673365089892,0.08208955223880575,0.08208955223880575,0.21641791044776063,0.052631578947371305
P,1,90,7,Reflectance RED,0.261194029850757,-1.315351744833949,1.0158730158730562,0.37363470911903957,0.29850746268655576,0.6679582248480603,-0.36810253463809467,-0.5672838930954593,5.2893372186337615,3.2137640900748163,2.0813233336336165,0.5597014925373002,0.17910447761194284,2.142857142857004,1.1428571428570036,0.6857142857142672,3.1851851851854502,2.4090909090904864,2.100000000000199,1.4374999999999667,1.2307692307692475,1.1818181818179938,1.0000000000000127,0.261194029850757,3.655191821763486,1.905923859428286,0.5097343433728612,0.18568496510913995,0.14285714285713846,0.3458646616541395,0.5223880597015023,0.04511278195488776,0.23308270676692008,0.3157894736842008,0.3157894736842008,0.41353383458647114,0.5597014925373002,0.09701492537313615,0.11194029850746474,0.03758214592865314,-0.5993712483801943,-0.14230688727082472,-0.6039771909608179,-0.6039771909608179,0.4641613714307949,-0.04768158002257316,0.6013903218477187,0.7089100089048334,0.7089100089048334,-0.10485498478562594,-1.7793546237467819,0.5295195315943992,0.5295195315943992,-0.0019689857808117715,0.06788036556539512,0.0820895522388062,0.0820895522388062,0.2164179104477612,0.059701492537312016
P,1,90,7,Transmittance IR,0.261194029850757,-1.2726013316807734,1.0161290322580905,0.382465899807859,0.30075187969924955,0.4577398701590061,-0.7038213273953177,-0.5253974004442523,2.416620133521371,2.2836523335632912,0.1329677999580796,0.571428571428547,0.17910447761195042,2.171428571428662,1.1714285714284043,0.6857142857142683,3.2222222222224564,2.4545454545454795,2.1999999999994886,1.499999999999467,1.2307692307694662,1.1818181818179938,1.000000000001624,0.261194029850757,-3.01284467689569,3.2807537842488306,0.29550454035802615,0.10786438256423374,0.14179104477612206,0.3458646616541395,0.5263157894736848,0.04477611940298591,0.2330827067669151,0.31343283582090137,0.31343283582090137,0.41791044776118413,0.5597014925373239,0.09701492537313615,0.1127819548872146,0.07143483326339008,-0.5845690069149434,-0.1436807900850792,-0.5893587959287,-0.5893587959287,0.4372602544821528,-0.045760268408614496,0.18908520749072055,0.6821999134302109,0.6821999134302109,-0.09338973885813402,-1.7099335699691818,3.4960989624771237,3.4960989624771237,-0.00027409454573362307,-0.12255729212336736,0.0820895522388062,0.0820895522388062,0.21804511278194816,0.05970149253731328
P,1,90,7,Transmittance RED,0.261194029850757,-1.2606026513814879,1.032258064516076,0.3861819074177212,0.3059701492537492,0.9832079380112589,-0.697871871110754,-0.5045984462332821,7.83916140879657,4.0515893180254885,3.7533907117245144,0.5746268656716994,0.18045112781955017,2.1999999999999837,1.1714285714285773,0.6857142857143228,3.2222222222224564,2.499999999999483,2.1999999999998012,1.4705882352941029,1.2307692307694662,1.1818181818179938,1.1428571428560987,0.261194029850757,-2.9822155855137753,39.74036960937793,0.02410890550537311,0.008929042390469492,0.14179104477612206,0.35074626865670805,0.5298507462686441,0.04477611940298591,0.23308270676691012,0.31343283582090137,0.31343283582090137,0.41791044776118413,0.5597014925373239,0.09701492537313615,0.11278195488721761,0.07169509078722548,-0.5766427679992512,-0.14352284315254046,-0.585464910597846,-0.585464910597846,0.4247232804793122,-0.04427059221956966,0.19469747721317457,0.6712380944396044,0.6712380944396044,-0.08255634626212367,-1.6831286769741325,3.43231474389798,3.43231474389798,-2.2230689498732403e-05,0.3895052473059424,0.08208955223880597,0.08208955223880597,0.21804511278195748,0.059701492537312016
P,1,120,5,Reflectance GREEN,0.2799999999999727,-1.4814257788706495,2.3913043478259928,0.1625681658536694,0.2599999999999909,0.6766733916426918,-0.42357871202236075,-1.2030653126060127,7.598803912481122,4.593167816499362,3.0011749149850715,0.35999999999999993,0.17000000000001592,1.285714285714329,0.9285714285714866,0.6071428571429422,1.6666666666662155,1.0588235294123942,1.062499999999971,1.0,1.0000000000000178,1.1249999999991118,1.0,0.2799999999999727,1.6450323635277861,30.00916134540089,0.019220310654499168,0.012851712248433348,0.16,0.3838383838383803,0.63,0.05,0.2626262626262602,0.36,0.36,0.48,0.8383838383838307,0.11,0.12,0.03713140025899829,-0.9063152340863685,0.12380163209630698,-0.5520161164228132,-0.5520161164228132,0.8370460659989669,-0.23226716806913197,0.4995892278344657,0.9207240208767549,0.9207240208767549,-0.37154790303818364,-2.3181093981499403,0.23469088292752652,0.23469088292752652,0.00024677479131012664,0.11953252991446367,0.09999999999999998,0.09999999999999998,0.4,0.20202020202020599
P,1,120,5,Reflectance IR,0.2799999999999727,-1.4840149801638942,2.4347826086956528,0.16741356215265357,0.2599999999999909,0.6635470768398702,-0.25364188350269556,-1.206219853086312,7.613487127644154,4.598199132589517,3.010183270774499,0.35999999999999943,0.17000000000001592,1.285714285714329,0.9285714285714866,0.6071428571429731,1.6666666666664862,1.0588235294120598,1.0624999999999445,1.0,1.0,1.1249999999991118,1.0,0.2799999999999727,0.593348291257568,2.957803865384693,0.1913349873317767,0.13027850101437818,0.15151515151515882,0.3838383838383803,0.6262626262626227,0.05,0.26,0.36,0.36,0.48,0.84,0.11,0.12,0.022254270563850334,-0.9072954014715902,0.12419133087675785,-0.5514665332161226,-0.5514665332161226,0.8392282855109758,-0.23260311186598226,0.720795223925343,0.9226641994098286,0.9226641994098286,-0.37278402987909964,-2.322410540819937,0.09439904214052582,0.09439904214052582,0.00029321545892894356,0.11215832447002738,0.09999999999999998,0.09999999999999998,0.41,0.21212121212121016
P,1,120,5,Reflectance RED,0.2799999999999727,-1.479296578573929,2.5454545454544406,0.17104189040000423,0.259999999999998,0.6409376735814303,-0.2753902528792036,-1.198383319273955,7.413369314071732,4.514757433413574,2.8776132845075013,0.36000000000001364,0.17000000000001592,1.285714285714329,0.9285714285714866,0.6071428571429731,1.6190476190476835,1.1176470588234113,1.0625000000000098,1.0,1.000000000000142,1.1249999999991118,1.0,0.2799999999999727,0.6835973441599956,3.888991144550622,0.1450940169543392,0.09948837112125135,0.16,0.3838383838383803,0.63,0.05,0.2626262626262602,0.36,0.36,0.48,0.84,0.11,0.12,0.024202455520318043,-0.9011185650281226,0.11901528063238445,-0.5487380148716409,-0.5487380148716409,0.8304218145376125,-0.23583739364128592,0.6942551837423848,0.9223609630036007,0.9223609630036007,-0.37408950710780015,-2.311704889968628,0.1106592891618963,0.1106592891618963,0.0002726766628737341,0.087443384311647,0.09999999999999998,0.09999999999999998,0.41,0.22
P,1,120,5,Transmittance IR,0.2799999999999727,-1.4739582363222068,2.5454545454544406,0.17253866629671313,0.259999999999998,0.6281394100154798,-0.8063837255125015,-1.197898192740034,5.990390743625781,3.9090886479513136,2.0797315492472643,0.36000000000001364,0.17000000000001592,1.285714285714329,0.9285714285714866,0.6071428571429115,1.619047619047643,1.1176470588234113,1.0624999999999862,1.0,1.000000000000142,1.1249999999991118,1.0,0.2799999999999727,-6.3243344575105525,3.943771081678128,0.14295373767131128,0.09818645635789032,0.16,0.3838383838383803,0.63,0.05,0.2626262626262602,0.36,0.36,0.48,0.84,0.11,0.12,0.07080145269253953,-0.9013681884030935,0.12177915727291594,-0.5505840811151186,-0.5505840811151186,0.8298557379944644,-0.2403692557076687,-0.13540633768904914,0.9176408730107215,0.9176408730107215,-0.36909406923837695,-2.3055652431523352,-2.0938212638986595,-2.0938212638986595,-0.00043026910372527907,0.06965115266820926,0.09999999999999998,0.09999999999999998,0.41,0.22
P,1,120,5,Transmittance RED,0.2799999999999727,-1.4713645747478057,2.4347826086955564,0.1667906791396783,0.259999999999998,0.7235825498341891,-0.8311409342528555,-1.190178706812623,8.219039186839534,4.868353269361922,3.325345571329309,0.36000000000001364,0.17000000000001592,1.285714285714329,0.9285714285714866,0.6071428571429731,1.619047619047574,1.1176470588234113,1.0625000000000098,1.0,1.000000000000142,1.1249999999991118,1.0,0.2799999999999727,-5.442369282287645,39.249897747335254,0.014671582990450205,0.009852430552728704,0.16,0.3838383838383803,0.63,0.05,0.2626262626262602,0.36,0.36,0.48,0.8383838383838427,0.11,0.12,0.0729515479703943,-0.8991661632177455,0.12156231772838266,-0.5527556203579123,-0.5527556203579123,0.8248273627221658,-0.24040979178253172,-0.18153162568738623,0.9166486447792143,0.9166486447792143,-0.36411937547156115,-2.296490360216617,-1.5433367257659505,-1.5433367257659505,-4.142163364318597e-05,0.18830714758110295,0.09999999999999998,0.09999999999999998,0.40404040404040037,0.21
P,1,120,6,Reflectance GREEN,0.3030303030302974,-1.624205202289986,1.9062500000000002,0.07399946796389023,0.27000000000003865,0.550872545743296,-0.49033832265797433,-1.3595285437450817,7.312731104224388,4.803330107500727,2.485871524883937,0.3737373737373749,0.18000000000000682,1.2333333333333019,0.9,0.5999999999999243,1.9999999999997415,1.055555555555503,1.0000000000000835,1.0000000000004061,1.0,1.0,1.0,0.3030303030302974,2.3590484620422942,25.433872583143344,0.0313419626510454,0.017047869844511683,0.18,0.42,0.67,0.07,0.29,0.39,0.39,0.5151515151515105,0.82,0.10999999999999999,0.13,0.03906623165589555,-0.9451895909437469,0.10865572461218358,-0.5994668308954205,-0.5994668308954205,0.9220824599480824,-0.1942148692332371,0.40203084872794365,1.0337867744554523,1.0337867744554523,-0.43951804857232474,-2.5449857908053106,0.1580112091670139,0.1580112091670139,-0.0012350527766781852,-0.0620916548343908,0.10101010101010012,0.10101010101010012,0.29,0.08
P,1,120,6,Reflectance IR,0.303030303030283,-1.6260918357413994,1.9062500000000002,0.07375184300669443,0.27000000000003865,0.5234846178589553,-0.30062032890301826,-1.3644974003892854,7.248752237218019,4.791084171548798,2.4591429948155126,0.3737373737373749,0.18000000000000682,1.2333333333333019,0.9,0.5999999999999243,1.9999999999997415,1.055555555555503,1.0000000000000835,1.076923076922068,1.0,1.0,1.0,0.303030303030283,0.7593194099856984,2.6169040352723227,0.3037184549071546,0.16549168438287964,0.18,0.42,0.67,0.07,0.29,0.39,0.39,0.5151515151515105,0.82,0.10999999999999999,0.13,0.023998292540623523,-0.9464561401704036,0.10800381453624677,-0.5969738155356297,-0.5969738155356297,0.9240424149978286,-0.1923547709148788,0.6616328667166482,1.0376019296635788,1.0376019296635788,-0.4473114573734916,-2.551079044776862,0.054074652325823404,0.054074652325823404,0.00046091404365194077,-0.07653379363196122,0.10101010101010012,0.10101010101010012,0.29,0.08
P,1,120,6,Reflectance RED,0.30303030303029843,-1.6209630453445838,1.9062500000000002,0.07649066464856649,0.27000000000003865,0.5053577486433137,-0.3278954392682914,-1.3501959015773344,7.026894010366545,4.700844543922205,2.325994356283206,0.37999999999999545,0.18000000000000682,1.2333333333333019,0.9000000000000757,0.5999999999999243,1.954545454545305,1.055555555555503,1.0000000000000835,1.0000000000004061,1.0,1.0,1.0,0.30303030303029843,0.8922736251454035,3.4156182873144183,0.23278784546581305,0.12706752969455287,0.18,0.42,0.67,0.07,0.29,0.39,0.39,0.52,0.82,0.10999999999999999,0.13,0.026175050872315784,-0.9419336612642166,0.10527566602437019,-0.6024830981165072,-0.6024830981165072,0.9160116713379376,-0.19253091071873557,0.6273955730316381,1.0329283059787397,1.0329283059787397,-0.43019385805263993,-2.539175930679896,0.06543527851752837,0.06543527851752837,0.000455513683314727,-0.08998590098738593,0.10101010101010012,0.10101010101010012,0.29,0.08
P,1,120,6,Transmittance IR,0.3030303030303034,-1.6215149469442252,1.9062500000000002,0.07507718228276784,0.2700000000000955,0.4972810783711567,-0.8498027314135179,-1.3508154940376607,5.380507551664613,3.9079287429931435,1.4652547108253402,0.37999999999999545,0.18000000000000682,1.2333333333333019,0.9000000000000757,0.5999999999999243,1.9545454545454795,1.055555555555503,1.0000000000000013,1.000000000000203,1.0,1.0,1.0,0.3030303030303034,-5.587184639987905,4.032993840132811,0.19684133589048197,0.10766990769205662,0.18,0.42,0.67,0.07,0.29,0.4,0.4,0.52,0.818181818181821,0.10999999999999999,0.13,0.06751768796357815,-0.9446368642501829,0.11073785904369535,-0.5978921272687027,-0.5978921272687027,0.9182105491775553,-0.20198428780378982,-0.23629199661461164,1.0308622545319708,1.0308622545319708,-0.4359086089607692,-2.5387477206694165,-0.5637333403700802,-0.5637333403700802,-0.0004045922024738723,-0.1013463445652742,0.10101010101010012,0.10101010101010012,0.29,0.08
P,1,120,6,Transmittance RED,0.30303030303031175,-1.617872830719004,1.9677419354838706,0.07903241033350132,0.2727272727272988,0.6044737815715672,-0.8644816913674466,-1.3438348331399204,8.23738455407429,5.271881440375397,2.97539698906219,0.37999999999999545,0.18000000000000682,1.2333333333333019,0.9000000000000947,0.5999999999998106,1.9545454545451786,1.055555555555503,1.0000000000001672,1.000000000000203,1.0,1.0,0.9999999999996565,0.30303030303031175,-5.135754490577854,43.19935620838021,0.01835506050090651,0.010103533878258682,0.18,0.42,0.67,0.07,0.29,0.4,0.4,0.52,0.8181818181818107,0.11,0.13,0.06875821242369684,-0.9417269248538427,0.10950691034392797,-0.5945991597921136,-0.5945991597921136,0.912921994126954,-0.21033899561940658,-0.267795841929397,1.0245819368237825,1.0245819368237825,-0.4380945878203816,-2.53179270897768,-0.5409099687337846,-0.5409099687337846,-3.69016006328962e-05,0.017229391966563257,0.10101010101010084,0.10101010101010084,0.29,0.08080808080808007
P,1,120,7,Reflectance GREEN,0.3299999999999983,-1.6670383814867527,2.4814814814814814,0.08187751873872018,0.29292929292926195,0.39281918027247004,-0.5282685009646004,-1.2615547693842621,6.642496109089653,4.849714895404697,1.7393409519418004,0.4099999999999966,0.19000000000005457,1.2424242424242384,0.9062499999997446,0.5757575757575967,1.1666666666667456,1.0500000000000995,1.055555555555503,1.0714285714282958,1.090909090908997,1.0000000000005684,1.0,0.3299999999999983,3.373649600136395,23.72831142913762,0.034940321647973865,0.020722423281685595,0.19191919191919016,0.45,0.71,0.08,0.31313131313131365,0.42,0.42,0.55,0.8181818181818107,0.11111111111111009,0.1313131313131301,0.040066315119806004,-0.9160595951566878,0.04156108938384054,-0.6364401955785629,-0.6364401955785629,0.8773828384325939,-0.17491540442838846,0.3552410923529815,1.0184396890744796,1.0184396890744796,-0.37993207808831014,-2.5435397726980247,0.21832740688372188,0.21832740688372188,-0.0002740238611031331,-0.2557371133883687,0.10999999999999999,0.10999999999999999,0.3030303030303002,0.09
P,1,120,7,Reflectance IR,0.3299999999999983,-1.667637663626623,2.518518518518434,0.08250171377064323,0.2929292929292535,0.38119971528020385,-0.3403387117144412,-1.2494705557685108,7.024426854467009,5.1126634025699165,1.9016702952492728,0.4099999999999966,0.19000000000002615,1.2424242424242384,0.9062499999999056,0.5757575757575967,1.1666666666667456,1.0500000000000995,1.055555555555503,1.0714285714282958,1.090909090908997,1.1111111111097076,1.0,0.3299999999999983,0.9875112520634395,2.393054528668818,0.34464363863068537,0.20580195229067458,0.19191919191919016,0.45,0.71,0.08,0.31313131313131476,0.42,0.42,0.55,0.8181818181818107,0.11111111111111009,0.1313131313131301,0.025814364685377317,-0.9151074340573455,0.03904316494711002,-0.6443606988187032,-0.6443606988187032,0.8755061449008434,-0.1707329706174749,0.615366529972056,1.0159323997407075,1.0159323997407075,-0.36597689804425165,-2.5432782263722187,0.07514483370353578,0.07514483370353578,0.0007430094290121385,-0.25815265289684663,0.10999999999999999,0.10999999999999999,0.3030303030303263,0.09090909090909007
P,1,120,7,Reflectance RED,0.3299999999999983,-1.661424025141255,2.5185185185185186,0.08548141260559407,0.2929292929293109,0.3651674432066772,-0.36329693257661333,-1.2379110096918406,6.671779265355771,4.937934529449887,1.7415621367288177,0.4100000000000037,0.19000000000005457,1.2424242424242493,0.9062500000000013,0.5757575757575967,1.2083333333331359,1.0500000000000995,1.055555555555503,1.0714285714280785,1.090909090908997,1.1111111111097076,1.0,0.3299999999999983,1.1333248383665846,3.2043543818791274,0.2564328699523796,0.15374662171506692,0.19191919191919085,0.45,0.71,0.08,0.31313131313131926,0.42,0.42,0.55,0.8181818181818225,0.1111111111111105,0.1313131313131301,0.027558864032495307,-0.9110243409441299,0.03720097194159394,-0.6414572730392369,-0.6414572730392369,0.8686807405107881,-0.1720609146057327,0.5863941338870311,1.0065843355814796,1.0065843355814796,-0.3638595388694218,-2.529632905501936,0.08830030400461139,0.08830030400461139,0.0007190873295225957,-0.271030904382096,0.10999999999999999,0.10999999999999999,0.31,0.09090909090909072
P,1,120,7,Transmittance IR,0.33000000000000007,-1.6590386699612103,2.4814814814814814,0.0824575672509651,0.2999999999999545,0.3707993290263313,-0.8779717729477987,-1.2558795163433998,5.160582292360299,4.102734118393708,1.0564235820818069,0.410000000000025,0.19000000000005457,1.2424242424242493,0.9090909090908151,0.5757575757575967,1.166666666667022,1.0500000000000995,1.055555555555503,1.0000000000007578,1.090909090908997,1.0000000000005684,1.0,0.33000000000000007,-4.5598354112954524,4.285529543853178,0.19363289314449475,0.11505138028685671,0.19191919191919085,0.45,0.7171717171717106,0.08,0.32,0.4242424242424203,0.4242424242424203,0.55,0.8181818181818225,0.11881188118811989,0.1313131313131301,0.06621205304031257,-0.9138634876806613,0.04249320956875459,-0.6309453607466236,-0.6309453607466236,0.8730805974777347,-0.18524779931115848,-0.2513617094161258,1.0135416240938824,1.0135416240938824,-0.3824874611352255,-2.530990397694315,-0.599694929722888,-0.599694929722888,-0.0003439056121534829,-0.267880599596425,0.10999999999999999,0.10999999999999999,0.3030303030303002,0.09
P,1,120,7,Transmittance RED,0.33000000000000107,-1.643347704459814,2.576923076922987,0.08466875057385395,0.29999999999998295,0.46329296373456863,-0.8921085242089175,-1.219704767385855,8.750134633637312,6.066446427921513,2.7017604587112465,0.4141414141413782,0.19191919191919138,1.242424242424378,0.9090909090906586,0.5882352941176568,1.2083333333336344,1.0500000000002416,1.055555555555503,1.000000000000379,1.0909090909084802,1.0000000000000089,1.0,0.33000000000000107,-4.368082027546796,47.84472602371696,0.017031545299545967,0.010326431023083008,0.19191919191919016,0.45,0.72,0.08,0.31683168316831967,0.4242424242424203,0.4242424242424203,0.55,0.82,0.11881188118811487,0.13861386138613987,0.06695639981070842,-0.9090484116884332,0.04292443277262595,-0.6390674889888235,-0.6390674889888235,0.8598402977299557,-0.19151303495031502,-0.26901616575067544,0.9991243720305398,0.9991243720305398,-0.35643718676849184,-2.5027121755522854,-0.5770407201399188,-0.5770407201399188,-3.008894069687061e-05,-0.17897343965312273,0.10999999999999999,0.10999999999999999,0.31,0.09
P,2,60,5,Reflectance GREEN,0.20999999999999375,-1.5210998154926094,0.7623762376237594,0.41282608569930795,0.21000000000000796,1.0033772356958766,-0.47571487718936895,-1.1438630870688087,4.470766128644519,2.3836676528386227,2.0950019835464433,0.5929648241205966,0.13000000000000167,2.8095238095240997,1.0,0.6190476190476173,4.258064516129026,3.7200000000000273,3.5217391304353844,1.2631578947368303,1.133333333333409,1.1666666666665089,1.0000000000007105,0.20999999999999375,-42.016915938149886,15.913696515345201,0.047906397691267935,0.016699249108051248,0.12060301507537632,0.27638190954773745,0.4221105527638292,0.05025125628140681,0.19597989949748654,0.26,0.26,0.335,0.46733668341708334,0.07035175879396952,0.08040201005025091,0.04212730971850401,-0.6965913515972011,0.05826040101335987,-0.5644477523742855,-0.5644477523742855,0.7610538824526034,-0.12440425998954713,0.4383134271989349,0.949497342236902,0.949497342236902,-0.38241307255363277,-2.281656424678043,1.1406802930219164,1.1406802930219164,-9.60858558377276e-05,0.44523397891836436,0.065,0.065,0.22613065326633064,0.10050251256281362
P,2,60,5,Reflectance IR,0.21000000000000796,-1.5436536728202601,0.7647058823529344,0.4091773205748981,0.20999999999999375,1.0385070693794938,-0.34195274991800817,-1.1653333424538643,5.265544529112335,2.615942182293151,2.6691025840402824,0.5879396984924844,0.13000000000000256,2.8095238095233936,1.0,0.6190476190476158,4.22580645161288,3.6800000000000637,3.521739130434514,1.210526315789946,1.1333333333332434,1.1666666666665089,1.0000000000007105,0.21000000000000796,2.7697399498487325,1.6206832740319967,0.47197944219726046,0.16410666278607958,0.12060301507537718,0.27638190954773745,0.4221105527638292,0.052625628140704844,0.19597989949748654,0.26,0.26,0.3316582914572944,0.46733668341708334,0.07,0.08040201005025091,0.030218110429733956,-0.7007836274944426,0.05646211526841065,-0.570375755056968,-0.570375755056968,0.7682859533022014,-0.12148021548771834,0.6156109524087823,0.9661450493355401,0.9661450493355401,-0.3965515144946099,-2.313509823400147,0.5490765931576855,0.5490765931576855,-0.00493831824156954,0.4542088586911274,0.065,0.065,0.225,0.10050251256281362
P,2,60,5,Reflectance RED,0.21000000000000796,-1.5221286318792684,0.7647058823529344,0.41483123498621555,0.21105527638189514,0.9831482589262974,-0.36051692651093625,-1.1468620427569216,4.99324068507957,2.5419349519246164,2.4734374538398454,0.5929648241206037,0.13000000000002387,2.8095238095240997,1.0,0.6190476190476271,4.258064516128979,3.7200000000000273,3.5652173913040364,1.263157894736736,1.133333333333409,1.1666666666665089,1.000000000000533,0.21000000000000796,3.5695852286570013,2.1419718912098515,0.3573129233668608,0.12429182869510966,0.12060301507537632,0.27638190954773745,0.425,0.05025125628140681,0.19597989949748654,0.26,0.26,0.335,0.46733668341708334,0.07035175879396952,0.08040201005025091,0.03205092229063325,-0.692283030419167,0.054016838464316305,-0.5640839329538643,-0.5640839329538643,0.7550904663530282,-0.11727975001245447,0.5927229096226099,0.9547981564928787,0.9547981564928787,-0.38929933695633456,-2.27659868540915,0.618152319046998,0.618152319046998,-0.0019262661567449437,0.42510239350469037,0.065,0.065,0.225,0.10050251256281362
P,2,60,5,Transmittance IR,0.21000000000000796,-1.450467957403763,0.7669902912621359,0.4273323693944875,0.21608040201002413,0.4174017548466538,-0.652333247984852,-1.1235397713095214,1.5893516931874805,1.5845419853851035,0.004170560286630098,0.6030150753768759,0.1306532663316674,2.857142857142915,1.023809523809519,0.6341463414634544,4.290322580645178,3.759999999999991,3.608695652174128,1.263157894736905,1.133333333333409,1.076923076923447,1.0000000000000888,0.21000000000000796,-3.261218201936267,2.845862123702998,0.2678446209178117,0.09349359544823613,0.12060301507537632,0.27638190954773845,0.425,0.05,0.195,0.2613065326633154,0.2613065326633154,0.3366834170854256,0.47,0.07035175879396952,0.08500000000000002,0.05878995472676181,-0.6790852799640289,0.05992630368613101,-0.5278135916601756,-0.5278135916601756,0.7302695600565405,-0.12430388912172194,0.1702045981927982,0.9244819024136982,0.9244819024136982,-0.3983430253115675,-2.179788202073555,4.607779146713325,4.607779146713325,-0.0003195162826312452,-0.11385633681918927,0.06532663316582885,0.06532663316582885,0.22613065326633064,0.1
P,2,60,5,Transmittance RED,0.21000000000000796,-1.4093936446409878,0.7722772277227584,0.43651325214594106,0.21999999999999886,1.2671765080658668,-0.6466178486718868,-1.1228059933972268,5.505345536845319,2.684970603138961,2.838318760298928,0.6080402010050121,0.13500000000000512,2.891860465116337,1.0476190476190026,0.6428571428570752,4.317540322579948,3.692307692307961,3.6521739130430806,1.3157894736842262,1.1333333333336113,1.0769230769232283,1.0000000000003553,0.21000000000000796,-3.1621143028757803,31.449517128956114,0.024141722038501776,0.00846233525909005,0.12,0.2763819095477493,0.4271356783919578,0.045226130653267416,0.195,0.2613065326633154,0.2613065326633154,0.3366834170854256,0.47,0.07035175879396953,0.08500000000000002,0.05944051837959298,-0.6666887649987147,0.06215557729191866,-0.5062414839912821,-0.5062414839912821,0.709827738906522,-0.14460806646538105,0.17196853808817736,0.9059920956287384,0.9059920956287384,-0.4166661104092732,-2.1169886408038243,4.771214656927013,4.771214656927013,-2.7934558289199566e-05,0.7459033312705956,0.06565656565656505,0.06565656565656505,0.22613065326633064,0.09547738693467293
P,2,60,6,Reflectance GREEN,0.21999999999999886,-1.3368253595718256,0.788888888888889,0.38167233863902517,0.28643216080401535,0.7063188450971791,-0.44792909565322847,-0.3077682080230855,3.0079629675420634,1.8841152164585515,1.1135244034435996,0.6349999999999909,0.15500000000000114,2.886363636363642,1.2954545454545747,0.7045454545454634,4.03125000000015,3.7037037037039533,3.5833333333331954,1.850000000000128,1.437499999999889,1.3076923076923666,1.125000000001421,0.21999999999999886,-6.329538737550506,12.008594822442436,0.055326081531096194,0.02345819166698963,0.12562814070351702,0.285,0.4170854271356765,0.055,0.195,0.2512562814070345,0.2512562814070345,0.3316582914572849,0.4170854271356765,0.07035175879396952,0.08999999999999997,0.04722909227388149,-0.4903217092258627,-0.18837750279673243,-0.6793319190730485,-0.6793319190730485,0.33058211738674304,0.08917706885131726,0.5240796075531005,0.658610013806114,0.658610013806114,0.022989995996958806,-1.6662981355532085,0.9193724432656616,0.9193724432656616,-8.221627874479327e-05,0.04075195617814725,0.06,0.06,0.2964824120603001,0.185
P,2,60,6,Reflectance IR,0.21999999999999886,-1.3538679397682691,0.788888888888889,0.37636331744438806,0.2814070351758792,1.0142253698356236,-0.3385216497717242,-0.3239850739727661,4.524584850961599,2.250931084117701,2.2735890199227176,0.6300000000000026,0.15075376884421926,2.863636363636358,1.2790697674418712,0.6976744186045344,4.031249999999994,3.8076923076919504,3.541666666666509,1.8499999999996022,1.375000000000444,1.3076923076922677,1.1250000000002665,0.21999999999999886,7.795135743659579,1.2543968339341798,0.5310744245367041,0.22477699632453224,0.12562814070351702,0.285,0.4170854271356765,0.055276381909547485,0.19597989949748654,0.2512562814070394,0.2512562814070394,0.3316582914572849,0.4170854271356765,0.07035175879396952,0.08999999999999997,0.03531119717665774,-0.49826656936473335,-0.1865452360981098,-0.6832558469775805,-0.6832558469775805,0.3421308419034954,0.08913794795612581,0.6452407864040077,0.6683478532685014,0.6683478532685014,0.017830205362191355,-1.6965679491577872,0.5416204835771707,0.5416204835771707,-0.0014809383614767875,0.3306877079562601,0.06,0.06,0.2964824120603001,0.185
P,2,60,6,Reflectance RED,0.21999999999999886,-1.3353452168168443,0.788888888888889,0.3834585212533748,0.28643216080401535,0.9801730887286177,-0.3464108921416336,-0.3061793439227099,4.362258326273844,2.2071387042373956,2.147626928214177,0.6350000000000193,0.15500000000000114,2.8863636363636664,1.2954545454546658,0.7045454545454634,4.03125000000015,3.7037037037039533,3.5833333333332544,1.8500000000006538,1.4374999999995337,1.3076923076923666,1.1250000000006217,0.21999999999999886,11.770992907673955,1.722384456360286,0.3867490295450702,0.16373983667422262,0.12562814070351702,0.285,0.4170854271356765,0.055,0.195,0.25125628140703404,0.25125628140703404,0.3316582914572849,0.4170854271356765,0.07035175879396952,0.08999999999999997,0.03663972493610492,-0.48887878578286037,-0.18882240934291813,-0.6776911968474022,-0.6776911968474022,0.32885631697722006,0.08984934388427611,0.6369510306704498,0.6556249828922176,0.6556249828922176,0.01937725516725361,-1.663585646229109,0.5810955563567426,0.5810955563567426,-0.0009384978582357864,0.3113804404291054,0.06,0.06,0.2964824120603001,0.185
P,2,60,6,Transmittance IR,0.21999999999999886,-1.2498342820600414,0.7977528089887559,0.4023097672563968,0.3015075376884237,0.06111882425043217,-0.5631832309832774,-0.24663213723441127,0.8150277622909102,1.3794079374334085,-0.5610085178169777,0.6532663316582914,0.1600000000000037,2.9545454545454954,1.3636363636364224,0.7272727272727155,4.000000000000172,3.8148148148149708,3.6000000000000227,2.0,1.4999999999999112,1.2857142857144597,1.1111111111116725,0.21999999999999886,-2.8062888892917224,3.187190028089854,0.20845866154992562,0.08842801370722009,0.12060301507537632,0.2864321608040188,0.4170854271356765,0.05025125628140681,0.19095477386934587,0.25125628140703404,0.25125628140703404,0.3316582914572849,0.4170854271356765,0.07035175879396952,0.09499999999999997,0.061471884731369025,-0.4640385089429082,-0.18750681717690668,-0.6430192952318897,-0.6430192952318897,0.2877471872637073,0.0917550504865505,0.38943807760174554,0.6046868638604606,0.6046868638604606,0.03934406735489129,-1.5376790450111466,1.733379623250959,1.733379623250959,-0.00021609351780393603,-0.5962162020824572,0.06030150753768816,0.06030150753768816,0.3,0.18090452261306708
P,2,60,6,Transmittance RED,0.21999999999999886,-1.2233110306904194,0.8,0.4115065357126033,0.3084577114427897,0.9533316489900743,-0.5649641705235635,-0.21980905097008938,3.4446205565731542,2.01856628897281,1.324754232293344,0.6582914572864589,0.16080402010050607,3.0,1.4090909090909267,0.7441860465116003,4.030303030302916,3.851851851852187,3.6400000000001,2.049999999999808,1.5000000000003553,1.3571428571426976,1.1111111111116725,0.21999999999999886,-2.7679189780875415,39.06984701455691,0.016886292424909407,0.007207934527587191,0.12060301507537632,0.2864321608040188,0.41708542713568386,0.05,0.19095477386934587,0.25125628140703404,0.25125628140703404,0.335,0.41708542713568386,0.07035175879396953,0.0954773869346729,0.06177289713106318,-0.45308998387161425,-0.1867304036610511,-0.6406732753713682,-0.6406732753713682,0.274957180968378,0.08754415256868742,0.39384867261592627,0.5837803141440889,0.5837803141440889,0.05524116556251256,-1.4960225219670678,1.7497943403780292,1.7497943403780292,-1.7050013468964697e-05,0.3210727885034444,0.06030150753768816,0.06030150753768816,0.3015075376884408,0.18090452261306578
P,2,60,7,Reflectance GREEN,0.23499999999999943,-0.9721296485678784,1.397058823529412,0.3537273548918974,0.3919597989949751,0.21209226695055555,-0.143133527156919,-0.9063203519804414,2.663644766431602,2.5358233747433783,0.13476969647336157,0.6850000000000023,0.23499999999998522,2.9148936170212933,1.6808510638296124,1.0,3.694444444444418,3.533333333333207,3.2142857142857215,2.347826086956425,1.9473684210526787,1.7647058823537674,1.5454545454539816,0.23499999999999943,-3.5686175908963635,10.335814546822084,0.05341803685642629,0.02969651015824233,0.11557788944723565,0.3919597989949731,0.565,0.045,0.18,0.305,0.3366834170854256,0.455,0.57,0.075,0.21105527638190955,0.052658374546185854,-0.33793676442634574,-0.12913624174954602,-0.12110953101755315,-0.13532870643871162,0.18957968873071038,0.0014229141622505307,0.8566295049913507,0.8515264967378752,0.8376154454494739,-0.7177155573992565,-1.1623257373194118,0.5768841561517938,0.5768841561517938,-3.939988364251504e-05,0.08339548222381488,0.125,0.16000000000000003,0.435,0.34
P,2,60,7,Reflectance IR,0.23499999999999943,-0.9784851751090627,1.4179104477611941,0.34596206691230397,0.38999999999998636,0.39819145628716496,-0.11355612649189685,-0.919720193871536,4.081856388166558,2.951781898403922,1.1295740614431526,0.6834170854271394,0.231155778894461,2.914893617021233,1.6595744680851128,0.9999999999998764,3.694444444444418,3.533333333333207,3.1785714285716895,2.347826086956425,1.9473684210526787,1.8749999999994227,1.4545454545458774,0.23499999999999943,-15.879321060896645,1.0627227091991434,0.5131725529040879,0.28886624988401927,0.11557788944723565,0.3919597989949731,0.565,0.045,0.18,0.305,0.3366834170854256,0.455,0.57,0.075,0.2110552763819086,0.0404815917573007,-0.3396031184805894,-0.12769205017941454,-0.11844079888706728,-0.13193130937332087,0.1922101058976371,0.0021932525074827565,0.8862176163684143,0.8607007824876394,0.8470997913627172,-0.7297280002718565,-1.170586276639729,0.4174562743892111,0.4174562743892111,-0.0005405855670105797,0.2667965682633432,0.125,0.15577889447236556,0.44,0.345
P,2,60,7,Reflectance RED,0.23499999999999943,-0.972169759860007,1.42424242424242,0.34640867831755523,0.3949999999999818,0.39794752832105723,-0.11091939333295525,-0.9063907707877968,4.0874838458795155,2.95077737853048,1.12585600029036,0.6884422110552755,0.23499999999999943,2.9148936170214697,1.6808510638298046,1.0,3.6944444444444455,3.533333333333207,3.2142857142857215,2.2916666666679495,1.9473684210526787,1.764705882353433,1.54545454545424,0.23499999999999943,-13.159832019732878,1.5408579806593108,0.3505122035054174,0.19917254961939868,0.11557788944723565,0.3919597989949731,0.5678391959798968,0.045,0.18,0.305,0.3366834170854256,0.455,0.57,0.075,0.2110552763819101,0.04102345389937403,-0.3374625945891909,-0.12951799187416535,-0.12035185178964534,-0.1347035871553266,0.1891162252993086,0.0019771140232717923,0.8888525360886892,0.8520842120304116,0.8376416071927247,-0.7172285466493444,-1.1619825531128871,0.42309214301181514,0.42309214301181514,-0.0003585383315080028,0.2599052912223935,0.125,0.16000000000000003,0.44,0.35
P,2,60,7,Transmittance IR,0.2311557788944896,-0.9239384993923363,1.1058823529411645,0.46196972274390613,0.4200000000000159,-0.07332310771676005,-0.152486651146624,-0.8455677606885348,0.926226520029193,2.022679908407932,-1.1067057927987463,0.70854271356782,0.24500000000000455,3.06521739130416,1.8043478260870023,1.0434782608696511,3.7500000000000298,3.580645161289317,3.4285714285709936,2.5,1.9500000000011652,1.8823529411764115,1.6363636363634955,0.2311557788944896,-2.315168063400865,4.382429563023785,0.15524634759402414,0.0687325514056772,0.11055276381909497,0.395,0.565,0.04,0.175,0.2964824120603001,0.3366834170854256,0.45728643216080195,0.575,0.07500000000000001,0.22000000000000003,0.0672855426093057,-0.3202271790807842,-0.12725688335260502,-0.11213397868883344,-0.13548524115761368,0.1698435512367263,-0.001134154553963419,0.8466248880823728,0.8113996389334681,0.788292816104554,-0.6763828837005381,-1.0934372862911177,0.9668630302085589,0.9668630302085589,-6.825541650445433e-05,-0.20655898250887617,0.125,0.16500000000000004,0.35,0.255
P,2,60,7,Transmittance RED,0.23383084577113064,-0.9131823002636297,1.1264367816091838,0.4720311936604946,0.42786069651741154,0.9837483490790854,-0.14451857393920978,-0.8489568764787254,7.53597750788013,4.069339566299489,3.4683831990158835,0.7135678391959703,0.24875621890547375,3.06382978723386,1.833333333333363,1.0652173913042833,3.7499999999997633,3.61290322580644,3.4137931034487354,2.5652173913040364,2.050000000000062,1.9375000000000555,1.6363636363634955,0.23383084577113064,-2.3285921805355017,60.82334718367192,0.01151090207820739,0.004998643426437222,0.11055276381909497,0.395,0.55,0.0398009950248758,0.171717171717172,0.295,0.3415841584158422,0.4577114427860685,0.57,0.07070707070707107,0.22110552763819155,0.06713238346074035,-0.31748664565837365,-0.12000962231321566,-0.09657488607277423,-0.154469945236071,0.17611435871635103,-0.032337989558058625,0.8547137452772061,0.8205277692267725,0.7663754998351969,-0.6729218513130312,-1.0911668939531574,1.007828898905509,1.007828898905509,-4.947963092861062e-06,0.8318155789514097,0.1206030150753763,0.16999999999999998,0.345,0.23618090452261198
P,2,90,5,Reflectance GREEN,0.246268656716416,-1.5999669757668884,1.220000000000004,0.3690744964560855,0.23134328358209066,0.9373691213010082,-0.4496143235861222,-1.4267802538477994,5.543376070865385,3.0531367161106164,2.5181405080199397,0.3805970149253573,0.14925373134327788,1.5454545454545572,0.9393939393939107,0.6060606060606009,3.666666666666509,1.5499999999999874,3.263157894736905,1.066666666666995,1.0000000000001183,1.000000000000142,1.0,0.246268656716416,4.983648785689073,20.672231687681702,0.031529188124508764,0.01578885002759922,0.14179104477612206,0.32835820895523,0.514925373134327,0.052631578947368494,0.23134328358209386,0.31343283582090137,0.31343283582090137,0.4060150375939823,0.5746268656716647,0.08955223880596992,0.09701492537313615,0.04281542496285433,-0.8279631670052734,0.17375571393134354,-0.5582735894145741,-0.5582735894145741,0.9464406245346833,-0.23266168505193668,0.45515247964182404,1.0428806158522574,1.0428806158522574,-0.48676078500737596,-2.546086602875966,0.8177570150102695,0.8177570150102695,-0.0001816645415396308,0.3759522992921102,0.08208955223880575,0.08208955223880575,0.3082706766917297,0.14925373134328637
P,2,90,5,Reflectance IR,0.246268656716416,-1.600323891907104,1.2200000000000386,0.36787973403174407,0.2313432835820886,0.9755403265187872,-0.28426276402896433,-1.4237108765706812,6.874368737038563,3.5037630850158226,3.3767172637872656,0.37453708899114013,0.14925373134327788,1.531250000000061,0.9393939393939107,0.6060606060606009,3.666666666666509,1.500000000000142,3.333333333333597,1.066666666666995,1.0000000000001183,1.000000000000071,1.0,0.246268656716416,1.1061098655894037,2.2227732259860913,0.2923836903944785,0.14683477161155242,0.14179104477612206,0.32835820895523,0.514925373134327,0.052631578947368494,0.23134328358209386,0.31343283582090137,0.31343283582090137,0.40601503759398117,0.5746268656716647,0.08955223880596992,0.09701492537313615,0.02702010199086709,-0.8274271181377886,0.17278007518987362,-0.5615135334327216,-0.5615135334327216,0.943489419398362,-0.23055540114737244,0.6807012336344195,1.0405352789515439,1.0405352789515439,-0.4798321508035962,-2.5428342756815416,0.3183968929683048,0.3183968929683048,0.0009514229643763281,0.42870427421307583,0.0820895522388058,0.0820895522388058,0.30827067669173297,0.15037593984961944
P,2,90,5,Reflectance RED,0.246268656716416,-1.5930740112240769,1.2200000000000386,0.3711615086897597,0.23134328358209066,0.9271557518363753,-0.3147420143365604,-1.4084105275682397,6.417348715679095,3.3541576448545585,3.061319410092017,0.6940298507462686,0.14925373134328337,2.818181818181732,0.9393939393939511,0.6060606060606009,3.666666666666509,3.6499999999996375,3.263157894737881,1.066666666666995,1.0000000000001776,1.0000000000000355,1.0,0.246268656716416,1.4104744512118195,2.7856615883495723,0.23407922478419024,0.11726960262926706,0.14179104477612206,0.32835820895523,0.514925373134327,0.052631578947368494,0.23134328358209386,0.31343283582090137,0.31343283582090137,0.40601503759398444,0.5789473684210348,0.08955223880596992,0.09701492537313615,0.03004596561001982,-0.8210864715500151,0.1695365899377776,-0.5594330301968924,-0.5594330301968924,0.9350260417573815,-0.2279328801077543,0.6421344487688773,1.0373454147979586,1.0373454147979586,-0.4784158588187004,-2.5276294503761676,0.38444096616168677,0.38444096616168677,0.0013318000290432684,0.37716956406887786,0.08208955223880597,0.08208955223880597,0.30827067669173297,0.1492537313432927
P,2,90,5,Transmittance IR,0.246268656716418,-1.583528521988422,1.239999999999921,0.3791703590211275,0.23134328358209558,0.8031181310534348,-0.7350322060470658,-1.4123910058867455,3.190183217169147,2.208441105310441,0.9943787366540182,0.7014925373134367,0.1492537313432914,2.848484848484856,0.9393939393939812,0.6060606060606009,3.5600000000000023,3.6999999999999575,3.315789473684245,1.0666666666669005,1.0,1.0,1.0,0.246268656716418,-3.6309644345718786,3.073923476835227,0.21095029964621587,0.10640574986441724,0.14179104477612206,0.33082706766916276,0.514925373134338,0.05263157894736681,0.23134328358209386,0.31343283582090137,0.31343283582090137,0.4060150375939898,0.5789473684210595,0.0895522388059704,0.09701492537313615,0.07060164137004675,-0.8182696269419787,0.17393133564723282,-0.5511406348283929,-0.5511406348283929,0.9314610072127958,-0.23271275443778416,-0.027883252462174293,1.0360412194214845,1.0360412194214845,-0.4878798547951459,-2.5152924864206248,-26.29191082947994,-26.29191082947994,-0.0004181813375663389,0.265325368568224,0.0820895522388075,0.0820895522388075,0.31343283582088804,0.14925373134328637
P,2,90,5,Transmittance RED,0.24626865671641862,-1.5718692234801028,1.2399999999999916,0.38489633960195846,0.23308270676691184,1.0732389238671824,-0.7471098562921974,-1.394013676716496,7.1331447165270525,3.6022360832422056,3.5446255136051024,0.7067669172932323,0.14925373134331396,2.848484848484979,0.9393939393939916,0.6060606060606071,3.560000000000173,3.700000000000256,3.315789473684226,1.066666666666995,1.0000000000001183,1.000000000000071,1.0,0.24626865671641862,-3.4324230811749805,31.23232810380401,0.020807325007200405,0.010486352053676384,0.14179104477612206,0.33082706766917325,0.5168611828077734,0.05223880597015024,0.23134328358209386,0.31343283582090137,0.31343283582090137,0.41044776119402016,0.5820895522388045,0.08955223880597087,0.09774436090225264,0.07199986636508773,-0.8134974141922702,0.1749257865859512,-0.5496856700917014,-0.5496856700917014,0.923048881812746,-0.23441959704683357,-0.04975242270562531,1.0208414744590173,1.0208414744590173,-0.46969000972687247,-2.4937087360352574,-15.307819076387778,-15.307819076387778,-3.9877383720601725e-05,0.5162043042853821,0.0820895522388075,0.0820895522388075,0.31343283582088804,0.14925373134328637
P,2,90,6,Reflectance GREEN,0.253731343283584,-1.4317199404895131,1.2407407407407984,0.3208085738796552,0.2537313432835998,0.6529604215843309,-0.5294482081412338,-1.0205689514041678,4.5194688752053604,2.9466763695343765,1.574610286482269,0.6865671641790934,0.16417910447761067,2.7058823529411127,1.0,0.6470588235293724,3.3846153846156497,3.3333333333347768,1.4210526315788687,1.1250000000002665,1.1666666666665089,1.0999999999998864,1.1666666666665089,0.253731343283584,212.31428161668538,14.605741172975335,0.050517566812990994,0.023283890076663195,0.14179104477612206,0.3432835820895441,0.5338345864661718,0.04511278195488727,0.23308270676692008,0.3208955223880521,0.3208955223880521,0.417910447761193,0.5895522388059562,0.09701492537313408,0.1044776119403049,0.048955772753094026,-0.7350813902135996,0.043961700950301386,-0.5610122604745493,-0.5610122604745493,0.7110060369170319,-0.12201792732060415,0.36777770928852316,0.8727200928275936,0.8727200928275936,-0.31364824320329954,-2.142005204129266,1.039060312842486,1.039060312842486,-0.00012385863389118842,0.09171857520370474,0.08208955223881098,0.08208955223881098,0.2781954887218019,0.11194029850746952
P,2,90,6,Reflectance IR,0.253731343283584,-1.4365683515630137,1.2407407407407371,0.3203596519448574,0.2537313432835998,0.7299393306842701,-0.3560593906068581,-1.014634935516474,5.997292891571378,3.5062410748533512,2.4962986253373245,0.6842105263158165,0.16417910447759296,2.70588235294097,1.0,0.6470588235293724,3.3846153846157043,3.333333333333875,1.4210526315788687,1.1250000000002665,1.1666666666665089,1.0999999999998864,1.1666666666665089,0.253731343283584,2.018041307641197,1.6049055854578187,0.46019636283873766,0.21171820599268604,0.14179104477612206,0.3432835820895441,0.5338345864661656,0.04511278195488776,0.23308270676692008,0.3208955223880521,0.3208955223880521,0.417910447761193,0.5864661654135409,0.09701492537313305,0.10447761194030047,0.03291809131428163,-0.7360609059942048,0.04353231969294552,-0.5667323961427084,-0.5667323961427084,0.7127141375906341,-0.12040593961200786,0.6004058325733426,0.8722913377912076,0.8722913377912076,-0.3059365504670988,-2.149968517793074,0.40043089188754877,0.40043089188754877,0.016578478856569767,0.17031637919886983,0.0820895522388075,0.0820895522388075,0.2771574458534437,0.11194029850746477
P,2,90,6,Reflectance RED,0.253731343283584,-1.424582873837056,1.2407407407407776,0.3242487186082055,0.2556390977442915,0.6886633798698185,-0.38157491470766625,-1.0061843761934077,5.680996193233405,3.391671404410327,2.299842347144785,0.6865671641791292,0.16417910447761067,2.7058823529412552,1.0,0.6470588235294019,3.3846153846155946,3.380952380952291,1.4210526315791678,1.187499999999932,1.1666666666665089,1.0999999999998864,1.1666666666665089,0.253731343283584,2.6001343926712024,2.082875443281729,0.3549765829720893,0.16321643777416722,0.14179104477612206,0.3432835820895441,0.5338345864661718,0.04511278195488727,0.23308270676692008,0.3208955223880521,0.3208955223880521,0.417910447761193,0.5895522388059562,0.09701492537313408,0.10526315789473362,0.03547470507095608,-0.7292029486307081,0.041041968246748176,-0.5608364286438864,-0.5608364286438864,0.7016432985173067,-0.11893611174320792,0.5684174251269617,0.8680423694181543,0.8680423694181543,-0.30663218995670766,-2.125865817153444,0.46648288826842976,0.46648288826842976,-0.005008927675454778,0.13724406014841034,0.08270676691729067,0.08270676691729067,0.27611940298507975,0.111940298507463
P,2,90,6,Transmittance IR,0.253731343283584,-1.3939910881126254,1.2641509433961289,0.3322776596756608,0.2611940298507257,0.5264212386587857,-0.7671727900197391,-0.9940005085868711,2.20640860374684,2.0633261269285192,0.14821806509663316,0.7014925373134442,0.1641791044776284,2.764705882352943,1.0294117647058554,0.6470588235294139,3.4230769230769904,3.47619047618969,2.350000000000007,1.187500000000011,1.1666666666665089,1.0999999999999006,1.1666666666654035,0.253731343283584,-3.1787441950984863,2.8745756970475123,0.2556856445605531,0.11828224565677437,0.14179104477611904,0.3432835820895514,0.5373134328358196,0.04477611940298591,0.23308270676691759,0.3208955223880521,0.3208955223880521,0.4179104477612019,0.5939849624059967,0.09701492537313408,0.10526315789473699,0.07140910882994786,-0.7220280766634228,0.04524640966680251,-0.5509178101089989,-0.5509178101089989,0.6875826439138613,-0.12335101361985057,0.0011069403953936508,0.8591630789669294,0.8591630789669294,-0.3084834850176697,-2.0831112158867082,51.105608834658696,51.105608834658696,-0.00036358664496091047,-0.03924616433286632,0.08270676691729245,0.08270676691729245,0.28358208955223807,0.11278195488721457
P,2,90,6,Transmittance RED,0.253731343283584,-1.378443915441426,1.2641509433962645,0.33759294767725306,0.26119402985074736,0.904246166628472,-0.773253432470326,-0.9637609928241617,7.379059525219976,4.017090344010704,3.3455673404544353,0.7089552238806017,0.1641791044776284,2.7941176470588434,1.0294117647058578,0.6470588235294172,3.4230769230769904,3.4761904761902955,2.1578947368429082,1.187500000000011,1.1666666666665089,1.099999999999318,1.166666666664456,0.253731343283584,-3.090970338357436,31.892748102264406,0.022820535344712865,0.010666366514409617,0.14179104477611904,0.3432835820895514,0.5373134328358252,0.0447761194029852,0.23308270676691759,0.3208955223880521,0.3208955223880521,0.4179104477612019,0.5970149253731202,0.09701492537313434,0.10526315789473811,0.07219399037616933,-0.7140671339116418,0.045289673338991934,-0.5447570258728391,-0.5447570258728391,0.6720422574352811,-0.1223089374263178,-0.006236623250160097,0.8375351852772757,0.8375351852772757,-0.2976193101783545,-2.0530421338890967,-32.41358118415932,-32.41358118415932,-3.2105318474598335e-05,0.3647829809648315,0.08270676691729067,0.08270676691729067,0.28358208955223807,0.11278195488721457
P,2,90,7,Reflectance GREEN,0.261194029850757,-1.3114339711968002,1.015873015873016,0.37767167194769186,0.29850746268657063,0.6513713373958427,-0.49949205781328376,-0.556780645589168,4.3731053975663,2.9227542461008778,1.4633667397885053,0.5597014925373002,0.17910447761194284,2.142857142857004,1.142857142857137,0.6857142857142672,3.1851851851854502,2.4090909090904864,2.149999999999261,1.4375000000000555,1.2307692307692475,1.1818181818179938,1.000000000000203,0.261194029850757,-15.23811574781443,12.89011916393159,0.0754239178707651,0.02750389519943765,0.14285714285713846,0.34586466165415425,0.5223880597014926,0.04511278195488776,0.23308270676693005,0.3157894736842008,0.3157894736842008,0.41353383458648885,0.559701492537312,0.09701492537313434,0.11194029850746474,0.051150376201783546,-0.5957234406179694,-0.14415289484223454,-0.6068194217126859,-0.6068194217126859,0.46000028982418867,-0.05168458456539479,0.4423704282892389,0.7041778876365745,0.7041778876365745,-0.09458181242777851,-1.7710452022722725,1.0243199155222404,1.0243199155222404,-0.00010608904296937457,0.04851945554065851,0.08208955223880575,0.08208955223880575,0.21641791044776063,0.05263157894736793
P,2,90,7,Reflectance IR,0.261194029850757,-1.3202417428706554,1.0158730158730103,0.37428516807699985,0.2932330827067904,0.697211936666533,-0.3538264725147294,-0.5633847192320743,5.445365572973043,3.2649674667087294,2.168671366087714,0.5563909774435988,0.17910447761194284,2.1142857142857747,1.1142857142859648,0.6857142857142672,3.307692307691534,2.3636363636368567,2.100000000000199,1.4374999999999667,1.2307692307692475,1.1818181818179938,1.0,0.261194029850757,3.0645345381184024,1.3830043538320225,0.7029368946193237,0.25605603290115436,0.14285714285713846,0.3458646616541395,0.5223880597014939,0.045112781954889686,0.23880597014924806,0.3157894736842008,0.3157894736842008,0.41353383458647114,0.559701492537312,0.09701492537313428,0.11194029850746474,0.03607455288812975,-0.6011000721782855,-0.14220799472071935,-0.614155532645612,-0.614155532645612,0.46855531653193017,-0.05265668186521166,0.617790922515937,0.7074871888247966,0.7074871888247966,-0.0901892736965454,-1.788879663927455,0.49497665839517724,0.49497665839517724,-0.0036524681564859434,0.08403447625818894,0.08208955223880575,0.08208955223880575,0.21641791044775605,0.05263157894736681
P,2,90,7,Reflectance RED,0.261194029850757,-1.3085575081697307,1.0158730158730103,0.3797853526800945,0.29850746268657063,0.6613538214986121,-0.3659941145818854,-0.5557018789254011,5.265348775702555,3.2109037483691263,2.0521435217820057,0.5597014925373179,0.17910447761194284,2.1428571428571344,1.142857142857166,0.6857142857142672,3.1851851851854502,2.4090909090909265,2.1499999999999324,1.499999999998579,1.2307692307692475,1.1818181818179938,1.000000000000203,0.261194029850757,3.706560648189981,1.8993679175475966,0.511968165590144,0.1866008211766001,0.14285714285713846,0.3458646616541395,0.5223880597014939,0.04511278195488776,0.23308270676692008,0.3157894736842008,0.3157894736842008,0.41353383458647114,0.559701492537312,0.09701492537313511,0.11194029850746474,0.03761982346352747,-0.5941629159116956,-0.14441882876114798,-0.6032146176939135,-0.6032146176939135,0.45771000937229406,-0.05139557631003051,0.6041888339353138,0.7042085218635882,0.7042085218635882,-0.10052389557231294,-1.7657971524566975,0.5377858360608555,0.5377858360608555,-0.0019188861256498224,0.05830862466248965,0.08208955223880597,0.08208955223880597,0.21641791044776063,0.05263157894736681
P,2,90,7,Transmittance IR,0.261194029850757,-1.2655189273001783,1.015873015873148,0.3892675349112671,0.3059701492537427,0.3772594023517126,-0.7002662706590532,-0.5139249773449046,2.1449869829431587,2.186880221051972,-0.03352264229230206,0.5714285714285806,0.17910447761195802,2.171428571428757,1.1714285714285668,0.685714285714287,3.222222222222117,2.4545454545454954,2.1999999999999575,1.4117647058827463,1.2307692307694662,1.1818181818179938,1.000000000001624,0.261194029850757,-2.997346887156194,3.321098167160865,0.29247472708968747,0.10668915655349219,0.14179104477612206,0.35074626865670805,0.5223880597015023,0.04477611940298591,0.23308270676691012,0.31343283582090137,0.31343283582090137,0.41791044776118413,0.5597014925373239,0.09701492537313615,0.112781954887217,0.07150077128270058,-0.5786881921192074,-0.14654367835799728,-0.58929482064649,-0.58929482064649,0.4307412823372954,-0.049606657422591974,0.19428100620383573,0.6751147607376274,0.6751147607376274,-0.0851825051868047,-1.6969421913325486,3.4440658066515266,3.4440658066515266,-0.00026718812738687656,-0.23747667064028155,0.0820895522388062,0.0820895522388062,0.2164179104477652,0.05263157894736793
P,2,90,7,Transmittance RED,0.261194029850757,-1.250832185574436,1.0161290322581986,0.39292213617185545,0.30827067669180774,1.0181030443439434,-0.6939017638051399,-0.49462698078009815,8.332371857842942,4.231752987420275,4.1069046621281835,0.5777777777777795,0.18045112781955788,2.200000000000065,1.1764705882352153,0.6857142857143785,3.2222222222222867,2.499999999999483,2.200000000000114,1.4705882352944717,1.3076923076920386,1.1818181818181466,1.1428571428565628,0.261194029850757,-2.967961968656954,40.212428682080535,0.023995239221216023,0.008825892829978655,0.14179104477612206,0.35074626865670805,0.526315789473668,0.04477611940298591,0.23134328358209386,0.31343283582090137,0.31343283582090137,0.41791044776118413,0.5597014925373239,0.09701492537313615,0.1127819548872182,0.07172511344276063,-0.5690657108498796,-0.14785162572086258,-0.5867175115584511,-0.5867175115584511,0.4161440026578591,-0.04832209942215385,0.2019549195668182,0.6645509532077368,0.6645509532077368,-0.07673113094346938,-1.6673621543928299,3.393526003951977,3.393526003951977,-2.1723096074455654e-05,0.4319875164539563,0.08208955223880575,0.08208955223880575,0.21804511278194816,0.052631578947369057
P,2,120,5,Reflectance GREEN,0.2799999999999727,-1.4827853112956293,2.3333333333333335,0.15896027876296254,0.2599999999999909,0.6669404292469745,-0.4157909615726512,-1.2079692586607333,7.354591351041125,4.47373732172215,2.8734415881800244,0.35999999999999943,0.17000000000001592,1.2857142857142785,0.9285714285714866,0.6071428571429115,1.6666666666665764,1.0588235294120598,1.0624999999999445,1.0,1.0,1.1249999999991118,1.0,0.2799999999999727,1.5546625346096483,28.853474234333753,0.019971618236981195,0.01337324934624957,0.16,0.3838383838383803,0.6262626262626295,0.05,0.26,0.36,0.36,0.48,0.83,0.11,0.12,0.03635399735584229,-0.9072295687231909,0.12232953425123916,-0.5550750797294635,-0.5550750797294635,0.8402316656673064,-0.2268265645803059,0.5108790818598059,0.923405937301522,0.923405937301522,-0.3676115529553667,-2.3239019220034893,0.21917017637264438,0.21917017637264438,0.0002056353503304447,0.10734186552209835,0.09999999999999998,0.09999999999999998,0.4,0.20202020202020018
P,2,120,5,Reflectance IR,0.2799999999999727,-1.4845486800942533,1.6285714285714286,0.12195443344025651,0.2599999999999909,0.6798371559528904,-0.2382352835646659,-1.2057535939812711,7.933917828074669,4.752445563184679,3.1835982918104113,0.35999999999999943,0.17000000000001592,1.2857142857142785,0.9285714285714866,0.6071428571429115,1.6666666666664862,1.0588235294123942,1.0624999999999445,1.0,1.0,1.1249999999991118,1.0,0.2799999999999727,0.5369885807231567,3.1844776032623607,0.23169398937922098,0.12100113063827495,0.16,0.3838383838383803,0.6262626262626565,0.05,0.2626262626262602,0.36,0.36,0.48,0.8383838383838307,0.11,0.12,0.020865750083426303,-0.9053058709591701,0.12017744681297363,-0.5499763013748711,-0.5499763013748711,0.8362179349678819,-0.2314559161254181,0.7393606197725545,0.9273364231237986,0.9273364231237986,-0.37338762994682306,-2.3214186450818914,0.0635032233255915,0.0635032233255915,0.0002382592331677966,0.12127016058562168,0.09999999999999998,0.09999999999999998,0.29,0.09090909090909137
P,2,120,5,Reflectance RED,0.2799999999999727,-1.4810168692283052,2.4347826086956528,0.16400041050573533,0.2599999999999909,0.6468103197945103,-0.27359296807652667,-1.1964728162317604,7.511285864321437,4.567883261607852,2.9429033569563168,0.36000000000001364,0.17000000000001592,1.2857142857143111,0.9285714285714866,0.6071428571429115,1.6190476190479284,1.1176470588234113,1.0624999999999445,1.0,1.0,1.1249999999984013,1.0,0.2799999999999727,0.6736256684481556,3.892310080134026,0.14683110413470324,0.0995021481004229,0.16,0.3838383838383803,0.63,0.05,0.2626262626262602,0.36,0.36,0.48,0.84,0.11,0.12,0.02399439722543558,-0.9025544960233054,0.11802043609373482,-0.5519071907982094,-0.5519071907982094,0.8311434646455864,-0.23383013951664455,0.6968346769510192,0.9184443828533488,0.9184443828533488,-0.3649054305433288,-2.3137907324414844,0.1041323165744747,0.1041323165744747,0.0002671113456530483,0.0863441478367139,0.09999999999999998,0.09999999999999998,0.4049904990499166,0.21
P,2,120,5,Transmittance IR,0.2799999999999727,-1.4771177926432493,2.4347826086956528,0.16766660014441542,0.259999999999998,0.6437737201637537,-0.803172259218487,-1.1955346569689895,6.3869033391287,4.066881843970173,2.3056502150224256,0.36000000000001364,0.17000000000001592,1.285714285714329,0.9285714285714866,0.6071428571429115,1.6190476190479284,1.1176470588234113,1.0624999999999556,1.0,1.0,1.1249999999991118,1.0,0.2799999999999727,-6.576891636770894,3.9348383181430844,0.14458509046808993,0.09843404575550266,0.16,0.3838383838383803,0.63,0.05,0.2626262626262602,0.36,0.36,0.48,0.84,0.11,0.12,0.07030380427516936,-0.9021391709834714,0.12124689917963975,-0.5556749779102235,-0.5556749779102235,0.8293390263437048,-0.23988072759834778,-0.12652662465493839,0.9200481762155923,0.9200481762155923,-0.36344119258358903,-2.3060876110687656,-2.136247567641828,-2.136247567641828,-0.00043568270012493384,0.09465877309774551,0.09999999999999998,0.09999999999999998,0.41,0.21212121212121016
P,2,120,5,Transmittance RED,0.2799999999999727,-1.4779853388499806,1.7058823529412221,0.1376430164480014,0.2599999999999998,0.7301015248351034,-0.828179096812442,-1.1921415692034723,8.677338742854694,5.041290275724265,3.5904585378839107,0.36000000000001364,0.17000000000001592,1.2857142857144597,0.9285714285714866,0.6071428571429115,1.6190476190479284,1.1176470588234113,1.0624999999999556,1.0,1.0,1.1249999999991118,1.0,0.2799999999999727,-5.564973668815104,37.86188165063352,0.018564937275739848,0.010198601085460637,0.16,0.3838383838383803,0.63,0.05,0.2626262626262602,0.36,0.36,0.48,0.8383838383838547,0.11,0.12,0.07259332936718642,-0.9004508236082878,0.12065795011738424,-0.5530517697406323,-0.5530517697406323,0.826747700097323,-0.2391509029601917,-0.17589652217190155,0.9180014361530975,0.9180014361530975,-0.37082684543060324,-2.3033526867205643,-1.4487469595499407,-1.4487469595499407,-4.30722931077961e-05,0.17970871116005194,0.09999999999999998,0.09999999999999998,0.31,0.11
P,2,120,6,Reflectance GREEN,0.30303030303027173,-1.6271317070423448,1.9062500000000002,0.07147079883819522,0.27000000000003865,0.5241778056313479,-0.4731451494809633,-1.3783437067532964,6.990109057727415,4.655716582742273,2.328895630439286,0.3737373737373749,0.18000000000000682,1.2333333333333019,0.8999999999999965,0.5999999999999243,2.0,1.055555555555503,1.0000000000000835,1.076923076922068,1.0,1.0,1.0,0.30303030303027173,2.100953382662408,25.620299413832917,0.03113273253377853,0.01690755086774019,0.18,0.42,0.67,0.07,0.29,0.3939393939393903,0.3939393939393903,0.5151515151515105,0.82,0.10999999999999999,0.13,0.03772552125730445,-0.9514873342954087,0.11527553459533252,-0.5906615952425435,-0.5906615952425435,0.9309494000496396,-0.1978664910521938,0.4248286511233024,1.040801101472989,1.040801101472989,-0.45402123293545055,-2.5579201433936345,0.1391310358565312,0.1391310358565312,0.0013199315759354195,-0.07019847301819848,0.10101010101010012,0.10101010101010012,0.28282828282828837,0.08
P,2,120,6,Reflectance IR,0.3030303030302543,-1.6266791382901693,1.9062500000000002,0.0723228555564296,0.27000000000003865,0.5480713267439891,-0.28745513203022344,-1.375657068441847,7.668439471966005,4.993211796908736,2.6914050780897636,0.3737373737373749,0.18000000000000682,1.2333333333333019,0.9,0.5999999999999527,2.043478260869275,1.055555555555503,1.0000000000000417,1.000000000000812,1.0,1.0,1.0,0.3030303030302543,0.6997888435931077,2.782889290758487,0.28564752294538015,0.1554558224478429,0.18,0.42,0.67,0.07,0.29,0.39,0.39,0.5151515151515105,0.82,0.10999999999999999,0.13,0.022920650083150834,-0.948724387967336,0.11271231312209759,-0.5963510782836982,-0.5963510782836982,0.9274165146680642,-0.19709947567326996,0.678249147392681,1.0396205706356567,1.0396205706356567,-0.449376602735452,-2.554335660132525,0.04930888189927176,0.04930888189927176,0.00038513159022993804,-0.045937728491731056,0.10101010101010012,0.10101010101010012,0.29,0.08
P,2,120,6,Reflectance RED,0.303030303030283,-1.6238596391747082,1.9062500000000002,0.07385849410555498,0.27000000000003865,0.5158809232926038,-0.32020164266387613,-1.3622527027611726,7.057713428584346,4.713208336393584,2.3577264195332086,0.3737373737373749,0.18000000000000682,1.2333333333333019,0.9,0.5999999999999243,1.9999999999994833,1.055555555555503,1.0,1.0000000000004061,1.0,1.0,1.0,0.303030303030283,0.8498488809071223,3.5159455337931793,0.22622514957548284,0.12326925390441434,0.18,0.42,0.67,0.07,0.29,0.39,0.39,0.51515151515154,0.82,0.10999999999999999,0.13,0.02554313754938458,-0.9463799248730619,0.11095670782835977,-0.6000009413429064,-0.6000009413429064,0.9225912455751161,-0.19707819416070152,0.6366246969609669,1.0361795955627922,1.0361795955627922,-0.4370407612380158,-2.5464817016397965,0.060688536274552486,0.060688536274552486,0.00041022024052387695,-0.07623610336202069,0.10101010101010012,0.10101010101010012,0.29,0.08
P,2,120,6,Transmittance IR,0.30303030303027173,-1.6202884611505546,1.9062500000000002,0.07373613663784721,0.27000000000003865,0.5228938044772279,-0.845251184914723,-1.3646811958909144,5.6902801643051,4.0388366645809475,1.6528477365063994,0.37373737373739635,0.18000000000000682,1.2333333333333019,0.9000000000000427,0.5999999999999621,1.9545454545449847,1.055555555555503,1.0,1.000000000000203,1.0,1.0,1.0,0.30303030303027173,-5.726544988437221,4.037058220502227,0.19657097914408717,0.10728003968885465,0.18,0.42,0.67,0.07,0.29,0.3939393939393903,0.3939393939393903,0.52,0.81,0.10999999999999999,0.13,0.06724730248703813,-0.9476922878346004,0.1150709611725071,-0.5880438386899276,-0.5880438386899276,0.922805083358338,-0.2059846886659977,-0.23303358312723532,1.0319248722408876,1.0319248722408876,-0.4473525758691597,-2.5436121557747393,-0.5579709860218014,-0.5579709860218014,-0.0004075430478990665,-0.06851051021794341,0.10101010101010084,0.10101010101010084,0.29,0.08
P,2,120,6,Transmittance RED,0.30303030303031175,-1.6183855869695196,1.9677419354838706,0.07717693695546135,0.2727272727272701,0.6226114452568967,-0.8623409681059658,-1.3550846700088055,8.781368315461004,5.506430998622007,3.2843307401989508,0.3762376237624033,0.18000000000000682,1.2333333333333019,0.9000000000000853,0.5999999999999243,1.9545454545452432,1.0555555555548537,1.0000000000000209,1.0,1.0,1.0,0.9999999999994316,0.30303030303031175,-5.231277026394098,42.21179000225441,0.01862858987818614,0.010316041285956763,0.18,0.42,0.67,0.06060606060606353,0.29,0.39603960396039406,0.39603960396039406,0.52,0.81,0.11000000000000001,0.13,0.06850530741004388,-0.9456621592849533,0.1173538207379835,-0.5905974983961457,-0.5905974983961457,0.9174069269667345,-0.2174519155402577,-0.26938067437558055,1.0284519795649734,1.0284519795649734,-0.43890029939699365,-2.538170137384537,-0.5209668861296818,-0.5209668861296818,-3.79753646329548e-05,0.029158532567344464,0.10101010101010156,0.10101010101010156,0.29,0.08080808080808238
P,2,120,7,Reflectance GREEN,0.3300000000000125,-1.6719608038515985,2.48148148148192,0.08318884975222424,0.2999999999999545,0.38629866448656075,-0.5437300626932506,-1.2876486246104613,6.677937708037394,4.9086377595645185,1.7505821926758252,0.410000000000025,0.19000000000005457,1.2424242424242384,0.8823529411765493,0.5757575757575967,1.1666666666669825,1.0500000000000995,1.055555555555503,1.0000000000007578,1.090909090908997,1.0000000000005684,1.0,0.3300000000000125,3.9172189162484092,21.019083370698542,0.039526569982355465,0.023530251964772143,0.2,0.45,0.7171717171717106,0.08,0.32,0.4242424242424325,0.4242424242424325,0.55,0.81,0.11881188118811989,0.1313131313131301,0.04109110394956001,-0.9179621402515463,0.04310590475160342,-0.6343749475348949,-0.6343749475348949,0.8868010695938459,-0.18610793821773775,0.33003965036367827,1.031550870554636,1.031550870554636,-0.3961711017624552,-2.559090328380998,0.24795194403039914,0.24795194403039914,-0.000242422710054846,-0.252460932926183,0.10999999999999999,0.10999999999999999,0.3030303030303002,0.09
P,2,120,7,Reflectance IR,0.3300000000000125,-1.6745149226533158,2.4814814814814814,0.08311958360611317,0.2929292929293683,0.3793790524912521,-0.342315003949536,-1.2700738528551005,6.962875046637765,5.08134027987089,1.8759834798844723,0.410000000000025,0.19000000000005457,1.2424242424242384,0.8823529411764678,0.5757575757575967,1.1666666666667456,1.0500000000000995,1.055555555555503,1.0714285714280785,1.090909090908997,1.0000000000005684,1.0,0.3300000000000125,1.0021605086874537,2.3708073474211337,0.35189287108146455,0.20833092423547236,0.2,0.45,0.71,0.08,0.32,0.4242424242424203,0.4242424242424203,0.55,0.81,0.11111111111112285,0.13,0.025853092642466737,-0.9183543772016686,0.04312865903902667,-0.6397323645149542,-0.6397323645149542,0.8865653473533568,-0.18402258562723192,0.6125326162722601,1.0216235873822728,1.0216235873822728,-0.38332592938135907,-2.5615517499726908,0.07711417780153115,0.07711417780153115,0.0007610985268230542,-0.2566162545273082,0.10999999999999999,0.10999999999999999,0.3030303030303002,0.09
P,2,120,7,Reflectance RED,0.3300000000000125,-1.6686172246205195,2.5185185185185186,0.08550927001088925,0.29999999999998295,0.36297621089556076,-0.37158028413413347,-1.2593466152826183,6.6788620880107965,4.9466830275258555,1.724865481479525,0.410000000000025,0.19000000000005457,1.24242424242426,0.9062500000000833,0.5757575757575967,1.2083333333331359,1.0500000000000995,1.055555555555503,1.000000000000379,1.090909090908997,1.000000000000142,1.0,0.3300000000000125,1.191901181621128,3.0953849476247046,0.2674851423506537,0.1596870150465387,0.2,0.45,0.7171717171717106,0.08,0.32,0.4242424242424203,0.4242424242424203,0.55,0.81,0.12000000000000001,0.13000000000000023,0.02802923852827703,-0.914654561789161,0.040264676645951486,-0.6383022401650009,-0.6383022401650009,0.8794683318532763,-0.1837150492205651,0.5748037367521442,1.0175641000854458,1.0175641000854458,-0.38064595051892286,-2.5464203611375495,0.09310169560690046,0.09310169560690046,0.0008161729948975139,-0.2764183129026298,0.10999999999999999,0.10999999999999999,0.3030303030303002,0.09
P,2,120,7,Transmittance IR,0.3300000000000125,-1.6645875646061346,2.4814814814814814,0.08280184848601829,0.3000000000000007,0.36873232596401384,-0.8834211105209684,-1.2805141028959035,4.905026648733407,3.9495488204211737,0.9284217318336658,0.410000000000025,0.19191919191913046,1.242424242424271,0.9090909090908151,0.5757575757575967,1.1666666666667653,1.0500000000000995,1.055555555555503,1.000000000000379,1.0909090909087387,1.000000000000142,1.0,0.3300000000000125,-4.511165687440591,4.3065588399888,0.19542905347069947,0.11482860718651386,0.19191919191920118,0.45,0.7171717171717208,0.08,0.32,0.43,0.43,0.5555555555555505,0.81,0.12000000000000001,0.13131313131313765,0.06601110306030288,-0.9175595905005663,0.046679537586245455,-0.6388452077989484,-0.6388452077989484,0.8837718385097257,-0.1985910923426518,-0.26050141230715734,1.028970421988442,1.028970421988442,-0.3878673137744628,-2.546875441016533,-0.5839602696710968,-0.5839602696710968,-0.00033814719544106216,-0.2639945653493723,0.10999999999999999,0.10999999999999999,0.3,0.08080808080808007
P,2,120,7,Transmittance RED,0.3333333333333142,-1.6548334701717642,2.5185185185186034,0.08612398513282324,0.2999999999999998,0.4413248293540705,-0.8897333159450088,-1.2713034424618563,8.244056648656112,5.821888866047048,2.4554755235951893,0.41414141414140987,0.19191919191919282,1.2424242424242815,0.9090909090906586,0.5882352941174898,1.208333333333516,1.0500000000002416,1.055555555555503,1.000000000000379,1.0000000000002585,1.0000000000000355,1.0,0.3333333333333142,-4.320890319848369,48.02266588062472,0.017196571129710098,0.010344270980496593,0.1980198019801998,0.45,0.72,0.08,0.32,0.43,0.43,0.5555555555555665,0.8181818181818225,0.12,0.13861386138613982,0.06674337478274668,-0.9139136862903414,0.04661338879894306,-0.6328499737148001,-0.6328499737148001,0.8775660769900782,-0.2052676332865488,-0.27838650782438723,1.022788394987134,1.022788394987134,-0.3890923760666741,-2.532418698630916,-0.5775592001387831,-0.5775592001387831,-2.982290576009944e-05,-0.19522062884512703,0.10999999999999999,0.10999999999999999,0.3069306930693097,0.08163265306122297
P,3,60,5,Reflectance GREEN,0.21000000000003638,-1.5150763957078368,0.7669902912621359,0.4116968423165194,0.21105527638190802,0.6631911849321104,-0.4853197973448159,-1.1320320319673707,3.320931567022389,2.0897285016019365,1.2343720048866451,0.5929648241205752,0.1306532663316531,2.809523809523814,1.0,0.6190476190476173,4.225806451612904,3.7199999999999704,3.521739130434895,1.2631578947368864,1.13333333333351,1.1666666666665089,1.000000000000533,0.21000000000003638,-21.294883776859635,14.094839627551401,0.05441064067965999,0.01891673252489681,0.12060301507537698,0.27638190954773745,0.425,0.05025125628140681,0.19597989949748654,0.2613065326633154,0.2613065326633154,0.335,0.47,0.07035175879396952,0.08040201005025091,0.04285140903973281,-0.6913203175351998,0.0504608753192153,-0.5650460618378043,-0.5650460618378043,0.7481037220456066,-0.11401365000626815,0.4259645569430449,0.9438119515696963,0.9438119515696963,-0.37906127800774414,-2.264390668764676,1.1986410503923646,1.1986410503923646,-0.00010137802937723086,0.08978034141147317,0.065,0.065,0.225,0.1
P,3,60,5,Reflectance IR,0.21000000000000796,-1.5336220670897278,0.7669902912621359,0.40773778419407214,0.21000000000003638,1.0170102586930476,-0.34141319341250564,-1.1403091384154491,5.288749916469371,2.634108205611976,2.649968650913051,0.5879396984924844,0.13000000000000256,2.7857142857147306,1.0,0.6190476190476158,4.22580645161288,3.6800000000000637,3.521739130434514,1.2105263157897648,1.1333333333333966,1.1666666666665089,1.0000000000007105,0.21000000000000796,2.7370608074176266,1.6281154522269894,0.46960890348776074,0.1637159029819064,0.12060301507537978,0.27638190954773745,0.425,0.050251256281408245,0.19597989949748654,0.26,0.26,0.335,0.47,0.07,0.08040201005025091,0.030021832610826395,-0.695974046706869,0.050690089926163036,-0.5732208997872383,-0.5732208997872383,0.7566870798673635,-0.11259414968597048,0.6171638156879011,0.9547464251110146,0.9547464251110146,-0.3825464541971639,-2.2898071044777817,0.542470644497907,0.542470644497907,-0.005074861417623598,0.4478448604133688,0.065,0.065,0.225,0.10050251256281362
P,3,60,5,Reflectance RED,0.2105276381909622,-1.5127790392113276,0.7669902912621503,0.41446034219794636,0.21105527638191657,0.9418805626851436,-0.36565502410473577,-1.1259865023268325,4.904579027985934,2.5350041764420608,2.3617966496050453,0.5929648241206037,0.1306532663316531,2.8095238095239643,1.0000000000001354,0.6190476190476287,4.2258064516130736,3.719999999999999,3.5217391304353844,1.263157894736905,1.1333333333333966,1.1666666666665089,1.0000000000003553,0.2105276381909622,3.8369202972137284,2.0699926775626643,0.3701617241816614,0.1288285978414524,0.12060301507537718,0.27638190954773745,0.425,0.0502512562814069,0.19597989949748654,0.26,0.26,0.335,0.47,0.07035175879396952,0.08040201005025091,0.03241667210140624,-0.6873801058725446,0.04918964046997811,-0.5704070027957822,-0.5704070027957822,0.7435937370285195,-0.11145332864098778,0.5867108622409867,0.947421082029956,0.947421082029956,-0.37827839078085945,-2.256135657111634,0.6330079063086501,0.6330079063086501,-0.0017706802043377626,0.3708247616025668,0.065,0.065,0.225,0.1
P,3,60,5,Transmittance IR,0.21000000000000796,-1.4403119789897212,0.7745098039215618,0.4273098453509452,0.21608040201005269,0.04194305224878534,-0.6513842625870495,-1.1094269447254252,1.00264849988152,1.4399290216679144,-0.43299669885918707,0.6030150753768759,0.13500000000000512,2.857142857142978,1.0238095238096399,0.6428571428570752,4.290322580645155,3.653846153846238,3.608695652174128,1.263157894736905,1.1333333333336113,1.0769230769232283,1.0,0.21000000000000796,-3.250925326026176,2.859509204026601,0.26680939596108755,0.0931054801988676,0.120301507537689,0.28,0.4271356783919578,0.05,0.195,0.2613065326633154,0.2613065326633154,0.3366834170854256,0.47,0.07035175879396952,0.08500000000000002,0.058689454103815285,-0.6746539319371987,0.055534440853318406,-0.525086799177239,-0.525086799177239,0.7177265264631827,-0.11942501886903628,0.17324503519501422,0.9186762576388838,0.9186762576388838,-0.39558393702116224,-2.1572194578602946,4.529759624070142,4.529759624070142,-0.00031427041477230706,-0.4768660770403655,0.06532663316582885,0.06532663316582885,0.225,0.1
P,3,60,5,Transmittance RED,0.21000000000002217,-1.409462410576582,0.7745098039215618,0.43650649806813846,0.22000000000002728,1.2347217259542678,-0.6505397627843674,-1.0982225010726665,4.832755578780223,2.4863952310105244,2.317803894462276,0.6080402010050121,0.13567839195978923,2.880952380952748,1.047619047619038,0.6428571428571417,4.281250000000106,3.6923076923077427,3.608695652173682,1.3157894736842262,1.1999999999997726,1.0769230769232283,1.0000000000001776,0.21000000000002217,-3.1495027713060915,31.3533452801666,0.02441348511255841,0.008511720709583268,0.12,0.28,0.4271356783919578,0.045226130653266444,0.195,0.2613065326633154,0.2613065326633154,0.33668341708543525,0.47236180904522396,0.07035175879396953,0.08500000000000002,0.05935152129330462,-0.664719848917018,0.05808409990430792,-0.5082669998138791,-0.5082669998138791,0.7038560800963358,-0.1352402492377306,0.17365065633131122,0.9033289087567251,0.9033289087567251,-0.39429035997779976,-2.1166093737902782,4.697124524846471,4.697124524846471,-2.7647491527562716e-05,0.7078532890276299,0.06965174129353266,0.06965174129353266,0.2238805970149252,0.09547738693467293
P,3,60,6,Reflectance GREEN,0.22000000000000064,-1.3321255502891474,0.7977528089887559,0.37991679520808797,0.28999999999999204,0.6443377784731911,-0.44351739035881016,-0.3006817753251059,2.8577045822667158,1.8648522671847676,1.0027344691160796,0.6350000000000051,0.15500000000000114,2.88636363636361,1.3181818181817888,0.7045454545454634,4.031249999999257,3.7037037037039533,3.5833333333327806,1.9000000000000195,1.4374999999999918,1.3076923076924758,1.2499999999989342,0.22000000000000064,-6.2805354859178495,11.50748177256865,0.057644770157116894,0.02457770569559064,0.125,0.285,0.4170854271356765,0.055,0.195,0.255,0.255,0.3316582914572849,0.4170854271356765,0.07035175879396952,0.08999999999999997,0.04707797754995849,-0.487072771333184,-0.1935353625632101,-0.6771366782627919,-0.6771366782627919,0.32478097469882866,0.08589077809692501,0.5297168561823659,0.6550220832804122,0.6550220832804122,0.024776465877166778,-1.6590011729853362,0.9082594036700002,0.9082594036700002,-8.503216375024128e-05,-0.03926388092985478,0.06,0.06,0.3,0.18592964824120517
P,3,60,6,Reflectance IR,0.22000000000000064,-1.3502321391980183,0.7977528089887559,0.37438155907111875,0.2849999999999966,1.0314892639995423,-0.33348723249160334,-0.323627934004356,4.563778590936228,2.2705943111736766,2.3037937114514206,0.6300000000000239,0.15500000000000003,2.863636363636358,1.2954545454545368,0.7045454545452432,4.031249999999882,3.666666666666947,3.5416666666663903,1.850000000000128,1.375000000000444,1.3076923076923035,1.1250000000002665,0.22000000000000064,7.6267703310217,1.2624112056807462,0.5270374516415643,0.22370696158496425,0.12562814070351702,0.285,0.4170854271356765,0.055,0.19597989949748654,0.255,0.255,0.3316582914572849,0.4170854271356765,0.07035175879396952,0.08999999999999997,0.03505891551779501,-0.4947233339361366,-0.19298107121196242,-0.6808615740861622,-0.6808615740861622,0.3359032028690672,0.08533934020391526,0.6513170597745226,0.6682977216735081,0.6682977216735081,0.01457206659430759,-1.6870396975221709,0.5327975213178474,0.5327975213178474,-0.0014602289283047573,0.3527113761444689,0.06,0.06,0.3,0.18592964824120517
P,3,60,6,Reflectance RED,0.22000000000000242,-1.331260455396526,0.7977528089887559,0.38118785151522055,0.2900000000000027,0.975928963566124,-0.34364454740262984,-0.30100261385866495,4.372581977527856,2.21920440747035,2.156816535107461,0.6381909547738573,0.15500000000000114,2.886363636363642,1.3181818181817888,0.7045454545454634,4.031249999999257,3.7037037037039533,3.583333333333136,1.9000000000000852,1.4374999999999667,1.3076923076924758,1.2499999999989342,0.22000000000000242,12.041136079334679,1.7176885786801497,0.3873549803054499,0.1646092085371548,0.125,0.285,0.4170854271356765,0.055,0.195,0.255,0.255,0.3316582914572849,0.4170854271356765,0.07035175879396952,0.08999999999999997,0.03653662336128536,-0.48538289970242143,-0.19424542295238206,-0.6762406142116094,-0.6762406142116094,0.3231960892675033,0.08577678265736659,0.6404442476535143,0.6554984181285661,0.6554984181285661,0.021108632363370624,-1.6539211238872351,0.5754875405455138,0.5754875405455138,-0.000926469134931951,0.29617828695526194,0.06,0.06,0.3,0.18592964824120517
P,3,60,6,Transmittance IR,0.21999999999999886,-1.2444098741750806,0.8,0.4006241619579237,0.3050000000000068,0.12779401943887436,-0.5593609876677492,-0.23976152266972478,0.8356382830956436,1.3995305743894157,-0.5546935348427054,0.6532663316583035,0.16080402010049835,2.954545454545748,1.3863636363636422,0.7272727272727316,3.999999999999914,3.814814814815076,3.599999999999909,2.000000000000009,1.5000000000000444,1.2857142857144597,1.1111111111116725,0.21999999999999886,-2.7938384968082186,3.214958333295396,0.20468673057425774,0.08785020444869555,0.12060301507537632,0.2864321608040188,0.4170854271356765,0.05,0.19095477386934587,0.25125628140703404,0.25125628140703404,0.335,0.4170854271356765,0.07035175879396952,0.09499999999999997,0.061302232929756006,-0.45972971171730903,-0.1933989352134051,-0.6388399974576148,-0.6388399974576148,0.28107490960474524,0.08745656979471567,0.39460124897500504,0.6018318415846939,0.6018318415846939,0.03806001929343831,-1.5266471290860057,1.7027457314090964,1.7027457314090964,-0.00021169134401141705,-0.5359280528537335,0.06030150753768816,0.06030150753768816,0.3015075376884408,0.185
P,3,60,6,Transmittance RED,0.21999999999999886,-1.2204975073620012,0.811111111111103,0.4095516265610137,0.31155778894472447,1.3309431902583813,-0.5543466443678263,-0.2503963895259066,6.286595212167709,2.7018165097095155,3.13156102751492,0.6600000000000001,0.16499999999996362,3.0,1.4186046511627903,0.7499999999997417,4.0303030303028295,3.8518518518511655,3.6400000000000006,2.049999999999808,1.5294117647056857,1.3571428571429731,1.1111111111116725,0.21999999999999886,-2.759085328491532,39.41873442315662,0.016567953057478223,0.007157067692867379,0.12060301507537632,0.2864321608040188,0.42,0.05,0.19095477386934587,0.25125628140703404,0.25125628140703404,0.335,0.42,0.07035175879397153,0.0954773869346729,0.06161296241432085,-0.44930886476999893,-0.19162918456021,-0.6281330292084815,-0.6281330292084815,0.27178962405715557,0.07327019956368303,0.40219323580840216,0.5943327807296428,0.5943327807296428,0.029852144689323026,-1.4876154572687637,1.7048783289216909,1.7048783289216909,-1.660458973292702e-05,0.747326210542174,0.06030150753768816,0.06030150753768816,0.305,0.185929648241206
P,3,60,7,Reflectance GREEN,0.23499999999999943,-0.9761922521344671,1.0919540229885056,0.4439040275230538,0.3919597989950277,0.1829177025798439,-0.14862410270682624,-0.9259090419223722,2.5603693717485965,2.4955667226838845,0.06716613930619753,0.6884422110552469,0.23499999999999943,2.9148936170214697,1.6808510638297744,1.0,3.694444444444418,3.5333333333333408,3.2142857142857215,2.3913043478257,1.9473684210526787,1.8749999999996003,1.5454545454539816,0.23499999999999943,-3.5667689004516925,9.986389696758202,0.07096690579567069,0.030630049619277226,0.11557788944723565,0.3919597989949731,0.56,0.045,0.18,0.305,0.34,0.45728643216080195,0.5728643216080376,0.075,0.21500000000000002,0.052684328759038015,-0.33527623373654514,-0.12760570906583324,-0.11177262670393068,-0.12956721704184432,0.19036035663451095,-0.005056582593624551,0.8511240878562041,0.864632552847415,0.8476607525106088,-0.7352318592797654,-1.1676833321723876,0.7265565739670747,0.7265565739670747,-4.118449657518629e-05,0.05551953992980031,0.12562814070351702,0.16000000000000003,0.3366834170854256,0.2412060301507531
P,3,60,7,Reflectance IR,0.23499999999998522,-0.9836344467120354,1.0919540229885056,0.4386545861103544,0.38999999999998636,0.41478491678573204,-0.11849849152588915,-0.9396237453429598,4.176654363792922,2.986081702000855,1.196993853700938,0.6834170854271394,0.231155778894461,2.9148936170212933,1.6595744680852735,0.9999999999998764,3.694444444444418,3.533333333333207,3.1785714285716895,2.3478260869564465,1.9473684210526787,1.874999999999778,1.454545454545619,0.23499999999998522,-16.97603603480109,1.0674491896560117,0.6651809721184367,0.28713564908732947,0.11557788944723565,0.3919597989949731,0.56,0.045,0.18,0.305,0.34,0.45728643216080195,0.5728643216080376,0.075,0.2110552763819086,0.04034906050926071,-0.33682814187814314,-0.12710790807857295,-0.1104829297011665,-0.1263250323285107,0.19245675105471005,-0.0027797699955081547,0.8813615317405381,0.8733202568233884,0.8580818532279268,-0.7473030064443225,-1.1765917117881757,0.529785090046107,0.529785090046107,-0.0005465850990670753,0.29577825339993047,0.12562814070351702,0.16000000000000003,0.3366834170854256,0.24310301507538323
P,3,60,7,Reflectance RED,0.23499999999999943,-0.9767697000050033,1.093023255813946,0.44201569599789414,0.3949999999999818,0.39778185678199096,-0.11557347758712838,-0.9247708811525719,4.1334255620215,2.973233019257643,1.1620675367762914,0.6884422110552755,0.23499999999999943,2.936170212765777,1.68085106382981,1.0,3.694444444444442,3.566666666666509,3.2142857142859462,2.3913043478259475,1.9473684210526787,1.874999999999778,1.5454545454539816,0.23499999999999943,-13.355331386630091,1.5397098465561991,0.4561362986318903,0.19929523536051508,0.11557788944723565,0.3919597989949731,0.5614070351758782,0.045,0.18,0.305,0.34,0.45728643216080195,0.5728643216080376,0.075,0.21500000000000002,0.04098803658523646,-0.33503456773000917,-0.12844624340862887,-0.11324270559868291,-0.12904482222950814,0.18925139370280009,-0.002065684748507742,0.8842564998922293,0.8635492135293659,0.8473837719774657,-0.7340378969066798,-1.1657028690509676,0.5412942374645147,0.5412942374645147,-0.0003636983774834091,0.27459141735484455,0.125,0.16000000000000003,0.34,0.24561557788944666
P,3,60,7,Transmittance IR,0.2311557788944753,-0.9287198683705891,1.0919540229885056,0.46936770224544533,0.4199999999999875,-0.24024900922188963,-0.16174065322173836,-0.8620045757665449,0.8935283897698058,2.0066739774771056,-1.1262675617588638,0.7050000000000125,0.24500000000000455,3.0652173913040364,1.8043478260869588,1.043478260869588,3.7777777777773567,3.580645161290308,3.4285714285700943,2.5,2.05263157894732,1.8823529411764535,1.6363636363634955,0.2311557788944753,-2.318826173297667,4.369592874245312,0.1595989413198749,0.06895524582565019,0.11055276381909497,0.395,0.5577889447236196,0.04,0.175,0.2964824120603001,0.34,0.46,0.575,0.07500000000000001,0.22110552763818994,0.06723446506362402,-0.318689918146255,-0.1257558283053668,-0.10611880994494316,-0.13058154567244704,0.17085955336904363,-0.005542255612359237,0.8376619193433955,0.8219443235908437,0.7980084676276819,-0.6919875683065744,-1.0989996013311298,0.9893793121332808,0.9893793121332808,-7.170976918528785e-05,-0.371901844506228,0.125,0.16582914572864246,0.3417085427135663,0.24623115577889335
P,3,60,7,Transmittance RED,0.2311557788944896,-0.9091742961915033,1.108496732026138,0.4820554294005555,0.42786069651741737,0.969168499427234,-0.15767846720443546,-0.8697444978843589,7.407751623370915,4.002013641912445,3.410530809581802,0.7135678391959837,0.2481154831901118,3.0652173913044294,1.8478260869564773,1.0652173913042833,3.7499999999999942,3.6129032258065226,3.4137931034487354,2.5833333333332544,2.0500000000000282,1.9374999999999631,1.6363636363634955,0.2311557788944896,-2.3276564448495978,60.134149205410885,0.01174056752831254,0.005034433481672222,0.11055276381909497,0.3960396039603913,0.545,0.0398009950248758,0.17258883248730975,0.2964824120603001,0.3432835820895538,0.4623115577889426,0.5728643216080376,0.07462686567164215,0.225,0.06709578366238574,-0.3188390786732782,-0.1147243881203086,-0.08916718618902905,-0.14625066284775234,0.17928823105377706,-0.04465396453682171,0.841467518985562,0.823549639945028,0.7748224647841069,-0.6902628624564862,-1.0892810101675776,1.029932510305478,1.029932510305478,-4.991997735940961e-06,0.8189586761458805,0.12121212121212063,0.16999999999999998,0.34,0.23115577889447297
P,3,90,5,Reflectance GREEN,0.24626865671642661,-1.6100557280071515,1.2399999999999916,0.3660917851766208,0.2313432835820886,0.9012358766780681,-0.4494027013986109,-1.4519267960883055,5.787709972600124,3.1314973835908186,2.6577676769225476,0.3880597014925407,0.14925373134327788,1.5757575757575966,0.9393939393938298,0.6060606060606005,3.6250000000007403,1.6000000000000143,3.263157894735929,1.0666666666667992,1.0000000000000593,1.0000000000000355,1.0,0.24626865671642661,4.778545287215922,19.983435391115957,0.032426234890218036,0.01637728525118167,0.14179104477612806,0.3308270676691698,0.514925373134338,0.052631578947369057,0.23308270676691012,0.31343283582090137,0.31343283582090137,0.4060150375940072,0.5789473684210595,0.08955223880596992,0.09701492537313615,0.04241408919376972,-0.836224531919012,0.1791997528750703,-0.5598986108041342,-0.5598986108041342,0.9585574217503766,-0.23893066090938364,0.45396633417146176,1.0545745226040923,1.0545745226040923,-0.4939940072488299,-2.5676793489328276,0.8092288270362634,0.8092288270362634,-0.00019643938257154483,0.3364952482668965,0.08208955223880662,0.08208955223880662,0.31343283582088804,0.15037593984961944
P,3,90,5,Reflectance IR,0.24626865671641765,-1.6106669769374722,1.2399999999999916,0.36493922950237834,0.23134328358208575,0.973037040582956,-0.2823554971630456,-1.4461472448056227,6.948085724268325,3.5471839119587405,3.379696483138504,0.388059701492531,0.14925373134327788,1.5757575757574975,0.9393939393938298,0.6060606060606009,3.625000000000311,1.5999999999996022,3.210526315789584,1.066666666666995,1.0000000000001183,1.000000000000142,1.0,0.24626865671641765,1.0773831271063665,2.261236956890062,0.2866518348370928,0.14467371198457823,0.14179104477612206,0.33082706766916276,0.514925373134338,0.052631578947369057,0.23134328358210368,0.31343283582090137,0.31343283582090137,0.4060150375939898,0.5789473684210534,0.08955223880596992,0.09701492537313615,0.026626158634639418,-0.8347950896733731,0.17724026408324584,-0.5625001713558403,-0.5625001713558403,0.9564253440190815,-0.23519588781875725,0.6826388926150351,1.0548791801880248,1.0548791801880248,-0.4909400239449025,-2.5680453793821627,0.3117500890078884,0.3117500890078884,0.0008895685995161086,0.40985824128975046,0.0820895522388062,0.0820895522388062,0.31343283582088804,0.15037593984962266
P,3,90,5,Reflectance RED,0.2462686567164179,-1.6031197826044665,1.2399999999999916,0.3682048863282856,0.23134328358209066,0.9185332304442712,-0.3150910978037797,-1.4392726577516108,6.400825699873554,3.350988300567153,3.0458002567300944,0.3805970149253573,0.14925373134327788,1.5454545454543263,0.9393939393939107,0.6060606060606009,3.666666666666509,1.5000000000008527,3.263157894736905,1.066666666666995,1.0000000000000593,1.0000000000002842,1.0,0.2462686567164179,1.3947802199064252,2.7914028066180734,0.2321551214326513,0.11715058862046632,0.14179104477612806,0.33082706766916276,0.514925373134338,0.052631578947368494,0.23308270676691012,0.31343283582090137,0.31343283582090137,0.4060150375939898,0.5789473684210595,0.08955223880597017,0.09701492537313615,0.02985325054421293,-0.8294585803505372,0.17514123061891443,-0.5567568489767377,-0.5567568489767377,0.9476941483277735,-0.23323488381833415,0.6408867888720922,1.049894065947068,1.049894065947068,-0.4941678607886975,-2.551649125695423,0.38154581862616427,0.38154581862616427,0.0012836796451709126,0.3636794482602572,0.08208955223880662,0.08208955223880662,0.31343283582088804,0.15037593984961944
P,3,90,5,Transmittance IR,0.24626865671642661,-1.5929032593103682,1.240000000000062,0.37607427612185174,0.23134328358209558,0.7940474316801,-0.7379530440828623,-1.4275031886535796,3.3181384395608013,2.2574617342926664,1.0544251535685025,0.373134328358208,0.14925373134329592,1.515151515151523,0.9393939393939511,0.6060606060606009,3.520000000000209,1.4999999999994316,3.315789473684226,1.0666666666667992,1.0,1.0,1.0,0.24626865671642661,-3.6656090203184726,3.1015195880997326,0.20855845131840567,0.10555477746237756,0.14179104477612206,0.3308270676691769,0.518796992481187,0.05263157894736793,0.23308270676691012,0.3157894736842008,0.3157894736842008,0.41044776119402016,0.5820895522388045,0.08955223880597087,0.09701492537313615,0.07020856486468093,-0.8262665145484172,0.17930385744728722,-0.5530010965260229,-0.5530010965260229,0.9446236477193283,-0.23899213974155853,-0.03729521697476057,1.0399830576528504,1.0399830576528504,-0.48732089402433487,-2.5365419588041487,-19.60326884582582,-19.60326884582582,-0.0004168777160577779,0.24151706169426734,0.0820895522388075,0.0820895522388075,0.3134328358208947,0.1492537313432927
P,3,90,5,Transmittance RED,0.2462686567164426,-1.5848025615721186,1.240000000000062,0.38138245738056487,0.23134328358212816,1.0753023297836415,-0.7496106959104021,-1.4330877739264924,7.198196222354666,3.6716922845509945,3.536464326778872,0.7014925373134144,0.14925373134331396,2.8181818181818534,0.9393939393939511,0.6060606060606009,3.5599999999999454,3.6499999999986925,3.315789473684226,1.066666666666995,1.0,1.0,1.0,0.2462686567164426,-3.4662989035822607,31.345482669804746,0.02067894566967996,0.010462952030525666,0.14179104477612206,0.3308270676691769,0.5187969924812036,0.05223880597015245,0.23308270676691012,0.3157894736842008,0.3157894736842008,0.4104477611940288,0.5820895522388169,0.08955223880597087,0.09701492537314026,0.07159032716903614,-0.8212052687527787,0.17899447495033743,-0.5524862973986151,-0.5524862973986151,0.9377173110068643,-0.24127237818590436,-0.059773765875283595,1.0390153983642667,1.0390153983642667,-0.49054902627401653,-2.5241327178159505,-12.683001133137084,-12.683001133137084,-3.9904672870887314e-05,0.5167704669265395,0.0820895522388075,0.0820895522388075,0.31343283582088804,0.14925373134328637
P,3,90,6,Reflectance GREEN,0.2537313432835998,-1.4258516960701635,1.2545454545454549,0.31843574933577684,0.25563909774436655,0.6463291427598787,-0.5303179006850359,-0.9907516439706548,4.653289459347386,3.035580925811023,1.6195348850500983,0.6766917293232848,0.16417910447761241,2.6470588235295396,1.0000000000000417,0.6470588235294019,3.3846153846154854,3.2857142857141506,1.4210526315791678,1.187500000000011,1.1666666666665089,1.0999999999998864,1.1666666666665089,0.2537313432835998,178.02612595209644,13.783651782437166,0.0546393957115982,0.0247359629172641,0.14179104477612206,0.3432835820895514,0.5373134328358196,0.04511278195488776,0.23880597014924806,0.3208955223880589,0.3208955223880589,0.4179104477612019,0.589552238805975,0.09701492537313408,0.1044776119403049,0.04888717242225446,-0.7283658172486722,0.03423937452992792,-0.564945060148238,-0.564945060148238,0.6952049817237379,-0.11622031357971671,0.36906046353631533,0.8625357452336699,0.8625357452336699,-0.2983463586259643,-2.1205246832868183,1.0281904695442112,1.0281904695442112,-0.00012841767233483196,0.08249767646205575,0.0820895522388075,0.0820895522388075,0.27611940298506804,0.10526315789473586
P,3,90,6,Reflectance IR,0.2537313432835998,-1.4349321849769137,1.2407407407406468,0.31613568193570063,0.2556390977443452,0.6977137907545188,-0.3553177462768495,-1.0040883627992874,5.9710753490328825,3.538737170894287,2.4256277999222107,0.6716417910447734,0.1641791044776111,2.64705882352936,1.0,0.6470588235294019,3.3846153846154854,3.285714285713435,1.4210526315788687,1.1874999999999585,1.1666666666665089,1.0999999999998864,1.1666666666665089,0.2537313432835998,2.0097136644845874,1.6062669456870275,0.46986309122369924,0.2122930098884729,0.14179104477612206,0.3432835820895514,0.5373134328358081,0.04511278195488776,0.23880597014924806,0.3208955223880589,0.3208955223880589,0.41791044776119746,0.5895522388059686,0.09701492537313408,0.10447761194030047,0.0327106453693743,-0.7311835459668093,0.0339301567619098,-0.5660522903419519,-0.5660522903419519,0.7019096843332004,-0.11558133966573104,0.6021268009960822,0.8693922350834554,0.8693922350834554,-0.3039210137589376,-2.1373942598210243,0.39307937279754324,0.39307937279754324,0.015781547423220025,0.1337247135003682,0.0820895522388075,0.0820895522388075,0.2706766917293265,0.10526315789473362
P,3,90,6,Reflectance RED,0.2537313432835998,-1.423714466804293,1.2407407407407776,0.32008922315671784,0.2556390977443988,0.6514378939602012,-0.38350268354775646,-0.9794930059230517,5.558989027155775,3.3867711872290034,2.171927746137189,0.6766917293233282,0.16417910447761416,2.6470588235295396,1.0000000000003344,0.6470588235294019,3.3846153846154854,3.28571428571427,1.4736842105261898,1.187500000000011,1.1666666666665089,1.0999999999998864,1.1666666666663508,0.2537313432835998,2.638399005978701,2.0620586296441896,0.36623488460800446,0.1654418786321178,0.14179104477612206,0.3432835820895514,0.5373134328358196,0.04511278195488776,0.23880597014924806,0.3208955223880589,0.3208955223880589,0.4179104477612019,0.5895522388059719,0.09701492537313408,0.10447761194030047,0.03544314629361376,-0.725514256686262,0.03203517402891129,-0.564872593063242,-0.564872593063242,0.6920674772476898,-0.11447496983160764,0.5668656323721879,0.8588191269529961,0.8588191269529961,-0.2944235399004986,-2.1169371278275553,0.4630978375268787,0.4630978375268787,-0.004584810485551062,0.09674934376307698,0.0820895522388075,0.0820895522388075,0.2706766917293236,0.10447761194030047
P,3,90,6,Transmittance IR,0.2537313432835998,-1.3936621180622542,1.2592592592592966,0.32764960884630073,0.261194029850757,0.5304793094758778,-0.7684304891595596,-0.9747052796250634,2.245039033790422,2.1052099749968503,0.14637320200967174,0.6917293233082695,0.1641791044776284,2.705882352941211,1.0294117647058554,0.6470588235294019,3.3846153846154854,3.380952380951698,1.5263157894738102,1.187500000000011,1.076923076923447,1.0909090909090087,1.166666666664456,0.2537313432835998,-3.1848459980695982,2.872536187601336,0.25805113675138397,0.11892878754825233,0.14179104477612053,0.343283582089555,0.5373134328358309,0.04477611940298591,0.23880597014924806,0.3208955223880589,0.3208955223880589,0.42105263157893447,0.5939849624060476,0.09701492537313434,0.10526315789473699,0.07100200820538868,-0.7179102182642557,0.03620306520354929,-0.5564835498660119,-0.5564835498660119,0.677418272797513,-0.11978747033697129,0.00529063783231777,0.8509527533385469,0.8509527533385469,-0.29462012036103663,-2.071797333643547,62.69745080191761,62.69745080191761,-0.0003601707747874825,-0.016715284666123487,0.08270676691729067,0.08270676691729067,0.27611940298507687,0.10526315789473699
P,3,90,6,Transmittance RED,0.2556390977443133,-1.3792799821430644,1.2727272727272685,0.3335527012074119,0.26315789473676565,0.8638573474468434,-0.7732818460073256,-0.9510240362755634,6.252293500071037,3.675924718527304,2.5792588511105747,0.6992481203007507,0.16417910447763187,2.7352941176470305,1.0294117647058554,0.6470588235294087,3.3846153846154854,3.380952380951427,2.105263157894792,1.187500000000011,1.0769230769232283,1.090909090908997,1.000000000000203,0.2556390977443133,-3.093574701049291,31.822183922172737,0.02339749610553086,0.01075912769483095,0.14179104477611942,0.34328358208955867,0.5413533834586415,0.04477611940298591,0.23308270676692008,0.3208955223880589,0.3208955223880589,0.42105263157895245,0.5970149253731328,0.09701492537313615,0.11194029850746004,0.07177178255150235,-0.7098301231053036,0.03506921254497868,-0.5462075957374649,-0.5462075957374649,0.6648918943214357,-0.12025652229503336,-0.00048661974838981023,0.8321137248819187,0.8321137248819187,-0.2870197612693712,-2.046007389564483,-24.602236931874383,-24.602236931874383,-3.1775579114105425e-05,0.3171344908150521,0.08270676691729245,0.08270676691729245,0.27611940298509147,0.10526315789473642
P,3,90,7,Reflectance GREEN,0.261194029850757,-1.3119933852429397,1.0158730158730562,0.37719722313779414,0.29850746268655576,0.676581970291981,-0.50145061857081,-0.5635264315085465,4.547637537681973,2.9644837389034695,1.57263791170161,0.559701492537312,0.17910447761194284,2.142857142857004,1.1428571428570036,0.6857142857142672,3.1851851851854502,2.4090909090907067,2.149999999999261,1.4374999999999667,1.2307692307692475,1.1818181818179938,1.0,0.261194029850757,-15.180210104554684,12.41827146567185,0.0783207872564615,0.028586954981578115,0.14285714285713846,0.35074626865670805,0.5223880597015023,0.04511278195488776,0.23880597014924806,0.31578947368420757,0.31578947368420757,0.41791044776118413,0.5597014925373239,0.0970149253731346,0.11194029850746474,0.051125331663935895,-0.5982987239783334,-0.1395493644247159,-0.6043991743721726,-0.6043991743721726,0.4652741981407404,-0.057582424373717994,0.4374452673270937,0.705883352418308,0.705883352418308,-0.10189454863387827,-1.7774143853499038,1.0314332624606632,1.0314332624606632,-0.00011041257038341834,0.06190610751318448,0.08208955223880575,0.08208955223880575,0.21641791044776063,0.05263157894736681
P,3,90,7,Reflectance IR,0.261194029850757,-1.320930155371678,1.0158730158730562,0.372535714746715,0.29323308270674764,0.6925491199558644,-0.3528808841518119,-0.5768640098580681,5.535295790031366,3.292237456818868,2.2360841440360097,0.5563909774436059,0.17910447761194284,2.1142857142857747,1.1142857142857747,0.6857142857142672,3.1851851851854502,2.3636363636368567,2.100000000000128,1.437499999999889,1.2307692307692413,1.1818181818179938,1.0,0.261194029850757,2.9856840112380767,1.395927938324652,0.6963447605088124,0.25388162922833774,0.14285714285714152,0.3458646616541395,0.5223880597015023,0.05223880597014802,0.23880597014924806,0.31578947368420923,0.31578947368420923,0.41791044776118413,0.5597014925373239,0.09701492537313408,0.11194029850746474,0.035826671989453544,-0.6042152014661999,-0.13752318550167153,-0.6098864477351407,-0.6098864477351407,0.473298569694133,-0.057804000890883986,0.6181659433141666,0.7124726908876627,0.7124726908876627,-0.10174075524636458,-1.7948666566437956,0.4898803558844452,0.4898803558844452,-0.0038926015926940903,0.08364412541257837,0.08208955223880597,0.08208955223880597,0.21641791044776063,0.05223880597015024
P,3,90,7,Reflectance RED,0.261194029850757,-1.31053197698032,1.0158730158730562,0.37763857931377137,0.2985074626865688,0.6702675506692304,-0.36724918565923675,-0.5591242972920336,5.298219806469571,3.2220166486365374,2.071880838585251,0.5597014925373179,0.17910447761194284,2.142857142857004,1.1428571428570964,0.6857142857142672,3.1851851851854502,2.4090909090909265,2.1499999999997086,1.4375000000000013,1.2307692307692475,1.1818181818179938,1.000000000000203,0.261194029850757,3.671211592977898,1.9019550320319014,0.511289853944045,0.18640207885487847,0.14285714285713846,0.35074626865670805,0.5223880597015023,0.04511278195488776,0.23880597014924806,0.31578947368420757,0.31578947368420757,0.41791044776118413,0.5597014925373239,0.09701492537313434,0.11194029850746474,0.03751177506944832,-0.597711149862962,-0.14035035314675112,-0.6042546761717305,-0.6042546761717305,0.46383412096523363,-0.05580681781431593,0.6015360162098129,0.7041927681294462,0.7041927681294462,-0.09927494916463006,-1.7741097404288164,0.5366211251160707,0.5366211251160707,-0.0019391601163491977,0.06368959087640003,0.08208955223880597,0.08208955223880597,0.21641791044776063,0.05223880597015024
P,3,90,7,Transmittance IR,0.261194029850757,-1.2673339696474655,1.0322580645160608,0.387425674950368,0.305970149253728,0.4041767543394554,-0.7019909042870326,-0.5246599241819285,1.9341306520837016,2.1220326270204657,-0.19517058376860663,0.5714285714285897,0.18045112781951514,2.171428571428757,1.1714285714285668,0.6857142857142848,3.222222222222012,2.4545454545458774,2.200000000000114,1.499999999999467,1.2307692307694662,1.1818181818179938,1.1428571428560987,0.261194029850757,-3.0041607631281995,3.3196390260037965,0.2924447282801564,0.10671374389462135,0.14179104477612206,0.35074626865670805,0.526315789473668,0.04477611940298591,0.23308270676691759,0.31343283582091463,0.31343283582091463,0.417910447761193,0.563909774436097,0.09701492537313511,0.112781954887217,0.07136471683624908,-0.5820314734560916,-0.14268065693578394,-0.5890604843694599,-0.5890604843694599,0.43688680077327546,-0.054442871721596224,0.1902558701621558,0.6764702753577536,0.6764702753577536,-0.08654768156990045,-1.704996183570266,3.5194774932257737,3.5194774932257737,-0.0002672202810189892,-0.17936292581895913,0.08208955223880662,0.08208955223880662,0.2164179104477652,0.05263157894736793
P,3,90,7,Transmittance RED,0.2611940298507681,-1.2518932807585472,1.0322580645161081,0.39163311662185546,0.3082706766917294,1.0034183831305743,-0.6966995169476781,-0.5107305916199462,7.999790547731956,4.103905717805306,3.869182600531275,0.5789473684210459,0.18045112781955788,2.1999999999999797,1.1714285714285946,0.6944444444444181,3.2222222222221752,2.4545454545458774,2.200000000000114,1.4705882352942259,1.3076923076914668,1.1818181818181466,1.1428571428560987,0.2611940298507681,-2.970786086964627,40.15159915120772,0.0240651027427276,0.008857861069431346,0.14179104477612206,0.3507462686567155,0.5263157894736905,0.04477611940298591,0.23308270676691012,0.31343283582091463,0.31343283582091463,0.417910447761193,0.5671641791044642,0.09701492537313615,0.11278195488721941,0.0716181256884107,-0.5741464519808033,-0.14328627932447296,-0.5837287578421593,-0.5837287578421593,0.4216904542868449,-0.055394823607898325,0.19509657485569523,0.6663670293095906,0.6663670293095906,-0.08316629649485806,-1.6753491213299045,3.498659581932688,3.498659581932688,-2.178881713847806e-05,0.42244215565625376,0.0820895522388075,0.0820895522388075,0.21804511278194816,0.05263157894736793
P,3,120,5,Reflectance GREEN,0.2799999999999727,-1.49004152279164,2.41304347826107,0.1597559814411265,0.2599999999999909,0.6574974722550924,-0.4148752337812439,-1.2249283254771632,7.32058554335124,4.460515219253889,2.857986235979284,0.35999999999999943,0.17000000000001592,1.2857142857142785,0.9285714285714866,0.6071428571429115,1.6666666666669374,1.0588235294120598,1.0624999999999556,1.0,1.0,1.1249999999991118,1.0,0.2799999999999727,1.5545424750483305,27.57622736880682,0.020892257271036045,0.014007675203780282,0.16,0.3838383838383803,0.63,0.05,0.2626262626262602,0.36,0.36,0.48,0.8383838383838307,0.11,0.12,0.03629752174491071,-0.9106861962240937,0.12416702917939956,-0.5514553257476218,-0.5514553257476218,0.8447911610911008,-0.22724624734855475,0.5113442248071607,0.9337220435374229,0.9337220435374229,-0.38221667409754223,-2.3367008535107363,0.22154086344527002,0.22154086344527002,0.00021674279239943363,0.09828216597448264,0.09999999999999998,0.09999999999999998,0.4,0.21
P,3,120,5,Reflectance IR,0.2799999999999727,-1.4885408490301981,2.3913043478259928,0.1560272402383644,0.2599999999999909,0.6823503880550736,-0.23701771396522486,-1.2129223257915651,8.059774400028104,4.802757283826503,3.2478640193020825,0.36000000000001364,0.17000000000001592,1.2857142857142785,0.9285714285714866,0.6071428571429115,1.666666666666692,1.0588235294120598,1.062499999999936,1.0,1.0,1.1249999999991118,1.0,0.2799999999999727,0.5300813166523153,3.2196139397286965,0.1788189319924874,0.1199927311332365,0.16,0.3838383838383803,0.63,0.05,0.2626262626262602,0.36,0.36,0.48,0.8399999999999761,0.11,0.12,0.020664780076207777,-0.908488386696986,0.12230246579320977,-0.555921140496245,-0.555921140496245,0.8429060520150224,-0.229098712397298,0.7408874459387942,0.9267556051887125,0.9267556051887125,-0.37324562296806746,-2.3318799723952393,0.07854615210750862,0.07854615210750862,0.00023189047187357543,0.12109490729918265,0.09999999999999998,0.09999999999999998,0.4,0.20202020202020018
P,3,120,5,Reflectance RED,0.2799999999999727,-1.4852206091751854,2.4347826086956528,0.1646566441639986,0.259999999999998,0.646665304448397,-0.27401457845124,-1.209532622902971,7.4013934034466065,4.527784434966614,2.8736841605041445,0.36000000000001364,0.17000000000001592,1.285714285714293,0.9285714285714866,0.6071428571429115,1.6666666666665764,1.1176470588234113,1.0624999999999556,1.0,1.0000000000002842,1.1249999999991118,1.0,0.2799999999999727,0.6739632073066718,3.876441685176442,0.14694723488755024,0.10001070921956143,0.16,0.38383838383839136,0.63,0.05,0.2626262626262602,0.36363636363636026,0.36363636363636026,0.48,0.84,0.11,0.12,0.023971092681663753,-0.9054847724394541,0.12031155808225338,-0.5522208798352866,-0.5522208798352866,0.8370434873111814,-0.23341690256484243,0.6958783695938777,0.9256635421821489,0.9256635421821489,-0.37552135564224787,-2.3237477070763903,0.10464164385909616,0.10464164385909616,0.00026849105806376136,0.09071966654599878,0.09999999999999998,0.09999999999999998,0.41,0.21
P,3,120,5,Transmittance IR,0.2799999999999727,-1.4843404190765748,2.5454545454544406,0.16835092753222425,0.259999999999998,0.6357698872490221,-0.8035031167896385,-1.2156919531826433,5.9384880290354065,3.8837348844373887,2.048444752723676,0.36000000000001364,0.17000000000001592,1.285714285714293,0.9285714285714866,0.6071428571429115,1.6666666666665764,1.1176470588234113,1.0624999999999902,1.0,1.000000000000142,1.1249999999991118,1.0,0.2799999999999727,-6.609913070151482,3.951418791141659,0.14311865192046824,0.09811086060966717,0.16,0.38383838383839136,0.63,0.05,0.2626262626262602,0.36363636363636026,0.36363636363636026,0.48,0.84,0.11,0.12,0.07015787811081095,-0.9054565984316338,0.12308019771574341,-0.5538431733621043,-0.5538431733621043,0.8364336909995647,-0.23728313244107022,-0.1298083992108876,0.9280247889361487,0.9280247889361487,-0.37711040880990065,-2.321072052480524,-2.104466584637202,-2.104466584637202,-0.0004338154347487365,0.06630671599488802,0.09999999999999998,0.09999999999999998,0.41,0.21212121212121093
P,3,120,5,Transmittance RED,0.2799999999999727,-1.482155594644449,2.2400000000003004,0.1448896631242288,0.26000000000000156,0.7373690796023511,-0.8308975180694812,-1.2064744303330912,8.922825262730036,5.186253691556946,3.73845090345839,0.36000000000001364,0.17000000000001592,1.285714285714409,0.9285714285714866,0.6071428571428916,1.6666666666659449,1.1176470588227032,1.062499999999971,1.0,1.0000000000000533,1.1249999999987566,1.0,0.2799999999999727,-5.608440580500282,37.81780747404911,0.01588511948969131,0.010219790227570065,0.16,0.38383838383839136,0.63,0.05,0.2626262626262602,0.36363636363636026,0.36363636363636026,0.48,0.8383838383838307,0.11,0.12,0.07241158911589209,-0.9044387587009173,0.12443747871583909,-0.5571147488506639,-0.5571147488506639,0.8349951273477251,-0.2371635290691661,-0.18226192665396487,0.9252852830390725,0.9252852830390725,-0.36730852325055635,-2.317854912038765,-1.4080598373244082,-1.4080598373244082,-4.310957300166105e-05,0.18210866145510374,0.09999999999999998,0.09999999999999998,0.38579674293960575,0.19
P,3,120,6,Reflectance GREEN,0.3030303030303017,-1.6341519759676455,1.9062500000000002,0.06929546394196295,0.27000000000003865,0.5365645677218683,-0.471313457239204,-1.3891218108502146,6.974050871671987,4.653795270273529,2.3361819217380084,0.3737373737373749,0.18000000000000682,1.2333333333333019,0.8999999999999965,0.5999999999999053,2.04545454545424,1.055555555555503,1.0,1.000000000000203,1.0,1.0,0.999999999999929,0.3030303030303017,2.044093967953997,24.944131895264597,0.03198128661105256,0.01740721374611615,0.18,0.42,0.67,0.07,0.29,0.4,0.4,0.52,0.81,0.10999999999999999,0.13,0.03729928912432893,-0.9562568996396666,0.12177204233518965,-0.5900734812497187,-0.5900734812497187,0.9407294988690069,-0.20864769500674785,0.4277476214148872,1.0428112568195003,1.0428112568195003,-0.4553209923536625,-2.5754497856106706,0.13231031490902756,0.13231031490902756,0.0011305140981401531,-0.06275629114353443,0.10101010101010084,0.10101010101010084,0.28282828282828837,0.08
P,3,120,6,Reflectance IR,0.30303030303031175,-1.6335481473800229,1.9062500000000002,0.07119864441973274,0.27000000000003865,0.5163167846401097,-0.28715422488319664,-1.3800237039438432,7.226802198316707,4.789717559512954,2.4439268242262333,0.3737373737373749,0.18000000000000682,1.2333333333333019,0.9,0.5999999999999053,2.0000000000002585,1.055555555555503,1.0,1.000000000000203,1.0,1.0,1.0,0.30303030303031175,0.6973059232711757,2.7940746239506433,0.2852919544525529,0.155621534236017,0.18,0.42,0.67,0.07,0.29,0.4,0.4,0.52,0.81,0.10999999999999999,0.13,0.02278575898681658,-0.9520447888283109,0.11640195987848141,-0.5961342346098971,-0.5961342346098971,0.9329195358564601,-0.20434948066473171,0.6784759786268296,1.0425872314118605,1.0425872314118605,-0.45011234670988093,-2.565165588349011,0.04834873240760681,0.04834873240760681,0.0003799687725118522,-0.07711132859275183,0.10101010101010012,0.10101010101010012,0.2828282828282843,0.08
P,3,120,6,Reflectance RED,0.30303030303031175,-1.6283215043406485,1.9062500000000002,0.07352056366204772,0.27272727272725183,0.4994281035076817,-0.3225124305272087,-1.370371611042379,6.955552854062048,4.667786693282531,2.2902585991806275,0.37999999999999545,0.18000000000000682,1.2333333333333019,0.9000000000000853,0.5999999999999053,1.9999999999997415,1.055555555555503,1.0000000000000209,1.000000000000203,1.0,1.0,1.0,0.30303030303031175,0.8580928965816832,3.486684314447383,0.2282031044889912,0.12469435230394242,0.18,0.42,0.67,0.07,0.29,0.4,0.4,0.52,0.81,0.10999999999999999,0.13,0.025569062379125408,-0.9486177999080859,0.11384499259276457,-0.596656016979214,-0.596656016979214,0.9279069211491829,-0.20519079584412542,0.6337828951385008,1.034408618531909,1.034408618531909,-0.44636077935754104,-2.554473444909359,0.060734205370165634,0.060734205370165634,0.0004178651180767185,-0.0944646027222617,0.10101010101010084,0.10101010101010084,0.29,0.08
P,3,120,6,Transmittance IR,0.30303030303031175,-1.6271200944455149,1.9677419354838135,0.07343157673691031,0.27272727272725183,0.5118505333608264,-0.8487508453338021,-1.3606974817422848,5.102877961294523,3.7728048583955363,1.3208713780356458,0.37999999999999545,0.18000000000000682,1.2333333333333019,0.9000000000000853,0.5999999999998106,1.9545454545454515,1.0555555555548537,1.0000000000000417,1.000000000000203,1.0,1.0,1.0,0.30303030303031175,-5.68951161762622,4.062250391848037,0.19566159568380984,0.10732742093311631,0.18,0.42,0.67,0.07,0.29,0.4,0.4,0.52,0.81,0.10999999999999999,0.13,0.06704615907147525,-0.9505329921581384,0.11881194986932414,-0.5924788961247694,-0.5924788961247694,0.9289698016184229,-0.21529667367716748,-0.24004899016176012,1.0286556752735663,1.0286556752735663,-0.4403902138468197,-2.5552288390251174,-0.5427292349219535,-0.5427292349219535,-0.0004027491731814551,-0.09076050363512778,0.10101010101010156,0.10101010101010156,0.29,0.08
P,3,120,6,Transmittance RED,0.30303030303036915,-1.6214864349621492,1.9677419354838706,0.07575370620473046,0.2727272727273093,0.5931045877259292,-0.865114447797928,-1.357501077677588,8.099657786978026,5.220309683014046,2.9008800309732363,0.37999999999999545,0.18000000000000682,1.2333333333333019,0.9000000000002653,0.5806451612906302,1.9545454545454957,1.0000000000005984,1.0000000000001672,1.0,1.0,1.0,0.9999999999999645,0.30303030303036915,-5.190633574262148,42.48257514048867,0.01879608893766731,0.010354016354578595,0.18,0.42,0.6767676767676706,0.07,0.29,0.4,0.4,0.52,0.81,0.11000000000000001,0.13,0.06832663570821028,-0.949042173823654,0.12006423661548664,-0.5914448311128014,-0.5914448311128014,0.9240835729062586,-0.22331339311005502,-0.2755357798478464,1.0285776998771898,1.0285776998771898,-0.43739142064000924,-2.5462849491500146,-0.5006265788277328,-0.5006265788277328,-3.774084448866129e-05,0.006572763615031174,0.10101010101010302,0.10101010101010302,0.29,0.08
P,3,120,7,Reflectance GREEN,0.3300000000000125,-1.6638774791835083,2.4814814814814814,0.08188381906044039,0.2999999999999545,0.40281683199875185,-0.54892132981808,-1.2918352024978628,6.639036219245665,4.893203438477192,1.7530039273114069,0.4100000000000108,0.19191919191913046,1.2424242424242384,0.9062500000000833,0.5757575757575967,1.1666666666667456,1.0500000000000995,1.055555555555503,1.000000000000379,1.090909090908997,1.0000000000002842,1.0,0.3300000000000125,3.954998382302971,20.210185666405607,0.04134693096222843,0.02445311636045165,0.1919191919191922,0.45,0.7171717171717106,0.08,0.32,0.42424242424242337,0.42424242424242337,0.55,0.81,0.12000000000000001,0.1313131313131301,0.041153169332717995,-0.9197642059814553,0.050843275517467104,-0.6320101060570744,-0.6320101060570744,0.8876158563690524,-0.20090326972040323,0.32439885638188337,1.0283453401831002,1.0283453401831002,-0.3959364873761592,-2.5513799992417567,0.24830033672936297,0.24830033672936297,-0.0002476327450650521,-0.23814369484298534,0.10999999999999999,0.10999999999999999,0.3,0.08080808080808007
P,3,120,7,Reflectance IR,0.33000000000000096,-1.6663916613167995,2.481481481481398,0.08171569284208463,0.29702970297031095,0.39222924970860057,-0.34370747259333634,-1.28515486536434,7.112852184067223,5.140640594573322,1.9659792531574305,0.41000000000000014,0.19000000000005457,1.2424242424242384,0.9062499999999944,0.5757575757575967,1.1666666666666696,1.0500000000000995,1.055555555555503,1.000000000000379,1.090909090908997,1.0000000000002842,1.0,0.33000000000000096,0.9983721193368592,2.3752437878332695,0.3529080468046999,0.20766471025328756,0.1919191919191922,0.45,0.71,0.08,0.32,0.4242424242424203,0.4242424242424203,0.55,0.81,0.12000000000000001,0.1313131313131301,0.025790359877462338,-0.9199063458494368,0.04969963339558082,-0.6340544739901963,-0.6340544739901963,0.886184929331272,-0.19617631778855937,0.6104058824436462,1.0274096889682034,1.0274096889682034,-0.3932905458904254,-2.551394597907408,0.07570136634034438,0.07570136634034438,0.0007535714708823625,-0.24320966304281078,0.10999999999999999,0.10999999999999999,0.3,0.08080808080808007
P,3,120,7,Reflectance RED,0.3300000000000125,-1.6596267852343878,2.4814814814814814,0.08348646871544016,0.29999999999999716,0.3735691238597083,-0.37452620726675234,-1.2702925237346616,6.7078962155036725,4.931145264990471,1.7581799021899105,0.410000000000025,0.19191919191918785,1.2424242424242493,0.909090909090819,0.5757575757575967,1.2083333333331359,1.0500000000000995,1.055555555555503,1.000000000000379,1.090909090908997,1.0000000000001066,1.0,0.3300000000000125,1.199472247629977,3.0775007705407393,0.2716785763509707,0.16030357031150147,0.19191919191919016,0.45,0.7171717171717106,0.08,0.32,0.4242424242424203,0.4242424242424203,0.55,0.8181818181818107,0.12000000000000001,0.1313131313131301,0.028098940527209654,-0.9163575572592058,0.047442650770165296,-0.6350228703602347,-0.6350228703602347,0.8789139032164484,-0.1974308504678986,0.5705174619144513,1.019509837843541,1.019509837843541,-0.38370137985335473,-2.5389734602801637,0.09160896245983499,0.09160896245983499,0.0008326172923619414,-0.2653738979287984,0.10999999999999999,0.10999999999999999,0.3,0.08080808080808007
P,3,120,7,Transmittance IR,0.3300000000000125,-1.6540870322112684,2.4814814814814814,0.0823580685225362,0.29999999999999716,0.3743551107302404,-0.8842721022119355,-1.2882483492249794,5.058242050614664,4.029316580043849,1.019740102959163,0.410000000000025,0.19191919191918785,1.24242424242426,0.909090909090823,0.5757575757575967,1.1666666666667653,1.0500000000000995,1.055555555555503,1.000000000000379,1.0909090909079635,1.0000000000000044,1.0,0.3300000000000125,-4.495137536605334,4.297768597929712,0.1938881387162007,0.11489885968913102,0.19191919191919016,0.45,0.72,0.08,0.32,0.43,0.43,0.5555555555555549,0.8181818181818107,0.12000000000000001,0.14,0.06604350392237435,-0.9189507771225476,0.05377691435952327,-0.6299179264088786,-0.6299179264088786,0.8821822518358655,-0.21228441057165331,-0.2703847427836248,1.027992486915891,1.027992486915891,-0.4011295472393782,-2.535764368608769,-0.5629204820605154,-0.5629204820605154,-0.00033684177442796885,-0.25852846640086413,0.10999999999999999,0.10999999999999999,0.3,0.08
P,3,120,7,Transmittance RED,0.33333333333329507,-1.6460873231223938,2.5185185185185186,0.08391914738944321,0.29999999999999716,0.4619378750786488,-0.8923033081202456,-1.2806647048711095,8.889709818191466,6.101136696320973,2.774319223320361,0.4141414141414188,0.19191919191926732,1.242424242424292,0.9090909090906586,0.5882352941176077,1.25,1.0500000000002416,1.055555555555503,1.000000000000379,1.000000000000237,1.0000000000000355,1.0,0.33333333333329507,-4.318904209833846,47.914502440485386,0.017253863506225257,0.010354979223891503,0.19191919191919155,0.45454545454545037,0.72,0.08,0.32,0.43,0.43,0.56,0.8181818181818225,0.12,0.13861386138613987,0.06664880567386466,-0.9179296602206642,0.0565136606502881,-0.6269722648428262,-0.6269722648428262,0.8820456344085742,-0.22226806500521223,-0.29094083682863425,1.0192190114569581,1.0192190114569581,-0.3948355922685578,-2.525710653307952,-0.5433471308438955,-0.5433471308438955,-2.9669281664460954e-05,-0.16053960520332006,0.10999999999999999,0.10999999999999999,0.30303030303030243,0.08
